<?xml version="1.0" encoding="UTF-8"?>
<gpx creator="https://gpx.studio" version="1.1" xmlns="http://www.topografix.com/GPX/1/1" xmlns:xsi="http://www.w3.org/2001/XMLSchema-instance" xsi:schemaLocation="http://www.topografix.com/GPX/1/1 http://www.topografix.com/GPX/1/1/gpx.xsd http://www.garmin.com/xmlschemas/GpxExtensions/v3 http://www.garmin.com/xmlschemas/GpxExtensionsv3.xsd http://www.garmin.com/xmlschemas/TrackPointExtension/v1 http://www.garmin.com/xmlschemas/TrackPointExtensionv1.xsd http://www.garmin.com/xmlschemas/PowerExtension/v1 http://www.garmin.com/xmlschemas/PowerExtensionv1.xsd http://www.topografix.com/GPX/gpx_style/0/2 http://www.topografix.com/GPX/gpx_style/0/2/gpx_style.xsd" xmlns:gpxtpx="http://www.garmin.com/xmlschemas/TrackPointExtension/v1" xmlns:gpxx="http://www.garmin.com/xmlschemas/GpxExtensions/v3" xmlns:gpxpx="http://www.garmin.com/xmlschemas/PowerExtension/v1" xmlns:gpx_style="http://www.topografix.com/GPX/gpx_style/0/2">
  <metadata>
    <name>Nuevo archivo 6</name>
    <author>
      <name>gpx.studio</name>
      <link href="https://gpx.studio"/>
    </author>
  </metadata>
  <trk>
    <name>Nuevo archivo 6</name>
    <trkseg>
      <trkpt lat="41.285387" lon="0.753914">
        <ele>398.51</ele>
      </trkpt>
      <trkpt lat="41.285585" lon="0.753884">
        <ele>394.2</ele>
      </trkpt>
      <trkpt lat="41.28569" lon="0.753909">
        <ele>390.44</ele>
      </trkpt>
      <trkpt lat="41.285767" lon="0.753885">
        <ele>390.05</ele>
      </trkpt>
      <trkpt lat="41.285858" lon="0.75388">
        <ele>389.48</ele>
      </trkpt>
      <trkpt lat="41.286158" lon="0.753948">
        <ele>384.58</ele>
      </trkpt>
      <trkpt lat="41.286357" lon="0.754015">
        <ele>381.3</ele>
      </trkpt>
      <trkpt lat="41.286677" lon="0.754085">
        <ele>378.44</ele>
      </trkpt>
      <trkpt lat="41.286758" lon="0.754084">
        <ele>378.5</ele>
      </trkpt>
      <trkpt lat="41.286876" lon="0.754042">
        <ele>379.39</ele>
      </trkpt>
      <trkpt lat="41.286933" lon="0.754032">
        <ele>379.14</ele>
      </trkpt>
      <trkpt lat="41.287019" lon="0.754037">
        <ele>378.18</ele>
      </trkpt>
      <trkpt lat="41.287479" lon="0.754131">
        <ele>377.02</ele>
      </trkpt>
      <trkpt lat="41.287517" lon="0.754161">
        <ele>376.04</ele>
      </trkpt>
      <trkpt lat="41.287542" lon="0.754203">
        <ele>373.99</ele>
      </trkpt>
      <trkpt lat="41.287563" lon="0.754296">
        <ele>372.44</ele>
      </trkpt>
      <trkpt lat="41.287477" lon="0.754252">
        <ele>371.94</ele>
      </trkpt>
      <trkpt lat="41.287563" lon="0.754296">
        <ele>372.44</ele>
      </trkpt>
      <trkpt lat="41.28798" lon="0.754646">
        <ele>374.1</ele>
      </trkpt>
      <trkpt lat="41.288127" lon="0.754789">
        <ele>374.54</ele>
      </trkpt>
      <trkpt lat="41.288187" lon="0.754865">
        <ele>374.44</ele>
      </trkpt>
      <trkpt lat="41.288409" lon="0.755307">
        <ele>373.74</ele>
      </trkpt>
      <trkpt lat="41.288484" lon="0.755483">
        <ele>372.4</ele>
      </trkpt>
      <trkpt lat="41.288596" lon="0.755852">
        <ele>370.81</ele>
      </trkpt>
      <trkpt lat="41.289054" lon="0.757364">
        <ele>374.93</ele>
      </trkpt>
      <trkpt lat="41.289529" lon="0.758422">
        <ele>378.2</ele>
      </trkpt>
      <trkpt lat="41.289608" lon="0.758686">
        <ele>379.05</ele>
      </trkpt>
      <trkpt lat="41.289625" lon="0.75887">
        <ele>379.87</ele>
      </trkpt>
      <trkpt lat="41.289619" lon="0.758968">
        <ele>380.26</ele>
      </trkpt>
      <trkpt lat="41.289588" lon="0.75908">
        <ele>380.48</ele>
      </trkpt>
      <trkpt lat="41.289511" lon="0.759202">
        <ele>381.24</ele>
      </trkpt>
      <trkpt lat="41.289423" lon="0.759314">
        <ele>382.5</ele>
      </trkpt>
      <trkpt lat="41.289268" lon="0.759399">
        <ele>378.86</ele>
      </trkpt>
      <trkpt lat="41.289217" lon="0.759501">
        <ele>378.72</ele>
      </trkpt>
      <trkpt lat="41.289197" lon="0.759541">
        <ele>378.66</ele>
      </trkpt>
      <trkpt lat="41.289165" lon="0.759767">
        <ele>377.17</ele>
      </trkpt>
      <trkpt lat="41.289128" lon="0.759871">
        <ele>376.45</ele>
      </trkpt>
      <trkpt lat="41.289083" lon="0.759939">
        <ele>375.31</ele>
      </trkpt>
      <trkpt lat="41.288942" lon="0.760195">
        <ele>373.72</ele>
      </trkpt>
      <trkpt lat="41.288879" lon="0.760379">
        <ele>373.53</ele>
      </trkpt>
      <trkpt lat="41.288757" lon="0.760874">
        <ele>373.79</ele>
      </trkpt>
      <trkpt lat="41.288738" lon="0.760976">
        <ele>373.27</ele>
      </trkpt>
      <trkpt lat="41.288774" lon="0.761145">
        <ele>373.71</ele>
      </trkpt>
      <trkpt lat="41.288836" lon="0.761273">
        <ele>373.09</ele>
      </trkpt>
      <trkpt lat="41.288952" lon="0.761348">
        <ele>374.94</ele>
      </trkpt>
      <trkpt lat="41.289173" lon="0.761527">
        <ele>376.08</ele>
      </trkpt>
      <trkpt lat="41.289446" lon="0.761798">
        <ele>377.37</ele>
      </trkpt>
      <trkpt lat="41.289663" lon="0.761966">
        <ele>378.77</ele>
      </trkpt>
      <trkpt lat="41.289925" lon="0.762103">
        <ele>382.27</ele>
      </trkpt>
      <trkpt lat="41.290193" lon="0.762315">
        <ele>387.72</ele>
      </trkpt>
      <trkpt lat="41.290445" lon="0.762672">
        <ele>388.8</ele>
      </trkpt>
      <trkpt lat="41.290501" lon="0.762776">
        <ele>389.69</ele>
      </trkpt>
      <trkpt lat="41.290551" lon="0.762948">
        <ele>386</ele>
      </trkpt>
      <trkpt lat="41.290586" lon="0.763066">
        <ele>386.42</ele>
      </trkpt>
      <trkpt lat="41.290663" lon="0.763277">
        <ele>389.19</ele>
      </trkpt>
      <trkpt lat="41.290735" lon="0.763472">
        <ele>391.75</ele>
      </trkpt>
      <trkpt lat="41.290825" lon="0.763613">
        <ele>393.77</ele>
      </trkpt>
      <trkpt lat="41.290872" lon="0.763751">
        <ele>394.69</ele>
      </trkpt>
      <trkpt lat="41.290995" lon="0.763943">
        <ele>395.48</ele>
      </trkpt>
      <trkpt lat="41.291067" lon="0.764021">
        <ele>395.24</ele>
      </trkpt>
      <trkpt lat="41.291178" lon="0.764182">
        <ele>393.05</ele>
      </trkpt>
      <trkpt lat="41.291319" lon="0.7644">
        <ele>393.1</ele>
      </trkpt>
      <trkpt lat="41.291487" lon="0.764733">
        <ele>394.04</ele>
      </trkpt>
      <trkpt lat="41.291536" lon="0.764922">
        <ele>392.15</ele>
      </trkpt>
      <trkpt lat="41.291576" lon="0.765076">
        <ele>390.61</ele>
      </trkpt>
      <trkpt lat="41.29162" lon="0.765144">
        <ele>390.49</ele>
      </trkpt>
      <trkpt lat="41.291745" lon="0.765206">
        <ele>391.12</ele>
      </trkpt>
      <trkpt lat="41.291993" lon="0.765256">
        <ele>394.19</ele>
      </trkpt>
      <trkpt lat="41.29214" lon="0.765306">
        <ele>394.88</ele>
      </trkpt>
      <trkpt lat="41.29224" lon="0.765357">
        <ele>393.34</ele>
      </trkpt>
      <trkpt lat="41.29245" lon="0.765517">
        <ele>389.65</ele>
      </trkpt>
      <trkpt lat="41.292485" lon="0.765563">
        <ele>387.13</ele>
      </trkpt>
      <trkpt lat="41.292543" lon="0.765641">
        <ele>386.19</ele>
      </trkpt>
      <trkpt lat="41.292677" lon="0.765934">
        <ele>381.29</ele>
      </trkpt>
      <trkpt lat="41.292758" lon="0.766072">
        <ele>380.05</ele>
      </trkpt>
      <trkpt lat="41.292856" lon="0.766149">
        <ele>379.98</ele>
      </trkpt>
      <trkpt lat="41.293251" lon="0.76634">
        <ele>381.53</ele>
      </trkpt>
      <trkpt lat="41.293844" lon="0.7667">
        <ele>382.1</ele>
      </trkpt>
      <trkpt lat="41.294163" lon="0.766927">
        <ele>382.27</ele>
      </trkpt>
      <trkpt lat="41.294387" lon="0.767086">
        <ele>382.39</ele>
      </trkpt>
      <trkpt lat="41.29535" lon="0.767891">
        <ele>383.43</ele>
      </trkpt>
      <trkpt lat="41.29565" lon="0.768196">
        <ele>383.61</ele>
      </trkpt>
      <trkpt lat="41.295945" lon="0.768495">
        <ele>383.79</ele>
      </trkpt>
      <trkpt lat="41.295984" lon="0.768556">
        <ele>383.67</ele>
      </trkpt>
      <trkpt lat="41.295868" lon="0.768593">
        <ele>383.09</ele>
      </trkpt>
      <trkpt lat="41.295854" lon="0.768713">
        <ele>384.83</ele>
      </trkpt>
      <trkpt lat="41.295953" lon="0.76874">
        <ele>384.6</ele>
      </trkpt>
      <trkpt lat="41.296007" lon="0.768797">
        <ele>384.66</ele>
      </trkpt>
      <trkpt lat="41.296107" lon="0.768846">
        <ele>384.4</ele>
      </trkpt>
      <trkpt lat="41.296286" lon="0.768934">
        <ele>383.93</ele>
      </trkpt>
      <trkpt lat="41.296567" lon="0.769129">
        <ele>384.35</ele>
      </trkpt>
      <trkpt lat="41.296972" lon="0.769298">
        <ele>384.88</ele>
      </trkpt>
      <trkpt lat="41.297217" lon="0.769439">
        <ele>384.72</ele>
      </trkpt>
      <trkpt lat="41.297343" lon="0.769549">
        <ele>385.39</ele>
      </trkpt>
      <trkpt lat="41.297442" lon="0.769685">
        <ele>385.74</ele>
      </trkpt>
      <trkpt lat="41.297565" lon="0.769854">
        <ele>386.19</ele>
      </trkpt>
      <trkpt lat="41.297632" lon="0.769979">
        <ele>386.79</ele>
      </trkpt>
      <trkpt lat="41.297855" lon="0.770625">
        <ele>390.72</ele>
      </trkpt>
      <trkpt lat="41.297891" lon="0.770793">
        <ele>391.07</ele>
      </trkpt>
      <trkpt lat="41.297959" lon="0.77145">
        <ele>393.98</ele>
      </trkpt>
      <trkpt lat="41.297976" lon="0.771755">
        <ele>393.62</ele>
      </trkpt>
      <trkpt lat="41.297962" lon="0.771943">
        <ele>394.03</ele>
      </trkpt>
      <trkpt lat="41.297933" lon="0.772084">
        <ele>393.25</ele>
      </trkpt>
      <trkpt lat="41.297868" lon="0.772214">
        <ele>392.24</ele>
      </trkpt>
      <trkpt lat="41.297596" lon="0.772447">
        <ele>391.75</ele>
      </trkpt>
      <trkpt lat="41.297574" lon="0.772466">
        <ele>391.71</ele>
      </trkpt>
      <trkpt lat="41.297221" lon="0.772655">
        <ele>391.53</ele>
      </trkpt>
      <trkpt lat="41.297011" lon="0.77268">
        <ele>392.36</ele>
      </trkpt>
      <trkpt lat="41.296878" lon="0.772733">
        <ele>392.67</ele>
      </trkpt>
      <trkpt lat="41.296694" lon="0.772845">
        <ele>392.75</ele>
      </trkpt>
      <trkpt lat="41.296503" lon="0.77302">
        <ele>391.68</ele>
      </trkpt>
      <trkpt lat="41.296334" lon="0.773129">
        <ele>391.42</ele>
      </trkpt>
      <trkpt lat="41.296227" lon="0.773231">
        <ele>392.13</ele>
      </trkpt>
      <trkpt lat="41.296157" lon="0.773376">
        <ele>392.96</ele>
      </trkpt>
      <trkpt lat="41.296132" lon="0.773532">
        <ele>391.38</ele>
      </trkpt>
      <trkpt lat="41.296133" lon="0.773652">
        <ele>390.01</ele>
      </trkpt>
      <trkpt lat="41.296144" lon="0.773842">
        <ele>390.39</ele>
      </trkpt>
      <trkpt lat="41.296133" lon="0.77396">
        <ele>390.3</ele>
      </trkpt>
      <trkpt lat="41.296266" lon="0.774563">
        <ele>391.99</ele>
      </trkpt>
      <trkpt lat="41.296302" lon="0.774657">
        <ele>391.72</ele>
      </trkpt>
      <trkpt lat="41.296349" lon="0.774719">
        <ele>391.73</ele>
      </trkpt>
      <trkpt lat="41.296404" lon="0.774725">
        <ele>392.12</ele>
      </trkpt>
      <trkpt lat="41.296443" lon="0.774729">
        <ele>392.39</ele>
      </trkpt>
      <trkpt lat="41.296521" lon="0.774699">
        <ele>393.17</ele>
      </trkpt>
      <trkpt lat="41.296604" lon="0.774712">
        <ele>393.74</ele>
      </trkpt>
      <trkpt lat="41.296942" lon="0.7751">
        <ele>396.56</ele>
      </trkpt>
      <trkpt lat="41.297026" lon="0.775136">
        <ele>399.07</ele>
      </trkpt>
      <trkpt lat="41.297121" lon="0.775148">
        <ele>404.59</ele>
      </trkpt>
      <trkpt lat="41.297176" lon="0.775155">
        <ele>407.77</ele>
      </trkpt>
      <trkpt lat="41.297229" lon="0.775299">
        <ele>406.77</ele>
      </trkpt>
      <trkpt lat="41.29746" lon="0.775792">
        <ele>408.95</ele>
      </trkpt>
      <trkpt lat="41.297487" lon="0.776264">
        <ele>406.29</ele>
      </trkpt>
      <trkpt lat="41.297578" lon="0.776592">
        <ele>409.93</ele>
      </trkpt>
      <trkpt lat="41.297637" lon="0.776847">
        <ele>410.34</ele>
      </trkpt>
      <trkpt lat="41.297628" lon="0.776939">
        <ele>409.41</ele>
      </trkpt>
      <trkpt lat="41.297645" lon="0.777143">
        <ele>411.35</ele>
      </trkpt>
      <trkpt lat="41.297539" lon="0.77791">
        <ele>414.79</ele>
      </trkpt>
      <trkpt lat="41.297438" lon="0.778229">
        <ele>417.61</ele>
      </trkpt>
      <trkpt lat="41.29733" lon="0.77857">
        <ele>418.34</ele>
      </trkpt>
      <trkpt lat="41.297336" lon="0.778748">
        <ele>420.29</ele>
      </trkpt>
      <trkpt lat="41.297428" lon="0.779131">
        <ele>424.88</ele>
      </trkpt>
      <trkpt lat="41.297404" lon="0.779224">
        <ele>422.37</ele>
      </trkpt>
      <trkpt lat="41.297204" lon="0.779195">
        <ele>420.8</ele>
      </trkpt>
      <trkpt lat="41.296977" lon="0.779225">
        <ele>421.21</ele>
      </trkpt>
      <trkpt lat="41.29681" lon="0.779567">
        <ele>424.69</ele>
      </trkpt>
      <trkpt lat="41.29657" lon="0.780021">
        <ele>429.43</ele>
      </trkpt>
      <trkpt lat="41.296337" lon="0.780454">
        <ele>430.56</ele>
      </trkpt>
      <trkpt lat="41.295981" lon="0.780708">
        <ele>428.8</ele>
      </trkpt>
      <trkpt lat="41.295598" lon="0.780994">
        <ele>429.13</ele>
      </trkpt>
      <trkpt lat="41.295373" lon="0.781355">
        <ele>430.01</ele>
      </trkpt>
      <trkpt lat="41.295326" lon="0.781431">
        <ele>429.77</ele>
      </trkpt>
      <trkpt lat="41.295202" lon="0.781651">
        <ele>427.52</ele>
      </trkpt>
      <trkpt lat="41.29512" lon="0.781943">
        <ele>426.39</ele>
      </trkpt>
      <trkpt lat="41.295026" lon="0.782165">
        <ele>423.42</ele>
      </trkpt>
      <trkpt lat="41.295002" lon="0.782222">
        <ele>422.3</ele>
      </trkpt>
      <trkpt lat="41.294959" lon="0.782523">
        <ele>420.94</ele>
      </trkpt>
      <trkpt lat="41.294948" lon="0.782599">
        <ele>420.6</ele>
      </trkpt>
      <trkpt lat="41.294961" lon="0.78301">
        <ele>417.02</ele>
      </trkpt>
      <trkpt lat="41.294986" lon="0.78317">
        <ele>415.17</ele>
      </trkpt>
      <trkpt lat="41.295108" lon="0.78325">
        <ele>414.81</ele>
      </trkpt>
      <trkpt lat="41.295315" lon="0.783303">
        <ele>412.41</ele>
      </trkpt>
      <trkpt lat="41.295559" lon="0.783275">
        <ele>410.31</ele>
      </trkpt>
      <trkpt lat="41.295607" lon="0.78327">
        <ele>409.89</ele>
      </trkpt>
      <trkpt lat="41.295705" lon="0.783319">
        <ele>407.27</ele>
      </trkpt>
      <trkpt lat="41.295728" lon="0.783475">
        <ele>404.55</ele>
      </trkpt>
      <trkpt lat="41.29573" lon="0.783662">
        <ele>402.56</ele>
      </trkpt>
      <trkpt lat="41.295766" lon="0.783812">
        <ele>401.58</ele>
      </trkpt>
      <trkpt lat="41.295839" lon="0.783879">
        <ele>402.53</ele>
      </trkpt>
      <trkpt lat="41.295997" lon="0.783923">
        <ele>404.91</ele>
      </trkpt>
      <trkpt lat="41.2962" lon="0.783909">
        <ele>409.42</ele>
      </trkpt>
      <trkpt lat="41.296517" lon="0.783962">
        <ele>415.19</ele>
      </trkpt>
      <trkpt lat="41.296658" lon="0.784073">
        <ele>417.65</ele>
      </trkpt>
      <trkpt lat="41.296736" lon="0.784135">
        <ele>419</ele>
      </trkpt>
      <trkpt lat="41.296884" lon="0.784369">
        <ele>425.94</ele>
      </trkpt>
      <trkpt lat="41.296768" lon="0.784345">
        <ele>427.78</ele>
      </trkpt>
      <trkpt lat="41.29674" lon="0.78442">
        <ele>430.94</ele>
      </trkpt>
      <trkpt lat="41.296853" lon="0.784617">
        <ele>433.61</ele>
      </trkpt>
      <trkpt lat="41.296879" lon="0.784745">
        <ele>435.68</ele>
      </trkpt>
      <trkpt lat="41.296886" lon="0.784779">
        <ele>436.22</ele>
      </trkpt>
      <trkpt lat="41.296785" lon="0.784993">
        <ele>443.85</ele>
      </trkpt>
      <trkpt lat="41.296794" lon="0.785226">
        <ele>446.69</ele>
      </trkpt>
      <trkpt lat="41.296855" lon="0.785423">
        <ele>443.1</ele>
      </trkpt>
      <trkpt lat="41.296868" lon="0.785464">
        <ele>442.35</ele>
      </trkpt>
      <trkpt lat="41.296921" lon="0.785841">
        <ele>437.7</ele>
      </trkpt>
      <trkpt lat="41.296713" lon="0.786084">
        <ele>446.96</ele>
      </trkpt>
      <trkpt lat="41.296612" lon="0.786377">
        <ele>446.88</ele>
      </trkpt>
      <trkpt lat="41.29644" lon="0.786755">
        <ele>450.58</ele>
      </trkpt>
      <trkpt lat="41.296402" lon="0.786913">
        <ele>450.12</ele>
      </trkpt>
      <trkpt lat="41.296418" lon="0.787008">
        <ele>449.26</ele>
      </trkpt>
      <trkpt lat="41.296451" lon="0.787211">
        <ele>447.44</ele>
      </trkpt>
      <trkpt lat="41.296423" lon="0.787324">
        <ele>448.37</ele>
      </trkpt>
      <trkpt lat="41.296362" lon="0.787398">
        <ele>451.46</ele>
      </trkpt>
      <trkpt lat="41.296321" lon="0.787579">
        <ele>451.7</ele>
      </trkpt>
      <trkpt lat="41.296294" lon="0.787756">
        <ele>452.65</ele>
      </trkpt>
      <trkpt lat="41.296295" lon="0.787841">
        <ele>451.91</ele>
      </trkpt>
      <trkpt lat="41.296247" lon="0.787905">
        <ele>453.24</ele>
      </trkpt>
      <trkpt lat="41.296193" lon="0.787955">
        <ele>454.7</ele>
      </trkpt>
      <trkpt lat="41.295997" lon="0.788068">
        <ele>459.53</ele>
      </trkpt>
      <trkpt lat="41.29593" lon="0.788298">
        <ele>456.17</ele>
      </trkpt>
      <trkpt lat="41.295883" lon="0.788496">
        <ele>453.01</ele>
      </trkpt>
      <trkpt lat="41.295869" lon="0.788559">
        <ele>452.02</ele>
      </trkpt>
      <trkpt lat="41.295734" lon="0.788863">
        <ele>450.87</ele>
      </trkpt>
      <trkpt lat="41.295716" lon="0.789038">
        <ele>445.34</ele>
      </trkpt>
      <trkpt lat="41.295628" lon="0.789158">
        <ele>449.43</ele>
      </trkpt>
      <trkpt lat="41.2956" lon="0.789207">
        <ele>449.91</ele>
      </trkpt>
      <trkpt lat="41.29561" lon="0.789254">
        <ele>446.85</ele>
      </trkpt>
      <trkpt lat="41.295634" lon="0.789304">
        <ele>442.55</ele>
      </trkpt>
      <trkpt lat="41.295797" lon="0.789476">
        <ele>431.39</ele>
      </trkpt>
      <trkpt lat="41.295887" lon="0.789546">
        <ele>433.48</ele>
      </trkpt>
      <trkpt lat="41.295955" lon="0.78954">
        <ele>434.75</ele>
      </trkpt>
      <trkpt lat="41.296066" lon="0.789501">
        <ele>435.07</ele>
      </trkpt>
      <trkpt lat="41.296174" lon="0.789512">
        <ele>438.55</ele>
      </trkpt>
      <trkpt lat="41.296226" lon="0.789494">
        <ele>439.32</ele>
      </trkpt>
      <trkpt lat="41.296307" lon="0.78937">
        <ele>436.54</ele>
      </trkpt>
      <trkpt lat="41.296383" lon="0.789268">
        <ele>434.38</ele>
      </trkpt>
      <trkpt lat="41.296456" lon="0.789202">
        <ele>434.08</ele>
      </trkpt>
      <trkpt lat="41.29652" lon="0.789221">
        <ele>436.42</ele>
      </trkpt>
      <trkpt lat="41.296561" lon="0.789272">
        <ele>439.74</ele>
      </trkpt>
      <trkpt lat="41.296533" lon="0.789404">
        <ele>445.86</ele>
      </trkpt>
      <trkpt lat="41.296558" lon="0.789444">
        <ele>448.53</ele>
      </trkpt>
      <trkpt lat="41.296621" lon="0.789479">
        <ele>451.75</ele>
      </trkpt>
      <trkpt lat="41.296751" lon="0.789509">
        <ele>455.33</ele>
      </trkpt>
      <trkpt lat="41.296886" lon="0.789496">
        <ele>456.57</ele>
      </trkpt>
      <trkpt lat="41.296955" lon="0.789512">
        <ele>457.64</ele>
      </trkpt>
      <trkpt lat="41.297003" lon="0.789568">
        <ele>459.94</ele>
      </trkpt>
      <trkpt lat="41.297053" lon="0.789693">
        <ele>462.64</ele>
      </trkpt>
      <trkpt lat="41.297075" lon="0.789748">
        <ele>463.83</ele>
      </trkpt>
      <trkpt lat="41.297135" lon="0.789771">
        <ele>462.68</ele>
      </trkpt>
      <trkpt lat="41.297174" lon="0.789757">
        <ele>462.79</ele>
      </trkpt>
      <trkpt lat="41.297348" lon="0.789543">
        <ele>464.68</ele>
      </trkpt>
      <trkpt lat="41.297491" lon="0.789483">
        <ele>467.86</ele>
      </trkpt>
      <trkpt lat="41.297569" lon="0.789542">
        <ele>469.28</ele>
      </trkpt>
      <trkpt lat="41.297577" lon="0.789617">
        <ele>471.74</ele>
      </trkpt>
      <trkpt lat="41.297536" lon="0.789758">
        <ele>475.02</ele>
      </trkpt>
      <trkpt lat="41.297544" lon="0.789817">
        <ele>476.12</ele>
      </trkpt>
      <trkpt lat="41.297552" lon="0.789883">
        <ele>477.36</ele>
      </trkpt>
      <trkpt lat="41.297595" lon="0.789937">
        <ele>478.64</ele>
      </trkpt>
      <trkpt lat="41.297732" lon="0.790024">
        <ele>481.17</ele>
      </trkpt>
      <trkpt lat="41.298169" lon="0.790235">
        <ele>484.73</ele>
      </trkpt>
      <trkpt lat="41.298199" lon="0.790277">
        <ele>485.01</ele>
      </trkpt>
      <trkpt lat="41.298318" lon="0.790445">
        <ele>486.09</ele>
      </trkpt>
      <trkpt lat="41.298466" lon="0.790655">
        <ele>484.58</ele>
      </trkpt>
      <trkpt lat="41.298659" lon="0.790849">
        <ele>481.67</ele>
      </trkpt>
      <trkpt lat="41.298903" lon="0.791046">
        <ele>479.27</ele>
      </trkpt>
      <trkpt lat="41.298966" lon="0.791138">
        <ele>477.4</ele>
      </trkpt>
      <trkpt lat="41.299036" lon="0.791329">
        <ele>473.63</ele>
      </trkpt>
      <trkpt lat="41.299087" lon="0.791424">
        <ele>471.41</ele>
      </trkpt>
      <trkpt lat="41.299306" lon="0.791683">
        <ele>462.04</ele>
      </trkpt>
      <trkpt lat="41.299389" lon="0.791728">
        <ele>459.79</ele>
      </trkpt>
      <trkpt lat="41.299724" lon="0.791768">
        <ele>449.85</ele>
      </trkpt>
      <trkpt lat="41.299832" lon="0.791815">
        <ele>447.58</ele>
      </trkpt>
      <trkpt lat="41.29989" lon="0.791869">
        <ele>446.58</ele>
      </trkpt>
      <trkpt lat="41.299955" lon="0.791965">
        <ele>445.87</ele>
      </trkpt>
      <trkpt lat="41.300023" lon="0.792117">
        <ele>445.45</ele>
      </trkpt>
      <trkpt lat="41.300049" lon="0.792215">
        <ele>445.84</ele>
      </trkpt>
      <trkpt lat="41.30011" lon="0.792602">
        <ele>450.51</ele>
      </trkpt>
      <trkpt lat="41.300186" lon="0.793079">
        <ele>448</ele>
      </trkpt>
      <trkpt lat="41.300267" lon="0.793251">
        <ele>446.82</ele>
      </trkpt>
      <trkpt lat="41.300331" lon="0.793298">
        <ele>445.77</ele>
      </trkpt>
      <trkpt lat="41.300385" lon="0.793289">
        <ele>445.64</ele>
      </trkpt>
      <trkpt lat="41.300419" lon="0.79326">
        <ele>446.47</ele>
      </trkpt>
      <trkpt lat="41.300473" lon="0.793169">
        <ele>447.05</ele>
      </trkpt>
      <trkpt lat="41.30051" lon="0.793039">
        <ele>447.22</ele>
      </trkpt>
      <trkpt lat="41.300537" lon="0.792495">
        <ele>444.8</ele>
      </trkpt>
      <trkpt lat="41.300524" lon="0.792145">
        <ele>440.74</ele>
      </trkpt>
      <trkpt lat="41.300547" lon="0.792048">
        <ele>440.77</ele>
      </trkpt>
      <trkpt lat="41.300591" lon="0.791978">
        <ele>440.94</ele>
      </trkpt>
      <trkpt lat="41.300669" lon="0.79193">
        <ele>441.11</ele>
      </trkpt>
      <trkpt lat="41.300737" lon="0.791926">
        <ele>441.67</ele>
      </trkpt>
      <trkpt lat="41.300976" lon="0.791969">
        <ele>442.68</ele>
      </trkpt>
      <trkpt lat="41.301227" lon="0.79198">
        <ele>443.69</ele>
      </trkpt>
      <trkpt lat="41.301407" lon="0.792075">
        <ele>445.49</ele>
      </trkpt>
      <trkpt lat="41.301557" lon="0.792253">
        <ele>448.09</ele>
      </trkpt>
      <trkpt lat="41.301613" lon="0.792289">
        <ele>448.64</ele>
      </trkpt>
      <trkpt lat="41.301681" lon="0.792246">
        <ele>447.71</ele>
      </trkpt>
      <trkpt lat="41.301693" lon="0.792238">
        <ele>447.55</ele>
      </trkpt>
      <trkpt lat="41.301774" lon="0.792113">
        <ele>448.82</ele>
      </trkpt>
      <trkpt lat="41.301816" lon="0.791964">
        <ele>449.63</ele>
      </trkpt>
      <trkpt lat="41.301883" lon="0.791844">
        <ele>453.86</ele>
      </trkpt>
      <trkpt lat="41.302003" lon="0.791704">
        <ele>457.38</ele>
      </trkpt>
      <trkpt lat="41.30206" lon="0.79167">
        <ele>458.57</ele>
      </trkpt>
      <trkpt lat="41.302253" lon="0.791624">
        <ele>462.23</ele>
      </trkpt>
      <trkpt lat="41.302343" lon="0.791557">
        <ele>460.26</ele>
      </trkpt>
      <trkpt lat="41.302414" lon="0.791426">
        <ele>456.28</ele>
      </trkpt>
      <trkpt lat="41.302463" lon="0.791204">
        <ele>455.1</ele>
      </trkpt>
      <trkpt lat="41.302493" lon="0.791135">
        <ele>455.21</ele>
      </trkpt>
      <trkpt lat="41.302683" lon="0.790926">
        <ele>446.34</ele>
      </trkpt>
      <trkpt lat="41.3027" lon="0.790882">
        <ele>445.98</ele>
      </trkpt>
      <trkpt lat="41.302876" lon="0.790423">
        <ele>442.23</ele>
      </trkpt>
      <trkpt lat="41.303001" lon="0.790153">
        <ele>440.12</ele>
      </trkpt>
      <trkpt lat="41.303042" lon="0.790037">
        <ele>440.32</ele>
      </trkpt>
      <trkpt lat="41.303045" lon="0.789723">
        <ele>437.63</ele>
      </trkpt>
      <trkpt lat="41.303071" lon="0.789601">
        <ele>437.74</ele>
      </trkpt>
      <trkpt lat="41.303171" lon="0.789362">
        <ele>439.46</ele>
      </trkpt>
      <trkpt lat="41.303297" lon="0.78912">
        <ele>441.19</ele>
      </trkpt>
      <trkpt lat="41.303388" lon="0.788886">
        <ele>440.96</ele>
      </trkpt>
      <trkpt lat="41.303545" lon="0.788486">
        <ele>440.57</ele>
      </trkpt>
      <trkpt lat="41.303596" lon="0.788296">
        <ele>438.73</ele>
      </trkpt>
      <trkpt lat="41.303646" lon="0.78819">
        <ele>437.62</ele>
      </trkpt>
      <trkpt lat="41.303703" lon="0.788139">
        <ele>437.76</ele>
      </trkpt>
      <trkpt lat="41.303772" lon="0.788118">
        <ele>438.1</ele>
      </trkpt>
      <trkpt lat="41.303878" lon="0.788117">
        <ele>438.94</ele>
      </trkpt>
      <trkpt lat="41.304052" lon="0.788166">
        <ele>440.47</ele>
      </trkpt>
      <trkpt lat="41.304182" lon="0.788244">
        <ele>441</ele>
      </trkpt>
      <trkpt lat="41.304278" lon="0.788318">
        <ele>441.35</ele>
      </trkpt>
      <trkpt lat="41.304468" lon="0.788464">
        <ele>442.05</ele>
      </trkpt>
      <trkpt lat="41.304661" lon="0.788559">
        <ele>441.35</ele>
      </trkpt>
      <trkpt lat="41.304774" lon="0.78865">
        <ele>441.52</ele>
      </trkpt>
      <trkpt lat="41.30481" lon="0.788745">
        <ele>442.58</ele>
      </trkpt>
      <trkpt lat="41.304804" lon="0.788937">
        <ele>445.56</ele>
      </trkpt>
      <trkpt lat="41.304873" lon="0.789335">
        <ele>450.87</ele>
      </trkpt>
      <trkpt lat="41.304902" lon="0.789597">
        <ele>455.55</ele>
      </trkpt>
      <trkpt lat="41.304882" lon="0.79009">
        <ele>463.19</ele>
      </trkpt>
      <trkpt lat="41.304803" lon="0.79044">
        <ele>471.85</ele>
      </trkpt>
      <trkpt lat="41.304759" lon="0.790556">
        <ele>474.76</ele>
      </trkpt>
      <trkpt lat="41.304605" lon="0.790831">
        <ele>480.46</ele>
      </trkpt>
      <trkpt lat="41.304469" lon="0.791">
        <ele>485.25</ele>
      </trkpt>
      <trkpt lat="41.304439" lon="0.791102">
        <ele>481.16</ele>
      </trkpt>
      <trkpt lat="41.304434" lon="0.791152">
        <ele>481.42</ele>
      </trkpt>
      <trkpt lat="41.304416" lon="0.791326">
        <ele>482.33</ele>
      </trkpt>
      <trkpt lat="41.304365" lon="0.79147">
        <ele>487.25</ele>
      </trkpt>
      <trkpt lat="41.304367" lon="0.791602">
        <ele>487.14</ele>
      </trkpt>
      <trkpt lat="41.3044" lon="0.791723">
        <ele>484.6</ele>
      </trkpt>
      <trkpt lat="41.304403" lon="0.79182">
        <ele>482.78</ele>
      </trkpt>
      <trkpt lat="41.304363" lon="0.791959">
        <ele>482.12</ele>
      </trkpt>
      <trkpt lat="41.304217" lon="0.792253">
        <ele>487.62</ele>
      </trkpt>
      <trkpt lat="41.304197" lon="0.792333">
        <ele>489.93</ele>
      </trkpt>
      <trkpt lat="41.304197" lon="0.792445">
        <ele>491.99</ele>
      </trkpt>
      <trkpt lat="41.30422" lon="0.792503">
        <ele>492.27</ele>
      </trkpt>
      <trkpt lat="41.304301" lon="0.792595">
        <ele>492</ele>
      </trkpt>
      <trkpt lat="41.304373" lon="0.792705">
        <ele>493.05</ele>
      </trkpt>
      <trkpt lat="41.304397" lon="0.792802">
        <ele>493.81</ele>
      </trkpt>
      <trkpt lat="41.304418" lon="0.792998">
        <ele>495.63</ele>
      </trkpt>
      <trkpt lat="41.304479" lon="0.793296">
        <ele>493.29</ele>
      </trkpt>
      <trkpt lat="41.304482" lon="0.793409">
        <ele>491.03</ele>
      </trkpt>
      <trkpt lat="41.304455" lon="0.79356">
        <ele>491.63</ele>
      </trkpt>
      <trkpt lat="41.304454" lon="0.793651">
        <ele>493.66</ele>
      </trkpt>
      <trkpt lat="41.304489" lon="0.793746">
        <ele>495.32</ele>
      </trkpt>
      <trkpt lat="41.304571" lon="0.793809">
        <ele>495.85</ele>
      </trkpt>
      <trkpt lat="41.304701" lon="0.793855">
        <ele>492.6</ele>
      </trkpt>
      <trkpt lat="41.304777" lon="0.79391">
        <ele>490.82</ele>
      </trkpt>
      <trkpt lat="41.30491" lon="0.794056">
        <ele>488.57</ele>
      </trkpt>
      <trkpt lat="41.304967" lon="0.794058">
        <ele>486.41</ele>
      </trkpt>
      <trkpt lat="41.305065" lon="0.793967">
        <ele>481.36</ele>
      </trkpt>
      <trkpt lat="41.305112" lon="0.793964">
        <ele>480.2</ele>
      </trkpt>
      <trkpt lat="41.305196" lon="0.794">
        <ele>478.49</ele>
      </trkpt>
      <trkpt lat="41.3053" lon="0.794091">
        <ele>476.44</ele>
      </trkpt>
      <trkpt lat="41.305339" lon="0.794168">
        <ele>474.76</ele>
      </trkpt>
      <trkpt lat="41.305358" lon="0.794257">
        <ele>473.1</ele>
      </trkpt>
      <trkpt lat="41.305363" lon="0.794351">
        <ele>471.32</ele>
      </trkpt>
      <trkpt lat="41.305338" lon="0.794599">
        <ele>466.58</ele>
      </trkpt>
      <trkpt lat="41.30531" lon="0.794682">
        <ele>465.03</ele>
      </trkpt>
      <trkpt lat="41.305246" lon="0.794735">
        <ele>465.61</ele>
      </trkpt>
      <trkpt lat="41.305162" lon="0.794805">
        <ele>466.38</ele>
      </trkpt>
      <trkpt lat="41.305121" lon="0.794901">
        <ele>469.47</ele>
      </trkpt>
      <trkpt lat="41.305084" lon="0.795056">
        <ele>471.43</ele>
      </trkpt>
      <trkpt lat="41.304926" lon="0.795209">
        <ele>474.97</ele>
      </trkpt>
      <trkpt lat="41.304884" lon="0.795276">
        <ele>475.38</ele>
      </trkpt>
      <trkpt lat="41.304879" lon="0.795348">
        <ele>475.8</ele>
      </trkpt>
      <trkpt lat="41.304919" lon="0.795544">
        <ele>478.6</ele>
      </trkpt>
      <trkpt lat="41.304885" lon="0.795796">
        <ele>482.55</ele>
      </trkpt>
      <trkpt lat="41.304877" lon="0.795856">
        <ele>483.48</ele>
      </trkpt>
      <trkpt lat="41.304906" lon="0.795948">
        <ele>484.03</ele>
      </trkpt>
      <trkpt lat="41.304954" lon="0.795985">
        <ele>484.09</ele>
      </trkpt>
      <trkpt lat="41.305027" lon="0.795978">
        <ele>483.54</ele>
      </trkpt>
      <trkpt lat="41.305344" lon="0.795794">
        <ele>485.36</ele>
      </trkpt>
      <trkpt lat="41.30562" lon="0.795513">
        <ele>479.56</ele>
      </trkpt>
      <trkpt lat="41.305742" lon="0.795418">
        <ele>481.41</ele>
      </trkpt>
      <trkpt lat="41.305822" lon="0.795356">
        <ele>482.62</ele>
      </trkpt>
      <trkpt lat="41.305958" lon="0.79519">
        <ele>480.63</ele>
      </trkpt>
      <trkpt lat="41.306133" lon="0.795045">
        <ele>477.56</ele>
      </trkpt>
      <trkpt lat="41.306591" lon="0.794858">
        <ele>466.08</ele>
      </trkpt>
      <trkpt lat="41.306746" lon="0.794839">
        <ele>463.06</ele>
      </trkpt>
      <trkpt lat="41.306898" lon="0.794749">
        <ele>457.28</ele>
      </trkpt>
      <trkpt lat="41.306985" lon="0.794726">
        <ele>454.95</ele>
      </trkpt>
      <trkpt lat="41.307015" lon="0.794701">
        <ele>453.64</ele>
      </trkpt>
      <trkpt lat="41.307087" lon="0.794734">
        <ele>452.26</ele>
      </trkpt>
      <trkpt lat="41.30717" lon="0.794747">
        <ele>448.51</ele>
      </trkpt>
      <trkpt lat="41.307221" lon="0.79474">
        <ele>446.07</ele>
      </trkpt>
      <trkpt lat="41.307315" lon="0.79477">
        <ele>443.03</ele>
      </trkpt>
      <trkpt lat="41.307386" lon="0.794793">
        <ele>444.76</ele>
      </trkpt>
      <trkpt lat="41.307397" lon="0.794752">
        <ele>443.87</ele>
      </trkpt>
      <trkpt lat="41.307418" lon="0.794736">
        <ele>444.01</ele>
      </trkpt>
      <trkpt lat="41.30745" lon="0.794782">
        <ele>446.75</ele>
      </trkpt>
      <trkpt lat="41.307534" lon="0.794858">
        <ele>449.89</ele>
      </trkpt>
      <trkpt lat="41.307716" lon="0.794885">
        <ele>449.09</ele>
      </trkpt>
      <trkpt lat="41.307857" lon="0.794883">
        <ele>445.84</ele>
      </trkpt>
      <trkpt lat="41.30796" lon="0.794911">
        <ele>445.22</ele>
      </trkpt>
      <trkpt lat="41.308189" lon="0.794918">
        <ele>440.64</ele>
      </trkpt>
      <trkpt lat="41.308407" lon="0.795025">
        <ele>438.86</ele>
      </trkpt>
      <trkpt lat="41.308536" lon="0.795102">
        <ele>438.31</ele>
      </trkpt>
      <trkpt lat="41.308637" lon="0.79521">
        <ele>438.81</ele>
      </trkpt>
      <trkpt lat="41.308713" lon="0.795307">
        <ele>439.81</ele>
      </trkpt>
      <trkpt lat="41.308751" lon="0.795356">
        <ele>440.31</ele>
      </trkpt>
      <trkpt lat="41.308993" lon="0.795524">
        <ele>438.83</ele>
      </trkpt>
      <trkpt lat="41.309231" lon="0.795709">
        <ele>439.23</ele>
      </trkpt>
      <trkpt lat="41.309306" lon="0.795794">
        <ele>439.02</ele>
      </trkpt>
      <trkpt lat="41.309399" lon="0.79592">
        <ele>439.62</ele>
      </trkpt>
      <trkpt lat="41.309484" lon="0.79601">
        <ele>439.91</ele>
      </trkpt>
      <trkpt lat="41.309546" lon="0.796065">
        <ele>440.28</ele>
      </trkpt>
      <trkpt lat="41.30965" lon="0.796129">
        <ele>440.33</ele>
      </trkpt>
      <trkpt lat="41.309731" lon="0.79621">
        <ele>440.41</ele>
      </trkpt>
      <trkpt lat="41.309885" lon="0.796401">
        <ele>440.64</ele>
      </trkpt>
      <trkpt lat="41.30997" lon="0.796486">
        <ele>440.71</ele>
      </trkpt>
      <trkpt lat="41.310168" lon="0.79655">
        <ele>440.75</ele>
      </trkpt>
      <trkpt lat="41.310301" lon="0.796628">
        <ele>440.61</ele>
      </trkpt>
      <trkpt lat="41.31042" lon="0.796725">
        <ele>440.56</ele>
      </trkpt>
      <trkpt lat="41.310517" lon="0.79686">
        <ele>442.39</ele>
      </trkpt>
      <trkpt lat="41.310608" lon="0.797014">
        <ele>444.91</ele>
      </trkpt>
      <trkpt lat="41.310712" lon="0.797212">
        <ele>449.61</ele>
      </trkpt>
      <trkpt lat="41.31081" lon="0.79733">
        <ele>450.71</ele>
      </trkpt>
      <trkpt lat="41.31086" lon="0.797453">
        <ele>446.99</ele>
      </trkpt>
      <trkpt lat="41.310949" lon="0.797631">
        <ele>449.44</ele>
      </trkpt>
      <trkpt lat="41.311003" lon="0.797713">
        <ele>449.55</ele>
      </trkpt>
      <trkpt lat="41.311168" lon="0.79796">
        <ele>449.91</ele>
      </trkpt>
      <trkpt lat="41.311334" lon="0.798155">
        <ele>448.33</ele>
      </trkpt>
      <trkpt lat="41.311479" lon="0.798302">
        <ele>445.06</ele>
      </trkpt>
      <trkpt lat="41.311587" lon="0.798449">
        <ele>445.33</ele>
      </trkpt>
      <trkpt lat="41.311729" lon="0.798509">
        <ele>442.56</ele>
      </trkpt>
      <trkpt lat="41.311822" lon="0.79859">
        <ele>442.24</ele>
      </trkpt>
      <trkpt lat="41.311864" lon="0.798739">
        <ele>440.89</ele>
      </trkpt>
      <trkpt lat="41.311864" lon="0.798802">
        <ele>439.88</ele>
      </trkpt>
      <trkpt lat="41.311863" lon="0.798884">
        <ele>438.58</ele>
      </trkpt>
      <trkpt lat="41.311759" lon="0.799043">
        <ele>438.26</ele>
      </trkpt>
      <trkpt lat="41.311672" lon="0.799213">
        <ele>437.04</ele>
      </trkpt>
      <trkpt lat="41.311518" lon="0.799433">
        <ele>436.81</ele>
      </trkpt>
      <trkpt lat="41.311402" lon="0.79966">
        <ele>435.51</ele>
      </trkpt>
      <trkpt lat="41.31129" lon="0.7998">
        <ele>435.52</ele>
      </trkpt>
      <trkpt lat="41.31115" lon="0.799911">
        <ele>436.27</ele>
      </trkpt>
      <trkpt lat="41.310918" lon="0.800045">
        <ele>437.18</ele>
      </trkpt>
      <trkpt lat="41.310629" lon="0.800173">
        <ele>439.92</ele>
      </trkpt>
      <trkpt lat="41.310373" lon="0.800272">
        <ele>444.91</ele>
      </trkpt>
      <trkpt lat="41.310223" lon="0.800534">
        <ele>443.6</ele>
      </trkpt>
      <trkpt lat="41.309963" lon="0.800697">
        <ele>447.18</ele>
      </trkpt>
      <trkpt lat="41.309871" lon="0.800799">
        <ele>448.08</ele>
      </trkpt>
      <trkpt lat="41.309746" lon="0.800837">
        <ele>451.69</ele>
      </trkpt>
      <trkpt lat="41.309671" lon="0.800913">
        <ele>452.9</ele>
      </trkpt>
      <trkpt lat="41.309584" lon="0.801053">
        <ele>452.12</ele>
      </trkpt>
      <trkpt lat="41.309459" lon="0.801182">
        <ele>452.88</ele>
      </trkpt>
      <trkpt lat="41.309339" lon="0.801302">
        <ele>455.56</ele>
      </trkpt>
      <trkpt lat="41.309299" lon="0.801354">
        <ele>455.7</ele>
      </trkpt>
      <trkpt lat="41.309122" lon="0.801512">
        <ele>458.14</ele>
      </trkpt>
      <trkpt lat="41.308993" lon="0.801588">
        <ele>461.29</ele>
      </trkpt>
      <trkpt lat="41.308918" lon="0.801611">
        <ele>463.19</ele>
      </trkpt>
      <trkpt lat="41.308752" lon="0.80169">
        <ele>462.52</ele>
      </trkpt>
      <trkpt lat="41.308552" lon="0.801743">
        <ele>460.53</ele>
      </trkpt>
      <trkpt lat="41.308511" lon="0.801754">
        <ele>460.13</ele>
      </trkpt>
      <trkpt lat="41.30843" lon="0.801845">
        <ele>461.26</ele>
      </trkpt>
      <trkpt lat="41.308397" lon="0.801964">
        <ele>464.9</ele>
      </trkpt>
      <trkpt lat="41.30841" lon="0.802066">
        <ele>464.88</ele>
      </trkpt>
      <trkpt lat="41.308489" lon="0.802232">
        <ele>459.76</ele>
      </trkpt>
      <trkpt lat="41.308454" lon="0.802331">
        <ele>459.15</ele>
      </trkpt>
      <trkpt lat="41.308366" lon="0.802433">
        <ele>458.8</ele>
      </trkpt>
      <trkpt lat="41.308235" lon="0.802547">
        <ele>461.02</ele>
      </trkpt>
      <trkpt lat="41.30818" lon="0.802556">
        <ele>462.97</ele>
      </trkpt>
      <trkpt lat="41.308099" lon="0.802614">
        <ele>465.11</ele>
      </trkpt>
      <trkpt lat="41.307946" lon="0.802815">
        <ele>467.72</ele>
      </trkpt>
      <trkpt lat="41.307806" lon="0.80318">
        <ele>466.66</ele>
      </trkpt>
      <trkpt lat="41.307671" lon="0.803702">
        <ele>462.37</ele>
      </trkpt>
      <trkpt lat="41.30758" lon="0.804066">
        <ele>457.77</ele>
      </trkpt>
      <trkpt lat="41.307555" lon="0.804165">
        <ele>456.52</ele>
      </trkpt>
      <trkpt lat="41.307437" lon="0.804498">
        <ele>453.15</ele>
      </trkpt>
      <trkpt lat="41.30738" lon="0.804594">
        <ele>451.61</ele>
      </trkpt>
      <trkpt lat="41.30722" lon="0.804777">
        <ele>448.84</ele>
      </trkpt>
      <trkpt lat="41.307053" lon="0.804864">
        <ele>448.63</ele>
      </trkpt>
      <trkpt lat="41.306961" lon="0.804864">
        <ele>449.34</ele>
      </trkpt>
      <trkpt lat="41.30669" lon="0.804916">
        <ele>450.91</ele>
      </trkpt>
      <trkpt lat="41.306466" lon="0.805001">
        <ele>450.27</ele>
      </trkpt>
      <trkpt lat="41.305918" lon="0.805088">
        <ele>450.42</ele>
      </trkpt>
      <trkpt lat="41.305549" lon="0.805156">
        <ele>449.33</ele>
      </trkpt>
      <trkpt lat="41.305233" lon="0.805294">
        <ele>448.94</ele>
      </trkpt>
      <trkpt lat="41.305111" lon="0.805285">
        <ele>449.29</ele>
      </trkpt>
      <trkpt lat="41.304979" lon="0.805317">
        <ele>448.94</ele>
      </trkpt>
      <trkpt lat="41.305028" lon="0.805372">
        <ele>448.04</ele>
      </trkpt>
      <trkpt lat="41.304979" lon="0.805317">
        <ele>448.94</ele>
      </trkpt>
      <trkpt lat="41.304874" lon="0.805253">
        <ele>448.8</ele>
      </trkpt>
      <trkpt lat="41.304796" lon="0.805225">
        <ele>448.74</ele>
      </trkpt>
      <trkpt lat="41.304768" lon="0.805179">
        <ele>450.01</ele>
      </trkpt>
      <trkpt lat="41.304671" lon="0.805159">
        <ele>450.6</ele>
      </trkpt>
      <trkpt lat="41.304598" lon="0.805174">
        <ele>449.92</ele>
      </trkpt>
      <trkpt lat="41.304342" lon="0.805182">
        <ele>451.28</ele>
      </trkpt>
      <trkpt lat="41.304271" lon="0.805246">
        <ele>450.55</ele>
      </trkpt>
      <trkpt lat="41.304154" lon="0.80538">
        <ele>449.94</ele>
      </trkpt>
      <trkpt lat="41.304038" lon="0.805438">
        <ele>451.54</ele>
      </trkpt>
      <trkpt lat="41.303865" lon="0.805559">
        <ele>454.82</ele>
      </trkpt>
      <trkpt lat="41.303852" lon="0.805628">
        <ele>455.7</ele>
      </trkpt>
      <trkpt lat="41.303807" lon="0.805841">
        <ele>454.46</ele>
      </trkpt>
      <trkpt lat="41.303678" lon="0.806034">
        <ele>456.12</ele>
      </trkpt>
      <trkpt lat="41.303605" lon="0.806366">
        <ele>454.01</ele>
      </trkpt>
      <trkpt lat="41.303531" lon="0.806486">
        <ele>456.14</ele>
      </trkpt>
      <trkpt lat="41.303524" lon="0.806541">
        <ele>455.4</ele>
      </trkpt>
      <trkpt lat="41.303509" lon="0.806666">
        <ele>453.74</ele>
      </trkpt>
      <trkpt lat="41.303544" lon="0.806704">
        <ele>451.7</ele>
      </trkpt>
      <trkpt lat="41.303488" lon="0.80688">
        <ele>451.7</ele>
      </trkpt>
      <trkpt lat="41.303461" lon="0.807073">
        <ele>450.97</ele>
      </trkpt>
      <trkpt lat="41.303417" lon="0.807262">
        <ele>452.2</ele>
      </trkpt>
      <trkpt lat="41.303402" lon="0.807489">
        <ele>452.65</ele>
      </trkpt>
      <trkpt lat="41.303342" lon="0.807761">
        <ele>454.3</ele>
      </trkpt>
      <trkpt lat="41.303368" lon="0.807878">
        <ele>453.09</ele>
      </trkpt>
      <trkpt lat="41.303367" lon="0.808038">
        <ele>451.86</ele>
      </trkpt>
      <trkpt lat="41.303367" lon="0.808089">
        <ele>451.47</ele>
      </trkpt>
      <trkpt lat="41.303269" lon="0.808432">
        <ele>451.77</ele>
      </trkpt>
      <trkpt lat="41.303274" lon="0.808637">
        <ele>451.36</ele>
      </trkpt>
      <trkpt lat="41.303292" lon="0.808666">
        <ele>451.14</ele>
      </trkpt>
      <trkpt lat="41.303472" lon="0.808816">
        <ele>451.44</ele>
      </trkpt>
      <trkpt lat="41.303509" lon="0.809035">
        <ele>454.16</ele>
      </trkpt>
      <trkpt lat="41.303408" lon="0.809265">
        <ele>453.26</ele>
      </trkpt>
      <trkpt lat="41.303356" lon="0.809482">
        <ele>452.89</ele>
      </trkpt>
      <trkpt lat="41.303351" lon="0.809605">
        <ele>453.13</ele>
      </trkpt>
      <trkpt lat="41.303342" lon="0.810019">
        <ele>454.36</ele>
      </trkpt>
      <trkpt lat="41.303307" lon="0.810242">
        <ele>454.59</ele>
      </trkpt>
      <trkpt lat="41.303315" lon="0.810376">
        <ele>454.76</ele>
      </trkpt>
      <trkpt lat="41.303389" lon="0.810529">
        <ele>456.83</ele>
      </trkpt>
      <trkpt lat="41.303375" lon="0.810727">
        <ele>456.81</ele>
      </trkpt>
      <trkpt lat="41.303274" lon="0.810902">
        <ele>454.32</ele>
      </trkpt>
      <trkpt lat="41.3032" lon="0.811223">
        <ele>454.48</ele>
      </trkpt>
      <trkpt lat="41.303093" lon="0.811556">
        <ele>456.64</ele>
      </trkpt>
      <trkpt lat="41.303047" lon="0.811797">
        <ele>460.03</ele>
      </trkpt>
      <trkpt lat="41.302912" lon="0.812052">
        <ele>462.65</ele>
      </trkpt>
      <trkpt lat="41.302688" lon="0.812323">
        <ele>463.44</ele>
      </trkpt>
      <trkpt lat="41.302525" lon="0.81254">
        <ele>462.47</ele>
      </trkpt>
      <trkpt lat="41.302464" lon="0.812836">
        <ele>462.62</ele>
      </trkpt>
      <trkpt lat="41.302422" lon="0.813042">
        <ele>462.73</ele>
      </trkpt>
      <trkpt lat="41.302442" lon="0.813404">
        <ele>459.72</ele>
      </trkpt>
      <trkpt lat="41.302577" lon="0.813884">
        <ele>463.1</ele>
      </trkpt>
      <trkpt lat="41.302783" lon="0.814582">
        <ele>461.28</ele>
      </trkpt>
      <trkpt lat="41.302892" lon="0.814933">
        <ele>461.66</ele>
      </trkpt>
      <trkpt lat="41.303111" lon="0.815641">
        <ele>462.44</ele>
      </trkpt>
      <trkpt lat="41.3032" lon="0.816035">
        <ele>460.06</ele>
      </trkpt>
      <trkpt lat="41.30356" lon="0.816612">
        <ele>460.11</ele>
      </trkpt>
      <trkpt lat="41.303623" lon="0.816694">
        <ele>460.31</ele>
      </trkpt>
      <trkpt lat="41.303758" lon="0.816869">
        <ele>460.73</ele>
      </trkpt>
      <trkpt lat="41.303774" lon="0.817213">
        <ele>459.31</ele>
      </trkpt>
      <trkpt lat="41.303836" lon="0.817456">
        <ele>461.46</ele>
      </trkpt>
      <trkpt lat="41.30388" lon="0.817594">
        <ele>463.2</ele>
      </trkpt>
      <trkpt lat="41.303871" lon="0.817633">
        <ele>464.04</ele>
      </trkpt>
      <trkpt lat="41.303795" lon="0.817625">
        <ele>463.72</ele>
      </trkpt>
      <trkpt lat="41.303695" lon="0.817548">
        <ele>461.82</ele>
      </trkpt>
      <trkpt lat="41.303734" lon="0.817718">
        <ele>465.56</ele>
      </trkpt>
      <trkpt lat="41.303788" lon="0.817731">
        <ele>467.22</ele>
      </trkpt>
      <trkpt lat="41.303795" lon="0.817811">
        <ele>471.38</ele>
      </trkpt>
      <trkpt lat="41.303834" lon="0.817844">
        <ele>475.1</ele>
      </trkpt>
      <trkpt lat="41.303887" lon="0.817839">
        <ele>475.76</ele>
      </trkpt>
      <trkpt lat="41.303912" lon="0.817854">
        <ele>476.75</ele>
      </trkpt>
      <trkpt lat="41.303921" lon="0.817903">
        <ele>478.67</ele>
      </trkpt>
      <trkpt lat="41.30395" lon="0.81794">
        <ele>480.13</ele>
      </trkpt>
      <trkpt lat="41.304064" lon="0.818007">
        <ele>480.97</ele>
      </trkpt>
      <trkpt lat="41.304169" lon="0.818033">
        <ele>480.17</ele>
      </trkpt>
      <trkpt lat="41.304249" lon="0.818029">
        <ele>478.93</ele>
      </trkpt>
      <trkpt lat="41.304389" lon="0.818023">
        <ele>476.76</ele>
      </trkpt>
      <trkpt lat="41.304589" lon="0.818114">
        <ele>478.69</ele>
      </trkpt>
      <trkpt lat="41.304696" lon="0.818072">
        <ele>477.6</ele>
      </trkpt>
      <trkpt lat="41.304752" lon="0.818034">
        <ele>476.7</ele>
      </trkpt>
      <trkpt lat="41.304809" lon="0.817974">
        <ele>475.69</ele>
      </trkpt>
      <trkpt lat="41.304856" lon="0.817925">
        <ele>474.85</ele>
      </trkpt>
      <trkpt lat="41.304896" lon="0.817838">
        <ele>472.26</ele>
      </trkpt>
      <trkpt lat="41.304943" lon="0.817781">
        <ele>471.92</ele>
      </trkpt>
      <trkpt lat="41.30497" lon="0.817716">
        <ele>470.33</ele>
      </trkpt>
      <trkpt lat="41.305063" lon="0.817573">
        <ele>469.91</ele>
      </trkpt>
      <trkpt lat="41.305089" lon="0.817431">
        <ele>467.93</ele>
      </trkpt>
      <trkpt lat="41.305128" lon="0.817288">
        <ele>467.09</ele>
      </trkpt>
      <trkpt lat="41.305153" lon="0.8171">
        <ele>466.43</ele>
      </trkpt>
      <trkpt lat="41.30516" lon="0.816806">
        <ele>465.77</ele>
      </trkpt>
      <trkpt lat="41.305194" lon="0.816518">
        <ele>465.81</ele>
      </trkpt>
      <trkpt lat="41.305176" lon="0.816317">
        <ele>464.26</ele>
      </trkpt>
      <trkpt lat="41.305187" lon="0.816255">
        <ele>464.48</ele>
      </trkpt>
      <trkpt lat="41.305195" lon="0.816069">
        <ele>464.71</ele>
      </trkpt>
      <trkpt lat="41.305187" lon="0.815877">
        <ele>464.77</ele>
      </trkpt>
      <trkpt lat="41.305193" lon="0.815848">
        <ele>464.73</ele>
      </trkpt>
      <trkpt lat="41.305234" lon="0.815636">
        <ele>464.48</ele>
      </trkpt>
      <trkpt lat="41.305266" lon="0.815589">
        <ele>464.82</ele>
      </trkpt>
      <trkpt lat="41.305301" lon="0.815496">
        <ele>465.86</ele>
      </trkpt>
      <trkpt lat="41.305338" lon="0.815445">
        <ele>466.77</ele>
      </trkpt>
      <trkpt lat="41.305405" lon="0.815204">
        <ele>465.18</ele>
      </trkpt>
      <trkpt lat="41.30546" lon="0.815137">
        <ele>465.54</ele>
      </trkpt>
      <trkpt lat="41.305517" lon="0.815099">
        <ele>465.91</ele>
      </trkpt>
      <trkpt lat="41.305739" lon="0.814845">
        <ele>466.08</ele>
      </trkpt>
      <trkpt lat="41.305788" lon="0.81481">
        <ele>466.18</ele>
      </trkpt>
      <trkpt lat="41.305806" lon="0.814797">
        <ele>466.21</ele>
      </trkpt>
      <trkpt lat="41.305873" lon="0.814795">
        <ele>467.45</ele>
      </trkpt>
      <trkpt lat="41.306036" lon="0.814679">
        <ele>468.72</ele>
      </trkpt>
      <trkpt lat="41.306116" lon="0.814651">
        <ele>470.4</ele>
      </trkpt>
      <trkpt lat="41.306162" lon="0.814595">
        <ele>468.71</ele>
      </trkpt>
      <trkpt lat="41.306248" lon="0.814537">
        <ele>469.42</ele>
      </trkpt>
      <trkpt lat="41.306315" lon="0.814572">
        <ele>472.18</ele>
      </trkpt>
      <trkpt lat="41.306358" lon="0.814618">
        <ele>475.97</ele>
      </trkpt>
      <trkpt lat="41.306415" lon="0.814616">
        <ele>477.66</ele>
      </trkpt>
      <trkpt lat="41.306515" lon="0.814565">
        <ele>477.94</ele>
      </trkpt>
      <trkpt lat="41.306717" lon="0.814518">
        <ele>479.5</ele>
      </trkpt>
      <trkpt lat="41.306813" lon="0.81452">
        <ele>480.85</ele>
      </trkpt>
      <trkpt lat="41.306922" lon="0.814544">
        <ele>480.31</ele>
      </trkpt>
      <trkpt lat="41.306957" lon="0.814557">
        <ele>480.19</ele>
      </trkpt>
      <trkpt lat="41.307026" lon="0.814624">
        <ele>481.28</ele>
      </trkpt>
      <trkpt lat="41.307072" lon="0.814696">
        <ele>482.51</ele>
      </trkpt>
      <trkpt lat="41.307159" lon="0.814954">
        <ele>486.65</ele>
      </trkpt>
      <trkpt lat="41.307206" lon="0.81522">
        <ele>489.2</ele>
      </trkpt>
      <trkpt lat="41.307253" lon="0.815486">
        <ele>487.84</ele>
      </trkpt>
      <trkpt lat="41.307444" lon="0.816165">
        <ele>483.82</ele>
      </trkpt>
      <trkpt lat="41.307533" lon="0.816385">
        <ele>478.92</ele>
      </trkpt>
      <trkpt lat="41.307657" lon="0.816803">
        <ele>476.81</ele>
      </trkpt>
      <trkpt lat="41.307869" lon="0.817324">
        <ele>477.77</ele>
      </trkpt>
      <trkpt lat="41.308025" lon="0.817706">
        <ele>478.48</ele>
      </trkpt>
      <trkpt lat="41.308141" lon="0.818093">
        <ele>482.54</ele>
      </trkpt>
      <trkpt lat="41.308181" lon="0.818181">
        <ele>482.42</ele>
      </trkpt>
      <trkpt lat="41.308261" lon="0.818284">
        <ele>481.01</ele>
      </trkpt>
      <trkpt lat="41.308564" lon="0.81885">
        <ele>482.8</ele>
      </trkpt>
      <trkpt lat="41.308723" lon="0.819115">
        <ele>482.3</ele>
      </trkpt>
      <trkpt lat="41.30879" lon="0.819378">
        <ele>488.78</ele>
      </trkpt>
      <trkpt lat="41.308857" lon="0.81964">
        <ele>485.31</ele>
      </trkpt>
      <trkpt lat="41.308873" lon="0.819826">
        <ele>484.65</ele>
      </trkpt>
      <trkpt lat="41.308869" lon="0.819993">
        <ele>483.47</ele>
      </trkpt>
      <trkpt lat="41.308823" lon="0.820455">
        <ele>483.69</ele>
      </trkpt>
      <trkpt lat="41.308793" lon="0.820629">
        <ele>484.74</ele>
      </trkpt>
      <trkpt lat="41.308716" lon="0.820802">
        <ele>485.79</ele>
      </trkpt>
      <trkpt lat="41.308607" lon="0.820935">
        <ele>481.23</ele>
      </trkpt>
      <trkpt lat="41.308483" lon="0.821003">
        <ele>481.26</ele>
      </trkpt>
      <trkpt lat="41.308317" lon="0.821043">
        <ele>482.25</ele>
      </trkpt>
      <trkpt lat="41.307942" lon="0.821074">
        <ele>484.55</ele>
      </trkpt>
      <trkpt lat="41.307807" lon="0.82113">
        <ele>483.78</ele>
      </trkpt>
      <trkpt lat="41.307679" lon="0.821215">
        <ele>482.2</ele>
      </trkpt>
      <trkpt lat="41.307451" lon="0.821333">
        <ele>483.06</ele>
      </trkpt>
      <trkpt lat="41.307223" lon="0.821451">
        <ele>487.65</ele>
      </trkpt>
      <trkpt lat="41.306875" lon="0.821828">
        <ele>493.18</ele>
      </trkpt>
      <trkpt lat="41.306716" lon="0.822006">
        <ele>497.49</ele>
      </trkpt>
      <trkpt lat="41.306679" lon="0.822179">
        <ele>496.28</ele>
      </trkpt>
      <trkpt lat="41.306601" lon="0.822456">
        <ele>498.14</ele>
      </trkpt>
      <trkpt lat="41.306594" lon="0.822581">
        <ele>498.7</ele>
      </trkpt>
      <trkpt lat="41.306622" lon="0.822917">
        <ele>501.38</ele>
      </trkpt>
      <trkpt lat="41.306703" lon="0.823218">
        <ele>498.82</ele>
      </trkpt>
      <trkpt lat="41.306869" lon="0.823538">
        <ele>494.42</ele>
      </trkpt>
      <trkpt lat="41.306929" lon="0.823711">
        <ele>493.03</ele>
      </trkpt>
      <trkpt lat="41.30699" lon="0.823824">
        <ele>492.63</ele>
      </trkpt>
      <trkpt lat="41.307095" lon="0.82397">
        <ele>493.63</ele>
      </trkpt>
      <trkpt lat="41.307261" lon="0.824151">
        <ele>491.95</ele>
      </trkpt>
      <trkpt lat="41.307405" lon="0.824407">
        <ele>491.14</ele>
      </trkpt>
      <trkpt lat="41.307437" lon="0.824433">
        <ele>490.64</ele>
      </trkpt>
      <trkpt lat="41.307491" lon="0.824478">
        <ele>489.8</ele>
      </trkpt>
      <trkpt lat="41.307685" lon="0.824563">
        <ele>491.65</ele>
      </trkpt>
      <trkpt lat="41.30801" lon="0.824837">
        <ele>491.95</ele>
      </trkpt>
      <trkpt lat="41.308256" lon="0.825075">
        <ele>489.7</ele>
      </trkpt>
      <trkpt lat="41.308502" lon="0.825313">
        <ele>490.12</ele>
      </trkpt>
      <trkpt lat="41.30867" lon="0.8255">
        <ele>491.81</ele>
      </trkpt>
      <trkpt lat="41.308802" lon="0.825717">
        <ele>495.23</ele>
      </trkpt>
      <trkpt lat="41.308933" lon="0.825934">
        <ele>491.04</ele>
      </trkpt>
      <trkpt lat="41.308963" lon="0.82603">
        <ele>490.28</ele>
      </trkpt>
      <trkpt lat="41.309013" lon="0.826318">
        <ele>490.58</ele>
      </trkpt>
      <trkpt lat="41.309027" lon="0.826477">
        <ele>493.67</ele>
      </trkpt>
      <trkpt lat="41.309237" lon="0.826569">
        <ele>497.98</ele>
      </trkpt>
      <trkpt lat="41.309329" lon="0.826704">
        <ele>498.81</ele>
      </trkpt>
      <trkpt lat="41.309436" lon="0.826859">
        <ele>499.77</ele>
      </trkpt>
      <trkpt lat="41.309739" lon="0.827174">
        <ele>497.89</ele>
      </trkpt>
      <trkpt lat="41.310095" lon="0.827413">
        <ele>502.01</ele>
      </trkpt>
      <trkpt lat="41.310144" lon="0.827492">
        <ele>504.33</ele>
      </trkpt>
      <trkpt lat="41.310204" lon="0.827528">
        <ele>504.3</ele>
      </trkpt>
      <trkpt lat="41.310276" lon="0.827534">
        <ele>502.69</ele>
      </trkpt>
      <trkpt lat="41.310332" lon="0.827451">
        <ele>499.32</ele>
      </trkpt>
      <trkpt lat="41.310342" lon="0.827435">
        <ele>498.68</ele>
      </trkpt>
      <trkpt lat="41.310438" lon="0.827399">
        <ele>500.33</ele>
      </trkpt>
      <trkpt lat="41.310608" lon="0.827411">
        <ele>505.16</ele>
      </trkpt>
      <trkpt lat="41.310731" lon="0.82735">
        <ele>504.07</ele>
      </trkpt>
      <trkpt lat="41.310809" lon="0.827323">
        <ele>505.2</ele>
      </trkpt>
      <trkpt lat="41.310851" lon="0.827332">
        <ele>510.66</ele>
      </trkpt>
      <trkpt lat="41.311006" lon="0.827226">
        <ele>509.72</ele>
      </trkpt>
      <trkpt lat="41.311248" lon="0.82712">
        <ele>508.3</ele>
      </trkpt>
      <trkpt lat="41.311628" lon="0.82706">
        <ele>506.17</ele>
      </trkpt>
      <trkpt lat="41.311863" lon="0.827129">
        <ele>504.63</ele>
      </trkpt>
      <trkpt lat="41.312025" lon="0.827258">
        <ele>506.61</ele>
      </trkpt>
      <trkpt lat="41.312212" lon="0.827456">
        <ele>510.08</ele>
      </trkpt>
      <trkpt lat="41.312391" lon="0.827543">
        <ele>504.31</ele>
      </trkpt>
      <trkpt lat="41.31243" lon="0.827562">
        <ele>503.06</ele>
      </trkpt>
      <trkpt lat="41.312568" lon="0.827668">
        <ele>499.88</ele>
      </trkpt>
      <trkpt lat="41.312706" lon="0.827924">
        <ele>495.55</ele>
      </trkpt>
      <trkpt lat="41.312773" lon="0.828318">
        <ele>493.47</ele>
      </trkpt>
      <trkpt lat="41.312817" lon="0.828725">
        <ele>491.72</ele>
      </trkpt>
      <trkpt lat="41.313012" lon="0.829529">
        <ele>490.23</ele>
      </trkpt>
      <trkpt lat="41.313005" lon="0.829556">
        <ele>490.39</ele>
      </trkpt>
      <trkpt lat="41.312911" lon="0.8299">
        <ele>492.53</ele>
      </trkpt>
      <trkpt lat="41.312961" lon="0.830085">
        <ele>492.44</ele>
      </trkpt>
      <trkpt lat="41.312963" lon="0.830489">
        <ele>494.49</ele>
      </trkpt>
      <trkpt lat="41.312931" lon="0.830902">
        <ele>494.86</ele>
      </trkpt>
      <trkpt lat="41.312697" lon="0.83161">
        <ele>493.99</ele>
      </trkpt>
      <trkpt lat="41.312473" lon="0.831964">
        <ele>495.99</ele>
      </trkpt>
      <trkpt lat="41.312416" lon="0.832141">
        <ele>495.04</ele>
      </trkpt>
      <trkpt lat="41.312367" lon="0.83229">
        <ele>496.33</ele>
      </trkpt>
      <trkpt lat="41.312321" lon="0.832532">
        <ele>500.81</ele>
      </trkpt>
      <trkpt lat="41.312328" lon="0.832819">
        <ele>503.97</ele>
      </trkpt>
      <trkpt lat="41.312361" lon="0.832911">
        <ele>505.24</ele>
      </trkpt>
      <trkpt lat="41.312477" lon="0.833017">
        <ele>506.4</ele>
      </trkpt>
      <trkpt lat="41.312837" lon="0.83323">
        <ele>503.04</ele>
      </trkpt>
      <trkpt lat="41.313059" lon="0.833269">
        <ele>501.45</ele>
      </trkpt>
      <trkpt lat="41.313228" lon="0.833254">
        <ele>501.59</ele>
      </trkpt>
      <trkpt lat="41.313357" lon="0.833203">
        <ele>501.73</ele>
      </trkpt>
      <trkpt lat="41.313453" lon="0.833139">
        <ele>501.45</ele>
      </trkpt>
      <trkpt lat="41.313816" lon="0.832813">
        <ele>502.51</ele>
      </trkpt>
      <trkpt lat="41.314091" lon="0.832636">
        <ele>503.09</ele>
      </trkpt>
      <trkpt lat="41.314197" lon="0.832536">
        <ele>503.47</ele>
      </trkpt>
      <trkpt lat="41.314238" lon="0.832498">
        <ele>503.61</ele>
      </trkpt>
      <trkpt lat="41.314507" lon="0.832169">
        <ele>504.38</ele>
      </trkpt>
      <trkpt lat="41.31469" lon="0.832019">
        <ele>504</ele>
      </trkpt>
      <trkpt lat="41.314781" lon="0.83197">
        <ele>502.65</ele>
      </trkpt>
      <trkpt lat="41.315124" lon="0.831887">
        <ele>507.04</ele>
      </trkpt>
      <trkpt lat="41.315357" lon="0.831896">
        <ele>510.65</ele>
      </trkpt>
      <trkpt lat="41.315496" lon="0.831939">
        <ele>510.43</ele>
      </trkpt>
      <trkpt lat="41.315562" lon="0.831996">
        <ele>509.43</ele>
      </trkpt>
      <trkpt lat="41.31562" lon="0.832099">
        <ele>510.22</ele>
      </trkpt>
      <trkpt lat="41.315667" lon="0.832279">
        <ele>512.63</ele>
      </trkpt>
      <trkpt lat="41.315691" lon="0.832642">
        <ele>517.85</ele>
      </trkpt>
      <trkpt lat="41.315701" lon="0.832826">
        <ele>520.41</ele>
      </trkpt>
      <trkpt lat="41.315688" lon="0.833038">
        <ele>522.4</ele>
      </trkpt>
      <trkpt lat="41.315556" lon="0.833482">
        <ele>527.34</ele>
      </trkpt>
      <trkpt lat="41.315522" lon="0.833653">
        <ele>529.64</ele>
      </trkpt>
      <trkpt lat="41.31555" lon="0.834019">
        <ele>530.09</ele>
      </trkpt>
      <trkpt lat="41.3157" lon="0.834723">
        <ele>534.6</ele>
      </trkpt>
      <trkpt lat="41.315797" lon="0.835012">
        <ele>536.11</ele>
      </trkpt>
      <trkpt lat="41.315883" lon="0.835145">
        <ele>535.93</ele>
      </trkpt>
      <trkpt lat="41.316062" lon="0.835325">
        <ele>533.68</ele>
      </trkpt>
      <trkpt lat="41.316233" lon="0.835534">
        <ele>531.63</ele>
      </trkpt>
      <trkpt lat="41.316385" lon="0.835653">
        <ele>532.42</ele>
      </trkpt>
      <trkpt lat="41.316457" lon="0.83571">
        <ele>532.8</ele>
      </trkpt>
      <trkpt lat="41.316511" lon="0.835772">
        <ele>532.68</ele>
      </trkpt>
      <trkpt lat="41.316557" lon="0.835871">
        <ele>531.84</ele>
      </trkpt>
      <trkpt lat="41.316583" lon="0.836009">
        <ele>532.32</ele>
      </trkpt>
      <trkpt lat="41.316596" lon="0.836188">
        <ele>531.27</ele>
      </trkpt>
      <trkpt lat="41.316584" lon="0.836255">
        <ele>531.4</ele>
      </trkpt>
      <trkpt lat="41.316544" lon="0.836327">
        <ele>532.3</ele>
      </trkpt>
      <trkpt lat="41.316396" lon="0.83646">
        <ele>533.44</ele>
      </trkpt>
      <trkpt lat="41.316174" lon="0.836702">
        <ele>530.37</ele>
      </trkpt>
      <trkpt lat="41.315821" lon="0.837029">
        <ele>523.45</ele>
      </trkpt>
      <trkpt lat="41.315619" lon="0.837172">
        <ele>520.19</ele>
      </trkpt>
      <trkpt lat="41.315619" lon="0.837172">
        <ele>520.19</ele>
      </trkpt>
      <trkpt lat="41.315544" lon="0.837225">
        <ele>518.98</ele>
      </trkpt>
      <trkpt lat="41.315439" lon="0.837332">
        <ele>516.27</ele>
      </trkpt>
      <trkpt lat="41.315174" lon="0.837751">
        <ele>515.61</ele>
      </trkpt>
      <trkpt lat="41.314946" lon="0.837886">
        <ele>519.33</ele>
      </trkpt>
      <trkpt lat="41.314742" lon="0.838251">
        <ele>518.48</ele>
      </trkpt>
      <trkpt lat="41.31463" lon="0.83836">
        <ele>520.75</ele>
      </trkpt>
      <trkpt lat="41.31463" lon="0.83836">
        <ele>520.75</ele>
      </trkpt>
      <trkpt lat="41.314583" lon="0.838406">
        <ele>521.71</ele>
      </trkpt>
      <trkpt lat="41.314425" lon="0.838594">
        <ele>521.09</ele>
      </trkpt>
      <trkpt lat="41.314303" lon="0.838738">
        <ele>523.69</ele>
      </trkpt>
      <trkpt lat="41.314023" lon="0.839202">
        <ele>523.02</ele>
      </trkpt>
      <trkpt lat="41.314007" lon="0.839377">
        <ele>519.14</ele>
      </trkpt>
      <trkpt lat="41.313959" lon="0.840006">
        <ele>519.64</ele>
      </trkpt>
      <trkpt lat="41.313952" lon="0.840448">
        <ele>522.83</ele>
      </trkpt>
      <trkpt lat="41.313931" lon="0.840732">
        <ele>524.5</ele>
      </trkpt>
      <trkpt lat="41.313933" lon="0.840911">
        <ele>524.51</ele>
      </trkpt>
      <trkpt lat="41.314001" lon="0.841219">
        <ele>524.96</ele>
      </trkpt>
      <trkpt lat="41.314011" lon="0.841292">
        <ele>525.75</ele>
      </trkpt>
      <trkpt lat="41.314022" lon="0.841471">
        <ele>526.63</ele>
      </trkpt>
      <trkpt lat="41.313998" lon="0.841599">
        <ele>526.66</ele>
      </trkpt>
      <trkpt lat="41.31399" lon="0.8417">
        <ele>527.31</ele>
      </trkpt>
      <trkpt lat="41.314018" lon="0.841748">
        <ele>526.78</ele>
      </trkpt>
      <trkpt lat="41.31406" lon="0.841776">
        <ele>526.84</ele>
      </trkpt>
      <trkpt lat="41.314153" lon="0.841779">
        <ele>524.81</ele>
      </trkpt>
      <trkpt lat="41.314218" lon="0.841879">
        <ele>528.1</ele>
      </trkpt>
      <trkpt lat="41.314768" lon="0.842549">
        <ele>532.99</ele>
      </trkpt>
      <trkpt lat="41.314991" lon="0.842852">
        <ele>534.05</ele>
      </trkpt>
      <trkpt lat="41.315133" lon="0.84307">
        <ele>532.18</ele>
      </trkpt>
      <trkpt lat="41.315194" lon="0.843245">
        <ele>536.7</ele>
      </trkpt>
      <trkpt lat="41.315212" lon="0.843231">
        <ele>536.25</ele>
      </trkpt>
      <trkpt lat="41.315233" lon="0.843215">
        <ele>535.71</ele>
      </trkpt>
      <trkpt lat="41.315406" lon="0.84329">
        <ele>538.93</ele>
      </trkpt>
      <trkpt lat="41.315526" lon="0.843393">
        <ele>540.95</ele>
      </trkpt>
      <trkpt lat="41.315659" lon="0.843562">
        <ele>547.57</ele>
      </trkpt>
      <trkpt lat="41.315756" lon="0.843653">
        <ele>551.29</ele>
      </trkpt>
      <trkpt lat="41.316239" lon="0.843867">
        <ele>558.62</ele>
      </trkpt>
      <trkpt lat="41.316522" lon="0.843971">
        <ele>570.92</ele>
      </trkpt>
      <trkpt lat="41.316682" lon="0.84407">
        <ele>579.15</ele>
      </trkpt>
      <trkpt lat="41.31685" lon="0.844142">
        <ele>586.88</ele>
      </trkpt>
      <trkpt lat="41.317074" lon="0.844212">
        <ele>593.77</ele>
      </trkpt>
      <trkpt lat="41.317235" lon="0.844282">
        <ele>597.74</ele>
      </trkpt>
      <trkpt lat="41.317469" lon="0.844384">
        <ele>598.26</ele>
      </trkpt>
      <trkpt lat="41.317689" lon="0.844536">
        <ele>600.31</ele>
      </trkpt>
      <trkpt lat="41.317865" lon="0.844739">
        <ele>599.58</ele>
      </trkpt>
      <trkpt lat="41.318262" lon="0.845118">
        <ele>600.92</ele>
      </trkpt>
      <trkpt lat="41.31841" lon="0.845332">
        <ele>605.13</ele>
      </trkpt>
      <trkpt lat="41.318558" lon="0.845546">
        <ele>612.35</ele>
      </trkpt>
      <trkpt lat="41.318618" lon="0.845689">
        <ele>614.75</ele>
      </trkpt>
      <trkpt lat="41.318713" lon="0.846099">
        <ele>620.8</ele>
      </trkpt>
      <trkpt lat="41.318808" lon="0.846508">
        <ele>622.52</ele>
      </trkpt>
      <trkpt lat="41.318894" lon="0.846771">
        <ele>621.13</ele>
      </trkpt>
      <trkpt lat="41.318942" lon="0.846966">
        <ele>620.92</ele>
      </trkpt>
      <trkpt lat="41.318977" lon="0.847106">
        <ele>620.77</ele>
      </trkpt>
      <trkpt lat="41.319022" lon="0.847232">
        <ele>621.23</ele>
      </trkpt>
      <trkpt lat="41.319146" lon="0.84744">
        <ele>621.74</ele>
      </trkpt>
      <trkpt lat="41.31928" lon="0.847828">
        <ele>623.34</ele>
      </trkpt>
      <trkpt lat="41.319341" lon="0.847958">
        <ele>626.07</ele>
      </trkpt>
      <trkpt lat="41.31945" lon="0.848116">
        <ele>629.99</ele>
      </trkpt>
      <trkpt lat="41.319507" lon="0.848235">
        <ele>630.81</ele>
      </trkpt>
      <trkpt lat="41.319591" lon="0.848608">
        <ele>632.52</ele>
      </trkpt>
      <trkpt lat="41.319592" lon="0.84874">
        <ele>633.76</ele>
      </trkpt>
      <trkpt lat="41.319566" lon="0.848796">
        <ele>634.92</ele>
      </trkpt>
      <trkpt lat="41.319442" lon="0.848932">
        <ele>636.18</ele>
      </trkpt>
      <trkpt lat="41.31939" lon="0.849053">
        <ele>637.49</ele>
      </trkpt>
      <trkpt lat="41.319381" lon="0.849227">
        <ele>638.19</ele>
      </trkpt>
      <trkpt lat="41.31943" lon="0.849569">
        <ele>635.88</ele>
      </trkpt>
      <trkpt lat="41.319394" lon="0.849682">
        <ele>636.63</ele>
      </trkpt>
      <trkpt lat="41.319283" lon="0.849841">
        <ele>632.91</ele>
      </trkpt>
      <trkpt lat="41.319161" lon="0.850087">
        <ele>626.36</ele>
      </trkpt>
      <trkpt lat="41.31913" lon="0.850202">
        <ele>625.08</ele>
      </trkpt>
      <trkpt lat="41.319188" lon="0.850569">
        <ele>625.26</ele>
      </trkpt>
      <trkpt lat="41.319235" lon="0.850706">
        <ele>626.08</ele>
      </trkpt>
      <trkpt lat="41.319284" lon="0.850788">
        <ele>626.79</ele>
      </trkpt>
      <trkpt lat="41.31943" lon="0.850946">
        <ele>626.11</ele>
      </trkpt>
      <trkpt lat="41.319641" lon="0.851298">
        <ele>621.74</ele>
      </trkpt>
      <trkpt lat="41.319793" lon="0.851496">
        <ele>619.93</ele>
      </trkpt>
      <trkpt lat="41.320007" lon="0.851657">
        <ele>619.02</ele>
      </trkpt>
      <trkpt lat="41.320221" lon="0.851817">
        <ele>620.26</ele>
      </trkpt>
      <trkpt lat="41.320462" lon="0.852114">
        <ele>619.32</ele>
      </trkpt>
      <trkpt lat="41.32057" lon="0.852214">
        <ele>618.91</ele>
      </trkpt>
      <trkpt lat="41.320712" lon="0.852282">
        <ele>619.13</ele>
      </trkpt>
      <trkpt lat="41.321027" lon="0.852359">
        <ele>619.62</ele>
      </trkpt>
      <trkpt lat="41.321137" lon="0.852434">
        <ele>620.98</ele>
      </trkpt>
      <trkpt lat="41.321196" lon="0.852516">
        <ele>620.02</ele>
      </trkpt>
      <trkpt lat="41.321236" lon="0.852681">
        <ele>617.93</ele>
      </trkpt>
      <trkpt lat="41.321249" lon="0.852872">
        <ele>613.75</ele>
      </trkpt>
      <trkpt lat="41.321281" lon="0.853097">
        <ele>610.42</ele>
      </trkpt>
      <trkpt lat="41.321322" lon="0.853202">
        <ele>610.43</ele>
      </trkpt>
      <trkpt lat="41.32166" lon="0.853702">
        <ele>600.43</ele>
      </trkpt>
      <trkpt lat="41.321663" lon="0.853826">
        <ele>599.61</ele>
      </trkpt>
      <trkpt lat="41.321584" lon="0.854008">
        <ele>595.69</ele>
      </trkpt>
      <trkpt lat="41.321539" lon="0.854471">
        <ele>588.47</ele>
      </trkpt>
      <trkpt lat="41.321517" lon="0.854572">
        <ele>589</ele>
      </trkpt>
      <trkpt lat="41.321474" lon="0.854653">
        <ele>589.69</ele>
      </trkpt>
      <trkpt lat="41.321429" lon="0.854684">
        <ele>589.78</ele>
      </trkpt>
      <trkpt lat="41.321304" lon="0.854684">
        <ele>590.55</ele>
      </trkpt>
      <trkpt lat="41.321112" lon="0.854633">
        <ele>589.68</ele>
      </trkpt>
      <trkpt lat="41.321027" lon="0.854647">
        <ele>588.35</ele>
      </trkpt>
      <trkpt lat="41.320948" lon="0.854702">
        <ele>587.88</ele>
      </trkpt>
      <trkpt lat="41.320922" lon="0.854735">
        <ele>587.55</ele>
      </trkpt>
      <trkpt lat="41.320846" lon="0.854834">
        <ele>586.56</ele>
      </trkpt>
      <trkpt lat="41.320811" lon="0.854916">
        <ele>586.01</ele>
      </trkpt>
      <trkpt lat="41.320785" lon="0.855113">
        <ele>582.86</ele>
      </trkpt>
      <trkpt lat="41.320842" lon="0.855712">
        <ele>574.16</ele>
      </trkpt>
      <trkpt lat="41.320852" lon="0.856019">
        <ele>570.74</ele>
      </trkpt>
      <trkpt lat="41.320807" lon="0.856574">
        <ele>564.37</ele>
      </trkpt>
      <trkpt lat="41.320709" lon="0.856516">
        <ele>563.72</ele>
      </trkpt>
      <trkpt lat="41.320807" lon="0.856574">
        <ele>564.37</ele>
      </trkpt>
      <trkpt lat="41.32116" lon="0.856764">
        <ele>559.15</ele>
      </trkpt>
      <trkpt lat="41.321284" lon="0.856788">
        <ele>555.09</ele>
      </trkpt>
      <trkpt lat="41.321359" lon="0.856786">
        <ele>553.51</ele>
      </trkpt>
      <trkpt lat="41.32138" lon="0.856807">
        <ele>553.06</ele>
      </trkpt>
      <trkpt lat="41.321401" lon="0.8568">
        <ele>552.77</ele>
      </trkpt>
      <trkpt lat="41.321416" lon="0.856807">
        <ele>552.5</ele>
      </trkpt>
      <trkpt lat="41.32145" lon="0.85686">
        <ele>552.18</ele>
      </trkpt>
      <trkpt lat="41.321353" lon="0.856948">
        <ele>552.62</ele>
      </trkpt>
      <trkpt lat="41.321298" lon="0.856975">
        <ele>552.82</ele>
      </trkpt>
      <trkpt lat="41.321083" lon="0.856964">
        <ele>553.54</ele>
      </trkpt>
      <trkpt lat="41.320995" lon="0.857041">
        <ele>554.44</ele>
      </trkpt>
      <trkpt lat="41.320973" lon="0.85704">
        <ele>554.47</ele>
      </trkpt>
      <trkpt lat="41.32091" lon="0.857012">
        <ele>554.55</ele>
      </trkpt>
      <trkpt lat="41.320619" lon="0.856843">
        <ele>554.87</ele>
      </trkpt>
      <trkpt lat="41.320506" lon="0.856838">
        <ele>554.96</ele>
      </trkpt>
      <trkpt lat="41.320355" lon="0.856953">
        <ele>555.11</ele>
      </trkpt>
      <trkpt lat="41.320235" lon="0.857166">
        <ele>555.36</ele>
      </trkpt>
      <trkpt lat="41.32013" lon="0.857373">
        <ele>555.22</ele>
      </trkpt>
      <trkpt lat="41.320084" lon="0.85756">
        <ele>555.96</ele>
      </trkpt>
      <trkpt lat="41.320019" lon="0.857894">
        <ele>556.15</ele>
      </trkpt>
      <trkpt lat="41.319981" lon="0.858189">
        <ele>556.6</ele>
      </trkpt>
      <trkpt lat="41.319924" lon="0.859097">
        <ele>558.78</ele>
      </trkpt>
      <trkpt lat="41.319835" lon="0.859366">
        <ele>559.04</ele>
      </trkpt>
      <trkpt lat="41.319597" lon="0.859801">
        <ele>559.1</ele>
      </trkpt>
      <trkpt lat="41.319505" lon="0.860103">
        <ele>559.13</ele>
      </trkpt>
      <trkpt lat="41.319237" lon="0.861732">
        <ele>562.13</ele>
      </trkpt>
      <trkpt lat="41.319223" lon="0.861963">
        <ele>562.3</ele>
      </trkpt>
      <trkpt lat="41.319214" lon="0.862112">
        <ele>562.41</ele>
      </trkpt>
      <trkpt lat="41.319254" lon="0.862581">
        <ele>563.08</ele>
      </trkpt>
      <trkpt lat="41.319254" lon="0.862825">
        <ele>564</ele>
      </trkpt>
      <trkpt lat="41.319338" lon="0.863164">
        <ele>565.76</ele>
      </trkpt>
      <trkpt lat="41.319338" lon="0.863338">
        <ele>566.72</ele>
      </trkpt>
      <trkpt lat="41.319255" lon="0.863496">
        <ele>565.81</ele>
      </trkpt>
      <trkpt lat="41.318857" lon="0.863788">
        <ele>566.33</ele>
      </trkpt>
      <trkpt lat="41.318428" lon="0.863996">
        <ele>567.27</ele>
      </trkpt>
      <trkpt lat="41.318107" lon="0.864298">
        <ele>568.52</ele>
      </trkpt>
      <trkpt lat="41.318021" lon="0.864412">
        <ele>568.62</ele>
      </trkpt>
      <trkpt lat="41.317888" lon="0.864645">
        <ele>569.64</ele>
      </trkpt>
      <trkpt lat="41.317808" lon="0.864836">
        <ele>570.82</ele>
      </trkpt>
      <trkpt lat="41.317767" lon="0.864917">
        <ele>571.3</ele>
      </trkpt>
      <trkpt lat="41.317731" lon="0.865083">
        <ele>572.32</ele>
      </trkpt>
      <trkpt lat="41.317755" lon="0.865241">
        <ele>574.15</ele>
      </trkpt>
      <trkpt lat="41.31788" lon="0.865494">
        <ele>578.09</ele>
      </trkpt>
      <trkpt lat="41.317873" lon="0.865628">
        <ele>578.17</ele>
      </trkpt>
      <trkpt lat="41.317841" lon="0.865744">
        <ele>578.24</ele>
      </trkpt>
      <trkpt lat="41.317873" lon="0.865628">
        <ele>578.17</ele>
      </trkpt>
      <trkpt lat="41.317876" lon="0.865804">
        <ele>580</ele>
      </trkpt>
      <trkpt lat="41.31793" lon="0.86586">
        <ele>582.17</ele>
      </trkpt>
      <trkpt lat="41.318031" lon="0.865891">
        <ele>584.69</ele>
      </trkpt>
      <trkpt lat="41.318093" lon="0.865962">
        <ele>586.48</ele>
      </trkpt>
      <trkpt lat="41.318189" lon="0.866775">
        <ele>592.05</ele>
      </trkpt>
      <trkpt lat="41.318185" lon="0.867022">
        <ele>592.79</ele>
      </trkpt>
      <trkpt lat="41.318169" lon="0.86729">
        <ele>592.22</ele>
      </trkpt>
      <trkpt lat="41.318129" lon="0.867558">
        <ele>592.2</ele>
      </trkpt>
      <trkpt lat="41.318125" lon="0.867875">
        <ele>592.99</ele>
      </trkpt>
      <trkpt lat="41.318157" lon="0.868271">
        <ele>591.93</ele>
      </trkpt>
      <trkpt lat="41.318121" lon="0.868352">
        <ele>590.63</ele>
      </trkpt>
      <trkpt lat="41.318061" lon="0.868395">
        <ele>589.05</ele>
      </trkpt>
      <trkpt lat="41.317899" lon="0.868406">
        <ele>588.03</ele>
      </trkpt>
      <trkpt lat="41.317783" lon="0.868325">
        <ele>587.69</ele>
      </trkpt>
      <trkpt lat="41.317734" lon="0.868336">
        <ele>588.29</ele>
      </trkpt>
      <trkpt lat="41.317698" lon="0.868368">
        <ele>588.73</ele>
      </trkpt>
      <trkpt lat="41.31768" lon="0.868416">
        <ele>589</ele>
      </trkpt>
      <trkpt lat="41.317672" lon="0.868437">
        <ele>589.12</ele>
      </trkpt>
      <trkpt lat="41.317693" lon="0.868573">
        <ele>589.75</ele>
      </trkpt>
      <trkpt lat="41.317716" lon="0.869054">
        <ele>590.72</ele>
      </trkpt>
      <trkpt lat="41.317736" lon="0.869319">
        <ele>591.77</ele>
      </trkpt>
      <trkpt lat="41.317769" lon="0.869414">
        <ele>592.57</ele>
      </trkpt>
      <trkpt lat="41.317992" lon="0.869751">
        <ele>594.29</ele>
      </trkpt>
      <trkpt lat="41.317948" lon="0.869729">
        <ele>594.5</ele>
      </trkpt>
      <trkpt lat="41.317852" lon="0.869765">
        <ele>595.34</ele>
      </trkpt>
      <trkpt lat="41.317948" lon="0.869729">
        <ele>594.5</ele>
      </trkpt>
      <trkpt lat="41.317992" lon="0.869751">
        <ele>594.29</ele>
      </trkpt>
      <trkpt lat="41.31818" lon="0.869932">
        <ele>594.09</ele>
      </trkpt>
      <trkpt lat="41.318335" lon="0.870053">
        <ele>595.53</ele>
      </trkpt>
      <trkpt lat="41.318404" lon="0.870081">
        <ele>595.69</ele>
      </trkpt>
      <trkpt lat="41.31886" lon="0.870115">
        <ele>598.79</ele>
      </trkpt>
      <trkpt lat="41.318939" lon="0.87015">
        <ele>599.09</ele>
      </trkpt>
      <trkpt lat="41.319028" lon="0.870261">
        <ele>599.73</ele>
      </trkpt>
      <trkpt lat="41.319339" lon="0.87083">
        <ele>602.05</ele>
      </trkpt>
      <trkpt lat="41.319456" lon="0.871069">
        <ele>603.08</ele>
      </trkpt>
      <trkpt lat="41.319592" lon="0.871404">
        <ele>604.43</ele>
      </trkpt>
      <trkpt lat="41.3197" lon="0.871608">
        <ele>605.57</ele>
      </trkpt>
      <trkpt lat="41.319783" lon="0.871716">
        <ele>606.2</ele>
      </trkpt>
      <trkpt lat="41.319831" lon="0.871762">
        <ele>606.46</ele>
      </trkpt>
      <trkpt lat="41.319979" lon="0.871905">
        <ele>607.29</ele>
      </trkpt>
      <trkpt lat="41.320106" lon="0.87199">
        <ele>607.97</ele>
      </trkpt>
      <trkpt lat="41.320636" lon="0.872275">
        <ele>612.4</ele>
      </trkpt>
      <trkpt lat="41.320845" lon="0.872413">
        <ele>614.25</ele>
      </trkpt>
      <trkpt lat="41.320976" lon="0.872537">
        <ele>615.56</ele>
      </trkpt>
      <trkpt lat="41.321017" lon="0.872626">
        <ele>616.44</ele>
      </trkpt>
      <trkpt lat="41.321033" lon="0.872717">
        <ele>617.06</ele>
      </trkpt>
      <trkpt lat="41.321058" lon="0.873099">
        <ele>620.25</ele>
      </trkpt>
      <trkpt lat="41.32106" lon="0.873132">
        <ele>620.53</ele>
      </trkpt>
      <trkpt lat="41.321093" lon="0.873267">
        <ele>621.92</ele>
      </trkpt>
      <trkpt lat="41.321269" lon="0.873626">
        <ele>625.55</ele>
      </trkpt>
      <trkpt lat="41.321405" lon="0.873517">
        <ele>625.57</ele>
      </trkpt>
      <trkpt lat="41.321633" lon="0.873274">
        <ele>626.79</ele>
      </trkpt>
      <trkpt lat="41.321965" lon="0.872878">
        <ele>631.12</ele>
      </trkpt>
      <trkpt lat="41.322047" lon="0.872864">
        <ele>631.71</ele>
      </trkpt>
      <trkpt lat="41.32207" lon="0.872918">
        <ele>632.52</ele>
      </trkpt>
      <trkpt lat="41.322138" lon="0.874218">
        <ele>637.11</ele>
      </trkpt>
      <trkpt lat="41.322143" lon="0.874335">
        <ele>637.67</ele>
      </trkpt>
      <trkpt lat="41.322107" lon="0.874621">
        <ele>639.06</ele>
      </trkpt>
      <trkpt lat="41.322044" lon="0.875111">
        <ele>644.67</ele>
      </trkpt>
      <trkpt lat="41.322069" lon="0.87558">
        <ele>648.92</ele>
      </trkpt>
      <trkpt lat="41.322098" lon="0.876006">
        <ele>650.76</ele>
      </trkpt>
      <trkpt lat="41.322117" lon="0.876029">
        <ele>650.7</ele>
      </trkpt>
      <trkpt lat="41.322108" lon="0.876052">
        <ele>650.79</ele>
      </trkpt>
      <trkpt lat="41.322111" lon="0.876082">
        <ele>650.84</ele>
      </trkpt>
      <trkpt lat="41.322136" lon="0.876108">
        <ele>650.85</ele>
      </trkpt>
      <trkpt lat="41.322124" lon="0.876158">
        <ele>651.01</ele>
      </trkpt>
      <trkpt lat="41.322088" lon="0.876204">
        <ele>651.29</ele>
      </trkpt>
      <trkpt lat="41.321917" lon="0.876425">
        <ele>652.63</ele>
      </trkpt>
      <trkpt lat="41.321786" lon="0.876519">
        <ele>653.14</ele>
      </trkpt>
      <trkpt lat="41.321725" lon="0.876526">
        <ele>653.61</ele>
      </trkpt>
      <trkpt lat="41.321626" lon="0.876466">
        <ele>654.38</ele>
      </trkpt>
      <trkpt lat="41.321482" lon="0.876445">
        <ele>655.34</ele>
      </trkpt>
      <trkpt lat="41.321411" lon="0.876497">
        <ele>655.4</ele>
      </trkpt>
      <trkpt lat="41.321262" lon="0.876608">
        <ele>655.51</ele>
      </trkpt>
      <trkpt lat="41.321" lon="0.876279">
        <ele>652.77</ele>
      </trkpt>
      <trkpt lat="41.32078" lon="0.876051">
        <ele>650.66</ele>
      </trkpt>
      <trkpt lat="41.32013" lon="0.875515">
        <ele>643.46</ele>
      </trkpt>
      <trkpt lat="41.319867" lon="0.875321">
        <ele>640.16</ele>
      </trkpt>
      <trkpt lat="41.319544" lon="0.875041">
        <ele>636.5</ele>
      </trkpt>
      <trkpt lat="41.319227" lon="0.874642">
        <ele>631.05</ele>
      </trkpt>
      <trkpt lat="41.319187" lon="0.874645">
        <ele>630.48</ele>
      </trkpt>
      <trkpt lat="41.31912" lon="0.874525">
        <ele>629.34</ele>
      </trkpt>
      <trkpt lat="41.318929" lon="0.874348">
        <ele>627.35</ele>
      </trkpt>
      <trkpt lat="41.318331" lon="0.87399">
        <ele>620.68</ele>
      </trkpt>
      <trkpt lat="41.318192" lon="0.873939">
        <ele>619.8</ele>
      </trkpt>
      <trkpt lat="41.318049" lon="0.873826">
        <ele>615.85</ele>
      </trkpt>
      <trkpt lat="41.317946" lon="0.873773">
        <ele>613.65</ele>
      </trkpt>
      <trkpt lat="41.317883" lon="0.87378">
        <ele>612.62</ele>
      </trkpt>
      <trkpt lat="41.317778" lon="0.873792">
        <ele>610.88</ele>
      </trkpt>
      <trkpt lat="41.317744" lon="0.873779">
        <ele>610.24</ele>
      </trkpt>
      <trkpt lat="41.317722" lon="0.873658">
        <ele>609.28</ele>
      </trkpt>
      <trkpt lat="41.317647" lon="0.873353">
        <ele>607.02</ele>
      </trkpt>
      <trkpt lat="41.317599" lon="0.873099">
        <ele>604.5</ele>
      </trkpt>
      <trkpt lat="41.317589" lon="0.8725">
        <ele>602.73</ele>
      </trkpt>
      <trkpt lat="41.317541" lon="0.87221">
        <ele>602</ele>
      </trkpt>
      <trkpt lat="41.317483" lon="0.871856">
        <ele>601.1</ele>
      </trkpt>
      <trkpt lat="41.317538" lon="0.871395">
        <ele>600.19</ele>
      </trkpt>
      <trkpt lat="41.317532" lon="0.871176">
        <ele>600.58</ele>
      </trkpt>
      <trkpt lat="41.317478" lon="0.871125">
        <ele>598.89</ele>
      </trkpt>
      <trkpt lat="41.31748" lon="0.871225">
        <ele>598.27</ele>
      </trkpt>
      <trkpt lat="41.317467" lon="0.87129">
        <ele>597.39</ele>
      </trkpt>
      <trkpt lat="41.31741" lon="0.871401">
        <ele>595.47</ele>
      </trkpt>
      <trkpt lat="41.317348" lon="0.87148">
        <ele>593.92</ele>
      </trkpt>
      <trkpt lat="41.317262" lon="0.871538">
        <ele>591.53</ele>
      </trkpt>
      <trkpt lat="41.317016" lon="0.871584">
        <ele>587.82</ele>
      </trkpt>
      <trkpt lat="41.316653" lon="0.871562">
        <ele>584.46</ele>
      </trkpt>
      <trkpt lat="41.316377" lon="0.871562">
        <ele>581.3</ele>
      </trkpt>
      <trkpt lat="41.316101" lon="0.871562">
        <ele>582.6</ele>
      </trkpt>
      <trkpt lat="41.315977" lon="0.871549">
        <ele>584.34</ele>
      </trkpt>
      <trkpt lat="41.315712" lon="0.871451">
        <ele>587.24</ele>
      </trkpt>
      <trkpt lat="41.315431" lon="0.871266">
        <ele>590.4</ele>
      </trkpt>
      <trkpt lat="41.315387" lon="0.871223">
        <ele>591.14</ele>
      </trkpt>
      <trkpt lat="41.31533" lon="0.871128">
        <ele>592.66</ele>
      </trkpt>
      <trkpt lat="41.315325" lon="0.87103">
        <ele>593.78</ele>
      </trkpt>
      <trkpt lat="41.315354" lon="0.870944">
        <ele>595.63</ele>
      </trkpt>
      <trkpt lat="41.315501" lon="0.870771">
        <ele>598.37</ele>
      </trkpt>
      <trkpt lat="41.315567" lon="0.870636">
        <ele>598.08</ele>
      </trkpt>
      <trkpt lat="41.315573" lon="0.870568">
        <ele>597.59</ele>
      </trkpt>
      <trkpt lat="41.315557" lon="0.870479">
        <ele>597.82</ele>
      </trkpt>
      <trkpt lat="41.31548" lon="0.870368">
        <ele>599.51</ele>
      </trkpt>
      <trkpt lat="41.315176" lon="0.870193">
        <ele>602.96</ele>
      </trkpt>
      <trkpt lat="41.314802" lon="0.86994">
        <ele>607.18</ele>
      </trkpt>
      <trkpt lat="41.314222" lon="0.869778">
        <ele>611.68</ele>
      </trkpt>
      <trkpt lat="41.314111" lon="0.869737">
        <ele>613.11</ele>
      </trkpt>
      <trkpt lat="41.314003" lon="0.869659">
        <ele>614.39</ele>
      </trkpt>
      <trkpt lat="41.313953" lon="0.869578">
        <ele>614.78</ele>
      </trkpt>
      <trkpt lat="41.313925" lon="0.869478">
        <ele>615</ele>
      </trkpt>
      <trkpt lat="41.313922" lon="0.869324">
        <ele>615.03</ele>
      </trkpt>
      <trkpt lat="41.313949" lon="0.869076">
        <ele>616.28</ele>
      </trkpt>
      <trkpt lat="41.313975" lon="0.86894">
        <ele>617.09</ele>
      </trkpt>
      <trkpt lat="41.314043" lon="0.868584">
        <ele>619.21</ele>
      </trkpt>
      <trkpt lat="41.313968" lon="0.868644">
        <ele>620</ele>
      </trkpt>
      <trkpt lat="41.313885" lon="0.86863">
        <ele>621.2</ele>
      </trkpt>
      <trkpt lat="41.313468" lon="0.868684">
        <ele>624.33</ele>
      </trkpt>
      <trkpt lat="41.312964" lon="0.868652">
        <ele>630.27</ele>
      </trkpt>
      <trkpt lat="41.31299" lon="0.868512">
        <ele>632.91</ele>
      </trkpt>
      <trkpt lat="41.31305" lon="0.868182">
        <ele>639.15</ele>
      </trkpt>
      <trkpt lat="41.312588" lon="0.86797">
        <ele>650.05</ele>
      </trkpt>
      <trkpt lat="41.312396" lon="0.867844">
        <ele>655.2</ele>
      </trkpt>
      <trkpt lat="41.312388" lon="0.867809">
        <ele>656.02</ele>
      </trkpt>
      <trkpt lat="41.312414" lon="0.86774">
        <ele>657.41</ele>
      </trkpt>
      <trkpt lat="41.312362" lon="0.867673">
        <ele>657.93</ele>
      </trkpt>
      <trkpt lat="41.312245" lon="0.867549">
        <ele>658</ele>
      </trkpt>
      <trkpt lat="41.312185" lon="0.86745">
        <ele>658.47</ele>
      </trkpt>
      <trkpt lat="41.312215" lon="0.867268">
        <ele>658.39</ele>
      </trkpt>
      <trkpt lat="41.312213" lon="0.867139">
        <ele>658.92</ele>
      </trkpt>
      <trkpt lat="41.312187" lon="0.867198">
        <ele>659.01</ele>
      </trkpt>
      <trkpt lat="41.312213" lon="0.867139">
        <ele>658.92</ele>
      </trkpt>
      <trkpt lat="41.312217" lon="0.867032">
        <ele>659.43</ele>
      </trkpt>
      <trkpt lat="41.31216" lon="0.866927">
        <ele>659.89</ele>
      </trkpt>
      <trkpt lat="41.311983" lon="0.866863">
        <ele>658.88</ele>
      </trkpt>
      <trkpt lat="41.31187" lon="0.866876">
        <ele>657.31</ele>
      </trkpt>
      <trkpt lat="41.311802" lon="0.866801">
        <ele>656.19</ele>
      </trkpt>
      <trkpt lat="41.311743" lon="0.866506">
        <ele>653.16</ele>
      </trkpt>
      <trkpt lat="41.311657" lon="0.866313">
        <ele>651.03</ele>
      </trkpt>
      <trkpt lat="41.311512" lon="0.865977">
        <ele>650.72</ele>
      </trkpt>
      <trkpt lat="41.311435" lon="0.865803">
        <ele>649.49</ele>
      </trkpt>
      <trkpt lat="41.311381" lon="0.865366">
        <ele>646.76</ele>
      </trkpt>
      <trkpt lat="41.311286" lon="0.865135">
        <ele>647.95</ele>
      </trkpt>
      <trkpt lat="41.311272" lon="0.864878">
        <ele>650.66</ele>
      </trkpt>
      <trkpt lat="41.311303" lon="0.864613">
        <ele>650.81</ele>
      </trkpt>
      <trkpt lat="41.311227" lon="0.864579">
        <ele>650.65</ele>
      </trkpt>
      <trkpt lat="41.311122" lon="0.86449">
        <ele>649.99</ele>
      </trkpt>
      <trkpt lat="41.311076" lon="0.864419">
        <ele>650.81</ele>
      </trkpt>
      <trkpt lat="41.311056" lon="0.864356">
        <ele>652.16</ele>
      </trkpt>
      <trkpt lat="41.31106" lon="0.864256">
        <ele>653.53</ele>
      </trkpt>
      <trkpt lat="41.311088" lon="0.864184">
        <ele>654.14</ele>
      </trkpt>
      <trkpt lat="41.310995" lon="0.864262">
        <ele>653.96</ele>
      </trkpt>
      <trkpt lat="41.310758" lon="0.864202">
        <ele>660.51</ele>
      </trkpt>
      <trkpt lat="41.310285" lon="0.864083">
        <ele>670.34</ele>
      </trkpt>
      <trkpt lat="41.310205" lon="0.864056">
        <ele>671.59</ele>
      </trkpt>
      <trkpt lat="41.309902" lon="0.864002">
        <ele>676.27</ele>
      </trkpt>
      <trkpt lat="41.309679" lon="0.864016">
        <ele>679.23</ele>
      </trkpt>
      <trkpt lat="41.309566" lon="0.863989">
        <ele>681.28</ele>
      </trkpt>
      <trkpt lat="41.309475" lon="0.864036">
        <ele>682.68</ele>
      </trkpt>
      <trkpt lat="41.309343" lon="0.863993">
        <ele>684.4</ele>
      </trkpt>
      <trkpt lat="41.309298" lon="0.863997">
        <ele>685.25</ele>
      </trkpt>
      <trkpt lat="41.309247" lon="0.864002">
        <ele>686.21</ele>
      </trkpt>
      <trkpt lat="41.309142" lon="0.863939">
        <ele>689.07</ele>
      </trkpt>
      <trkpt lat="41.309069" lon="0.864091">
        <ele>689.02</ele>
      </trkpt>
      <trkpt lat="41.308889" lon="0.864297">
        <ele>688.81</ele>
      </trkpt>
      <trkpt lat="41.308851" lon="0.864354">
        <ele>689.23</ele>
      </trkpt>
      <trkpt lat="41.308732" lon="0.864532">
        <ele>690.58</ele>
      </trkpt>
      <trkpt lat="41.308645" lon="0.864612">
        <ele>692.6</ele>
      </trkpt>
      <trkpt lat="41.30848" lon="0.864364">
        <ele>696.53</ele>
      </trkpt>
      <trkpt lat="41.308229" lon="0.864142">
        <ele>707.79</ele>
      </trkpt>
      <trkpt lat="41.308252" lon="0.864071">
        <ele>708.57</ele>
      </trkpt>
      <trkpt lat="41.308288" lon="0.863959">
        <ele>709.79</ele>
      </trkpt>
      <trkpt lat="41.308361" lon="0.863846">
        <ele>707.88</ele>
      </trkpt>
      <trkpt lat="41.308493" lon="0.863665">
        <ele>707.63</ele>
      </trkpt>
      <trkpt lat="41.308499" lon="0.863657">
        <ele>707.62</ele>
      </trkpt>
      <trkpt lat="41.308509" lon="0.863578">
        <ele>708.91</ele>
      </trkpt>
      <trkpt lat="41.308489" lon="0.863531">
        <ele>710.03</ele>
      </trkpt>
      <trkpt lat="41.308317" lon="0.863519">
        <ele>714.6</ele>
      </trkpt>
      <trkpt lat="41.308232" lon="0.86346">
        <ele>717.65</ele>
      </trkpt>
      <trkpt lat="41.308099" lon="0.86332">
        <ele>723.04</ele>
      </trkpt>
      <trkpt lat="41.307982" lon="0.863238">
        <ele>728.08</ele>
      </trkpt>
      <trkpt lat="41.307921" lon="0.863173">
        <ele>730.35</ele>
      </trkpt>
      <trkpt lat="41.307826" lon="0.862987">
        <ele>734.11</ele>
      </trkpt>
      <trkpt lat="41.307734" lon="0.862867">
        <ele>736.61</ele>
      </trkpt>
      <trkpt lat="41.307664" lon="0.862841">
        <ele>738.03</ele>
      </trkpt>
      <trkpt lat="41.3076" lon="0.862869">
        <ele>740.62</ele>
      </trkpt>
      <trkpt lat="41.307354" lon="0.863155">
        <ele>753.64</ele>
      </trkpt>
      <trkpt lat="41.307272" lon="0.863285">
        <ele>757.03</ele>
      </trkpt>
      <trkpt lat="41.307274" lon="0.863417">
        <ele>757.35</ele>
      </trkpt>
      <trkpt lat="41.307254" lon="0.863481">
        <ele>758.16</ele>
      </trkpt>
      <trkpt lat="41.307129" lon="0.86348">
        <ele>763.43</ele>
      </trkpt>
      <trkpt lat="41.307064" lon="0.863585">
        <ele>765.6</ele>
      </trkpt>
      <trkpt lat="41.307061" lon="0.863407">
        <ele>766.88</ele>
      </trkpt>
      <trkpt lat="41.306998" lon="0.863565">
        <ele>768.39</ele>
      </trkpt>
      <trkpt lat="41.306956" lon="0.863392">
        <ele>771.99</ele>
      </trkpt>
      <trkpt lat="41.306934" lon="0.863432">
        <ele>772.5</ele>
      </trkpt>
      <trkpt lat="41.306898" lon="0.863498">
        <ele>773.33</ele>
      </trkpt>
      <trkpt lat="41.30686" lon="0.863478">
        <ele>775.29</ele>
      </trkpt>
      <trkpt lat="41.306846" lon="0.863415">
        <ele>776.82</ele>
      </trkpt>
      <trkpt lat="41.306841" lon="0.863261">
        <ele>778.09</ele>
      </trkpt>
      <trkpt lat="41.306799" lon="0.863295">
        <ele>780.08</ele>
      </trkpt>
      <trkpt lat="41.306752" lon="0.863135">
        <ele>783.6</ele>
      </trkpt>
      <trkpt lat="41.30669" lon="0.862975">
        <ele>785.37</ele>
      </trkpt>
      <trkpt lat="41.306663" lon="0.862962">
        <ele>786.82</ele>
      </trkpt>
      <trkpt lat="41.306607" lon="0.863077">
        <ele>791.06</ele>
      </trkpt>
      <trkpt lat="41.306571" lon="0.863219">
        <ele>793.46</ele>
      </trkpt>
      <trkpt lat="41.30654" lon="0.863257">
        <ele>795.1</ele>
      </trkpt>
      <trkpt lat="41.306489" lon="0.863238">
        <ele>797.86</ele>
      </trkpt>
      <trkpt lat="41.306461" lon="0.86314">
        <ele>799.38</ele>
      </trkpt>
      <trkpt lat="41.30639" lon="0.863095">
        <ele>803.21</ele>
      </trkpt>
      <trkpt lat="41.306291" lon="0.86283">
        <ele>805.77</ele>
      </trkpt>
      <trkpt lat="41.306169" lon="0.862771">
        <ele>812.63</ele>
      </trkpt>
      <trkpt lat="41.306115" lon="0.86266">
        <ele>814.24</ele>
      </trkpt>
      <trkpt lat="41.306036" lon="0.862597">
        <ele>817.19</ele>
      </trkpt>
      <trkpt lat="41.305968" lon="0.86249">
        <ele>820.87</ele>
      </trkpt>
      <trkpt lat="41.305936" lon="0.862407">
        <ele>823.65</ele>
      </trkpt>
      <trkpt lat="41.305875" lon="0.862244">
        <ele>829.09</ele>
      </trkpt>
      <trkpt lat="41.305904" lon="0.862151">
        <ele>830.1</ele>
      </trkpt>
      <trkpt lat="41.305905" lon="0.862004">
        <ele>834.81</ele>
      </trkpt>
      <trkpt lat="41.305882" lon="0.861669">
        <ele>845.75</ele>
      </trkpt>
      <trkpt lat="41.30588" lon="0.8614">
        <ele>858.12</ele>
      </trkpt>
      <trkpt lat="41.305954" lon="0.861318">
        <ele>855.51</ele>
      </trkpt>
      <trkpt lat="41.305992" lon="0.861227">
        <ele>856.36</ele>
      </trkpt>
      <trkpt lat="41.306042" lon="0.860799">
        <ele>863.24</ele>
      </trkpt>
      <trkpt lat="41.306124" lon="0.8605">
        <ele>867.44</ele>
      </trkpt>
      <trkpt lat="41.306151" lon="0.860378">
        <ele>866.85</ele>
      </trkpt>
      <trkpt lat="41.306118" lon="0.860281">
        <ele>871.81</ele>
      </trkpt>
      <trkpt lat="41.306108" lon="0.860104">
        <ele>875.98</ele>
      </trkpt>
      <trkpt lat="41.306134" lon="0.859935">
        <ele>877.56</ele>
      </trkpt>
      <trkpt lat="41.306165" lon="0.85984">
        <ele>878.58</ele>
      </trkpt>
      <trkpt lat="41.306199" lon="0.859842">
        <ele>877.32</ele>
      </trkpt>
      <trkpt lat="41.306256" lon="0.859845">
        <ele>875.24</ele>
      </trkpt>
      <trkpt lat="41.306318" lon="0.859792">
        <ele>875.49</ele>
      </trkpt>
      <trkpt lat="41.306358" lon="0.859683">
        <ele>877.72</ele>
      </trkpt>
      <trkpt lat="41.306337" lon="0.859542">
        <ele>880.66</ele>
      </trkpt>
      <trkpt lat="41.306319" lon="0.859406">
        <ele>880.72</ele>
      </trkpt>
      <trkpt lat="41.306257" lon="0.859313">
        <ele>881.78</ele>
      </trkpt>
      <trkpt lat="41.306098" lon="0.859045">
        <ele>882.48</ele>
      </trkpt>
      <trkpt lat="41.306009" lon="0.858927">
        <ele>882.74</ele>
      </trkpt>
      <trkpt lat="41.305867" lon="0.858698">
        <ele>887.93</ele>
      </trkpt>
      <trkpt lat="41.305777" lon="0.858512">
        <ele>892.03</ele>
      </trkpt>
      <trkpt lat="41.305761" lon="0.858361">
        <ele>894.69</ele>
      </trkpt>
      <trkpt lat="41.305793" lon="0.858284">
        <ele>893.92</ele>
      </trkpt>
      <trkpt lat="41.305794" lon="0.858186">
        <ele>893.34</ele>
      </trkpt>
      <trkpt lat="41.30575" lon="0.857994">
        <ele>894.21</ele>
      </trkpt>
      <trkpt lat="41.305679" lon="0.857785">
        <ele>898.6</ele>
      </trkpt>
      <trkpt lat="41.305663" lon="0.857727">
        <ele>900.19</ele>
      </trkpt>
      <trkpt lat="41.305641" lon="0.857554">
        <ele>908.83</ele>
      </trkpt>
      <trkpt lat="41.305683" lon="0.857404">
        <ele>907.9</ele>
      </trkpt>
      <trkpt lat="41.305671" lon="0.857272">
        <ele>906.69</ele>
      </trkpt>
      <trkpt lat="41.305648" lon="0.857213">
        <ele>907</ele>
      </trkpt>
      <trkpt lat="41.305533" lon="0.857001">
        <ele>909.73</ele>
      </trkpt>
      <trkpt lat="41.305502" lon="0.85694">
        <ele>913.07</ele>
      </trkpt>
      <trkpt lat="41.305478" lon="0.856854">
        <ele>915.65</ele>
      </trkpt>
      <trkpt lat="41.305477" lon="0.856778">
        <ele>917.04</ele>
      </trkpt>
      <trkpt lat="41.305457" lon="0.856708">
        <ele>919.69</ele>
      </trkpt>
      <trkpt lat="41.30548" lon="0.856634">
        <ele>920.98</ele>
      </trkpt>
      <trkpt lat="41.305482" lon="0.856547">
        <ele>924.15</ele>
      </trkpt>
      <trkpt lat="41.305529" lon="0.856482">
        <ele>926.43</ele>
      </trkpt>
      <trkpt lat="41.305538" lon="0.856405">
        <ele>930.99</ele>
      </trkpt>
      <trkpt lat="41.30549" lon="0.856446">
        <ele>930.73</ele>
      </trkpt>
      <trkpt lat="41.305438" lon="0.856508">
        <ele>928.83</ele>
      </trkpt>
      <trkpt lat="41.305393" lon="0.856537">
        <ele>928.95</ele>
      </trkpt>
      <trkpt lat="41.305341" lon="0.856504">
        <ele>934.03</ele>
      </trkpt>
      <trkpt lat="41.305308" lon="0.856548">
        <ele>933.52</ele>
      </trkpt>
      <trkpt lat="41.305291" lon="0.8565">
        <ele>936.95</ele>
      </trkpt>
      <trkpt lat="41.30526" lon="0.856503">
        <ele>938.72</ele>
      </trkpt>
      <trkpt lat="41.305245" lon="0.856519">
        <ele>939.19</ele>
      </trkpt>
      <trkpt lat="41.305232" lon="0.856586">
        <ele>938.81</ele>
      </trkpt>
      <trkpt lat="41.305243" lon="0.856651">
        <ele>937.43</ele>
      </trkpt>
      <trkpt lat="41.305222" lon="0.856785">
        <ele>937.32</ele>
      </trkpt>
      <trkpt lat="41.305165" lon="0.856909">
        <ele>939.41</ele>
      </trkpt>
      <trkpt lat="41.305132" lon="0.85694">
        <ele>942.14</ele>
      </trkpt>
      <trkpt lat="41.305107" lon="0.856943">
        <ele>944.16</ele>
      </trkpt>
      <trkpt lat="41.305088" lon="0.856889">
        <ele>945.43</ele>
      </trkpt>
      <trkpt lat="41.305088" lon="0.856822">
        <ele>947.31</ele>
      </trkpt>
      <trkpt lat="41.305138" lon="0.856668">
        <ele>945.69</ele>
      </trkpt>
      <trkpt lat="41.305121" lon="0.856534">
        <ele>949.43</ele>
      </trkpt>
      <trkpt lat="41.305126" lon="0.856459">
        <ele>951</ele>
      </trkpt>
      <trkpt lat="41.305149" lon="0.856369">
        <ele>951.67</ele>
      </trkpt>
      <trkpt lat="41.305187" lon="0.856242">
        <ele>954.72</ele>
      </trkpt>
      <trkpt lat="41.30524" lon="0.856207">
        <ele>953.32</ele>
      </trkpt>
      <trkpt lat="41.305251" lon="0.856123">
        <ele>956.25</ele>
      </trkpt>
      <trkpt lat="41.30528" lon="0.856047">
        <ele>957.68</ele>
      </trkpt>
      <trkpt lat="41.305284" lon="0.856002">
        <ele>959.52</ele>
      </trkpt>
      <trkpt lat="41.305336" lon="0.855945">
        <ele>959.05</ele>
      </trkpt>
      <trkpt lat="41.305351" lon="0.85588">
        <ele>961.18</ele>
      </trkpt>
      <trkpt lat="41.305375" lon="0.855857">
        <ele>960.57</ele>
      </trkpt>
      <trkpt lat="41.305365" lon="0.85579">
        <ele>962.39</ele>
      </trkpt>
      <trkpt lat="41.305375" lon="0.855716">
        <ele>962.66</ele>
      </trkpt>
      <trkpt lat="41.305291" lon="0.855674">
        <ele>970.63</ele>
      </trkpt>
      <trkpt lat="41.305285" lon="0.855637">
        <ele>970.51</ele>
      </trkpt>
      <trkpt lat="41.305177" lon="0.855481">
        <ele>979.35</ele>
      </trkpt>
      <trkpt lat="41.305149" lon="0.85542">
        <ele>982.11</ele>
      </trkpt>
      <trkpt lat="41.30509" lon="0.855461">
        <ele>988.44</ele>
      </trkpt>
      <trkpt lat="41.305043" lon="0.855313">
        <ele>990.49</ele>
      </trkpt>
      <trkpt lat="41.304946" lon="0.855181">
        <ele>994.7</ele>
      </trkpt>
      <trkpt lat="41.304945" lon="0.855091">
        <ele>992.66</ele>
      </trkpt>
      <trkpt lat="41.304907" lon="0.855012">
        <ele>992.89</ele>
      </trkpt>
      <trkpt lat="41.304757" lon="0.854905">
        <ele>995.76</ele>
      </trkpt>
      <trkpt lat="41.304652" lon="0.854804">
        <ele>999.42</ele>
      </trkpt>
      <trkpt lat="41.304418" lon="0.854538">
        <ele>1008.64</ele>
      </trkpt>
      <trkpt lat="41.304356" lon="0.854383">
        <ele>1013.15</ele>
      </trkpt>
      <trkpt lat="41.304432" lon="0.854171">
        <ele>1016.48</ele>
      </trkpt>
      <trkpt lat="41.304489" lon="0.854047">
        <ele>1019.29</ele>
      </trkpt>
      <trkpt lat="41.304438" lon="0.853997">
        <ele>1021.86</ele>
      </trkpt>
      <trkpt lat="41.304374" lon="0.85398">
        <ele>1023.45</ele>
      </trkpt>
      <trkpt lat="41.304307" lon="0.853982">
        <ele>1025.16</ele>
      </trkpt>
      <trkpt lat="41.304165" lon="0.853985">
        <ele>1028.79</ele>
      </trkpt>
      <trkpt lat="41.304029" lon="0.854037">
        <ele>1031.79</ele>
      </trkpt>
      <trkpt lat="41.303846" lon="0.854172">
        <ele>1034.01</ele>
      </trkpt>
      <trkpt lat="41.303824" lon="0.854329">
        <ele>1034.59</ele>
      </trkpt>
      <trkpt lat="41.303846" lon="0.854172">
        <ele>1034.01</ele>
      </trkpt>
      <trkpt lat="41.303833" lon="0.854091">
        <ele>1033.94</ele>
      </trkpt>
      <trkpt lat="41.303785" lon="0.85407">
        <ele>1033.62</ele>
      </trkpt>
      <trkpt lat="41.303749" lon="0.854019">
        <ele>1032.95</ele>
      </trkpt>
      <trkpt lat="41.303689" lon="0.853963">
        <ele>1031.49</ele>
      </trkpt>
      <trkpt lat="41.303501" lon="0.853847">
        <ele>1026.06</ele>
      </trkpt>
      <trkpt lat="41.303454" lon="0.853845">
        <ele>1025.5</ele>
      </trkpt>
      <trkpt lat="41.303392" lon="0.853825">
        <ele>1025.42</ele>
      </trkpt>
      <trkpt lat="41.303322" lon="0.853787">
        <ele>1024.93</ele>
      </trkpt>
      <trkpt lat="41.303259" lon="0.853738">
        <ele>1024.87</ele>
      </trkpt>
      <trkpt lat="41.303142" lon="0.853553">
        <ele>1022.8</ele>
      </trkpt>
      <trkpt lat="41.303099" lon="0.853465">
        <ele>1021.59</ele>
      </trkpt>
      <trkpt lat="41.303058" lon="0.853418">
        <ele>1021.65</ele>
      </trkpt>
      <trkpt lat="41.303001" lon="0.853386">
        <ele>1022.49</ele>
      </trkpt>
      <trkpt lat="41.302786" lon="0.852999">
        <ele>1018.85</ele>
      </trkpt>
      <trkpt lat="41.302699" lon="0.852897">
        <ele>1017.85</ele>
      </trkpt>
      <trkpt lat="41.302609" lon="0.852804">
        <ele>1014.81</ele>
      </trkpt>
      <trkpt lat="41.302532" lon="0.852831">
        <ele>1012.73</ele>
      </trkpt>
      <trkpt lat="41.302481" lon="0.852842">
        <ele>1009.95</ele>
      </trkpt>
      <trkpt lat="41.302457" lon="0.852899">
        <ele>1009.13</ele>
      </trkpt>
      <trkpt lat="41.302448" lon="0.853089">
        <ele>1008.46</ele>
      </trkpt>
      <trkpt lat="41.302415" lon="0.853147">
        <ele>1007.55</ele>
      </trkpt>
      <trkpt lat="41.302338" lon="0.85326">
        <ele>1008.37</ele>
      </trkpt>
      <trkpt lat="41.302289" lon="0.853277">
        <ele>1008.17</ele>
      </trkpt>
      <trkpt lat="41.302253" lon="0.853268">
        <ele>1008.97</ele>
      </trkpt>
      <trkpt lat="41.302194" lon="0.853209">
        <ele>1009.05</ele>
      </trkpt>
      <trkpt lat="41.30211" lon="0.853099">
        <ele>1006.56</ele>
      </trkpt>
      <trkpt lat="41.301924" lon="0.852907">
        <ele>1001.14</ele>
      </trkpt>
      <trkpt lat="41.301746" lon="0.852622">
        <ele>998.65</ele>
      </trkpt>
      <trkpt lat="41.301706" lon="0.852499">
        <ele>997.13</ele>
      </trkpt>
      <trkpt lat="41.30163" lon="0.852334">
        <ele>994.9</ele>
      </trkpt>
      <trkpt lat="41.301515" lon="0.852171">
        <ele>993.99</ele>
      </trkpt>
      <trkpt lat="41.301326" lon="0.8519">
        <ele>992.5</ele>
      </trkpt>
      <trkpt lat="41.301421" lon="0.851894">
        <ele>987.64</ele>
      </trkpt>
      <trkpt lat="41.301452" lon="0.851849">
        <ele>985.26</ele>
      </trkpt>
      <trkpt lat="41.301364" lon="0.851722">
        <ele>984.53</ele>
      </trkpt>
      <trkpt lat="41.301213" lon="0.851398">
        <ele>975.98</ele>
      </trkpt>
      <trkpt lat="41.301115" lon="0.851245">
        <ele>974.48</ele>
      </trkpt>
      <trkpt lat="41.301077" lon="0.851158">
        <ele>973.43</ele>
      </trkpt>
      <trkpt lat="41.301057" lon="0.851087">
        <ele>972.4</ele>
      </trkpt>
      <trkpt lat="41.301055" lon="0.851029">
        <ele>970.98</ele>
      </trkpt>
      <trkpt lat="41.301022" lon="0.850973">
        <ele>970.07</ele>
      </trkpt>
      <trkpt lat="41.300993" lon="0.850924">
        <ele>969.28</ele>
      </trkpt>
      <trkpt lat="41.301014" lon="0.850921">
        <ele>968.45</ele>
      </trkpt>
      <trkpt lat="41.301216" lon="0.850977">
        <ele>963.36</ele>
      </trkpt>
      <trkpt lat="41.301274" lon="0.850938">
        <ele>960.23</ele>
      </trkpt>
      <trkpt lat="41.301292" lon="0.850906">
        <ele>958.91</ele>
      </trkpt>
      <trkpt lat="41.30129" lon="0.850875">
        <ele>958.26</ele>
      </trkpt>
      <trkpt lat="41.301266" lon="0.850841">
        <ele>958.22</ele>
      </trkpt>
      <trkpt lat="41.30125" lon="0.850788">
        <ele>957.44</ele>
      </trkpt>
      <trkpt lat="41.301265" lon="0.85075">
        <ele>956.14</ele>
      </trkpt>
      <trkpt lat="41.30129" lon="0.850716">
        <ele>954.77</ele>
      </trkpt>
      <trkpt lat="41.301317" lon="0.850706">
        <ele>953.9</ele>
      </trkpt>
      <trkpt lat="41.301356" lon="0.850706">
        <ele>952.98</ele>
      </trkpt>
      <trkpt lat="41.301426" lon="0.850757">
        <ele>951.97</ele>
      </trkpt>
      <trkpt lat="41.30153" lon="0.850815">
        <ele>949.82</ele>
      </trkpt>
      <trkpt lat="41.301666" lon="0.850839">
        <ele>947.07</ele>
      </trkpt>
      <trkpt lat="41.301726" lon="0.850863">
        <ele>946.08</ele>
      </trkpt>
      <trkpt lat="41.301806" lon="0.85095">
        <ele>946.05</ele>
      </trkpt>
      <trkpt lat="41.301832" lon="0.851019">
        <ele>946.52</ele>
      </trkpt>
      <trkpt lat="41.301859" lon="0.851062">
        <ele>946.38</ele>
      </trkpt>
      <trkpt lat="41.301938" lon="0.851146">
        <ele>945.92</ele>
      </trkpt>
      <trkpt lat="41.301982" lon="0.851094">
        <ele>944.3</ele>
      </trkpt>
      <trkpt lat="41.302004" lon="0.85104">
        <ele>943.26</ele>
      </trkpt>
      <trkpt lat="41.301995" lon="0.850941">
        <ele>942.94</ele>
      </trkpt>
      <trkpt lat="41.30196" lon="0.850873">
        <ele>942.41</ele>
      </trkpt>
      <trkpt lat="41.301885" lon="0.850573">
        <ele>939.99</ele>
      </trkpt>
      <trkpt lat="41.301879" lon="0.850493">
        <ele>939.64</ele>
      </trkpt>
      <trkpt lat="41.301883" lon="0.8504">
        <ele>940.03</ele>
      </trkpt>
      <trkpt lat="41.301872" lon="0.850278">
        <ele>939.54</ele>
      </trkpt>
      <trkpt lat="41.301891" lon="0.850208">
        <ele>939.87</ele>
      </trkpt>
      <trkpt lat="41.301915" lon="0.850092">
        <ele>940.59</ele>
      </trkpt>
      <trkpt lat="41.301888" lon="0.850054">
        <ele>940.63</ele>
      </trkpt>
      <trkpt lat="41.301792" lon="0.849954">
        <ele>941.72</ele>
      </trkpt>
      <trkpt lat="41.301725" lon="0.849899">
        <ele>941.31</ele>
      </trkpt>
      <trkpt lat="41.301591" lon="0.849752">
        <ele>940.67</ele>
      </trkpt>
      <trkpt lat="41.301545" lon="0.849684">
        <ele>940.43</ele>
      </trkpt>
      <trkpt lat="41.301445" lon="0.849496">
        <ele>939.46</ele>
      </trkpt>
      <trkpt lat="41.301422" lon="0.849376">
        <ele>939.77</ele>
      </trkpt>
      <trkpt lat="41.301411" lon="0.849276">
        <ele>941.12</ele>
      </trkpt>
      <trkpt lat="41.30139" lon="0.849219">
        <ele>941.93</ele>
      </trkpt>
      <trkpt lat="41.301351" lon="0.849165">
        <ele>942.21</ele>
      </trkpt>
      <trkpt lat="41.30131" lon="0.849085">
        <ele>941.09</ele>
      </trkpt>
      <trkpt lat="41.301268" lon="0.848903">
        <ele>939.14</ele>
      </trkpt>
      <trkpt lat="41.301212" lon="0.848713">
        <ele>939.3</ele>
      </trkpt>
      <trkpt lat="41.301207" lon="0.848657">
        <ele>940.33</ele>
      </trkpt>
      <trkpt lat="41.301213" lon="0.848542">
        <ele>940.33</ele>
      </trkpt>
      <trkpt lat="41.301241" lon="0.848432">
        <ele>940.65</ele>
      </trkpt>
      <trkpt lat="41.301266" lon="0.848363">
        <ele>940.95</ele>
      </trkpt>
      <trkpt lat="41.301268" lon="0.848293">
        <ele>940.21</ele>
      </trkpt>
      <trkpt lat="41.301207" lon="0.848166">
        <ele>941.03</ele>
      </trkpt>
      <trkpt lat="41.301172" lon="0.84805">
        <ele>942.21</ele>
      </trkpt>
      <trkpt lat="41.301115" lon="0.847901">
        <ele>941.05</ele>
      </trkpt>
      <trkpt lat="41.301088" lon="0.847709">
        <ele>940</ele>
      </trkpt>
      <trkpt lat="41.301087" lon="0.847609">
        <ele>940.17</ele>
      </trkpt>
      <trkpt lat="41.301122" lon="0.84749">
        <ele>941.23</ele>
      </trkpt>
      <trkpt lat="41.301142" lon="0.847402">
        <ele>941.5</ele>
      </trkpt>
      <trkpt lat="41.301113" lon="0.847377">
        <ele>941.77</ele>
      </trkpt>
      <trkpt lat="41.301067" lon="0.847357">
        <ele>942.51</ele>
      </trkpt>
      <trkpt lat="41.300999" lon="0.847368">
        <ele>942.91</ele>
      </trkpt>
      <trkpt lat="41.300852" lon="0.847479">
        <ele>942.73</ele>
      </trkpt>
      <trkpt lat="41.300712" lon="0.847682">
        <ele>941.46</ele>
      </trkpt>
      <trkpt lat="41.300632" lon="0.84775">
        <ele>940.9</ele>
      </trkpt>
      <trkpt lat="41.300533" lon="0.847853">
        <ele>938.15</ele>
      </trkpt>
      <trkpt lat="41.300382" lon="0.847905">
        <ele>936.97</ele>
      </trkpt>
      <trkpt lat="41.300324" lon="0.847983">
        <ele>933.47</ele>
      </trkpt>
      <trkpt lat="41.300405" lon="0.848084">
        <ele>928.56</ele>
      </trkpt>
      <trkpt lat="41.300441" lon="0.8481">
        <ele>927.82</ele>
      </trkpt>
      <trkpt lat="41.300454" lon="0.848138">
        <ele>926.2</ele>
      </trkpt>
      <trkpt lat="41.300441" lon="0.848184">
        <ele>924.21</ele>
      </trkpt>
      <trkpt lat="41.300416" lon="0.848216">
        <ele>922.75</ele>
      </trkpt>
      <trkpt lat="41.30037" lon="0.84825">
        <ele>920.95</ele>
      </trkpt>
      <trkpt lat="41.300294" lon="0.848279">
        <ele>918.6</ele>
      </trkpt>
      <trkpt lat="41.300113" lon="0.848237">
        <ele>916.25</ele>
      </trkpt>
      <trkpt lat="41.300006" lon="0.848189">
        <ele>914.27</ele>
      </trkpt>
      <trkpt lat="41.299811" lon="0.848077">
        <ele>909.74</ele>
      </trkpt>
      <trkpt lat="41.299727" lon="0.847989">
        <ele>907.85</ele>
      </trkpt>
      <trkpt lat="41.299656" lon="0.847962">
        <ele>905.4</ele>
      </trkpt>
      <trkpt lat="41.29959" lon="0.847981">
        <ele>902.27</ele>
      </trkpt>
      <trkpt lat="41.299515" lon="0.847977">
        <ele>899.08</ele>
      </trkpt>
      <trkpt lat="41.299493" lon="0.847934">
        <ele>899.05</ele>
      </trkpt>
      <trkpt lat="41.299458" lon="0.847948">
        <ele>897.17</ele>
      </trkpt>
      <trkpt lat="41.299426" lon="0.847949">
        <ele>895.67</ele>
      </trkpt>
      <trkpt lat="41.299313" lon="0.847845">
        <ele>892.48</ele>
      </trkpt>
      <trkpt lat="41.299188" lon="0.847846">
        <ele>889.1</ele>
      </trkpt>
      <trkpt lat="41.299015" lon="0.847764">
        <ele>884.55</ele>
      </trkpt>
      <trkpt lat="41.298878" lon="0.847741">
        <ele>879.71</ele>
      </trkpt>
      <trkpt lat="41.298846" lon="0.847757">
        <ele>878.43</ele>
      </trkpt>
      <trkpt lat="41.298812" lon="0.847833">
        <ele>876.47</ele>
      </trkpt>
      <trkpt lat="41.298812" lon="0.847915">
        <ele>875.52</ele>
      </trkpt>
      <trkpt lat="41.298823" lon="0.847991">
        <ele>874.83</ele>
      </trkpt>
      <trkpt lat="41.298858" lon="0.84809">
        <ele>874.46</ele>
      </trkpt>
      <trkpt lat="41.29886" lon="0.848115">
        <ele>874.09</ele>
      </trkpt>
      <trkpt lat="41.298845" lon="0.848147">
        <ele>873.73</ele>
      </trkpt>
      <trkpt lat="41.298794" lon="0.848198">
        <ele>872.79</ele>
      </trkpt>
      <trkpt lat="41.298726" lon="0.848288">
        <ele>873.01</ele>
      </trkpt>
      <trkpt lat="41.298657" lon="0.848344">
        <ele>872.88</ele>
      </trkpt>
      <trkpt lat="41.298545" lon="0.848405">
        <ele>871.39</ele>
      </trkpt>
      <trkpt lat="41.298512" lon="0.848439">
        <ele>872.51</ele>
      </trkpt>
      <trkpt lat="41.298425" lon="0.84849">
        <ele>873.17</ele>
      </trkpt>
      <trkpt lat="41.298398" lon="0.848349">
        <ele>873.84</ele>
      </trkpt>
      <trkpt lat="41.298323" lon="0.848275">
        <ele>877.36</ele>
      </trkpt>
      <trkpt lat="41.298275" lon="0.848205">
        <ele>879.23</ele>
      </trkpt>
      <trkpt lat="41.2982" lon="0.848046">
        <ele>880.04</ele>
      </trkpt>
      <trkpt lat="41.298101" lon="0.84788">
        <ele>881.31</ele>
      </trkpt>
      <trkpt lat="41.297855" lon="0.847552">
        <ele>885.61</ele>
      </trkpt>
      <trkpt lat="41.297743" lon="0.847425">
        <ele>888.02</ele>
      </trkpt>
      <trkpt lat="41.297652" lon="0.847326">
        <ele>887.56</ele>
      </trkpt>
      <trkpt lat="41.297598" lon="0.847303">
        <ele>886.91</ele>
      </trkpt>
      <trkpt lat="41.29753" lon="0.847305">
        <ele>887.12</ele>
      </trkpt>
      <trkpt lat="41.297404" lon="0.84734">
        <ele>888.34</ele>
      </trkpt>
      <trkpt lat="41.297373" lon="0.847362">
        <ele>889.07</ele>
      </trkpt>
      <trkpt lat="41.297311" lon="0.847404">
        <ele>890.54</ele>
      </trkpt>
      <trkpt lat="41.297165" lon="0.847474">
        <ele>893.09</ele>
      </trkpt>
      <trkpt lat="41.297041" lon="0.847503">
        <ele>892.8</ele>
      </trkpt>
      <trkpt lat="41.29676" lon="0.847523">
        <ele>892.89</ele>
      </trkpt>
      <trkpt lat="41.296575" lon="0.847523">
        <ele>893.04</ele>
      </trkpt>
      <trkpt lat="41.296334" lon="0.847559">
        <ele>892.56</ele>
      </trkpt>
      <trkpt lat="41.296158" lon="0.847553">
        <ele>893.4</ele>
      </trkpt>
      <trkpt lat="41.295999" lon="0.847509">
        <ele>891.07</ele>
      </trkpt>
      <trkpt lat="41.295767" lon="0.847537">
        <ele>889.83</ele>
      </trkpt>
      <trkpt lat="41.295714" lon="0.847535">
        <ele>888.28</ele>
      </trkpt>
      <trkpt lat="41.295645" lon="0.847551">
        <ele>886.11</ele>
      </trkpt>
      <trkpt lat="41.295549" lon="0.847557">
        <ele>881.88</ele>
      </trkpt>
      <trkpt lat="41.295245" lon="0.847743">
        <ele>876.58</ele>
      </trkpt>
      <trkpt lat="41.295153" lon="0.847769">
        <ele>873.42</ele>
      </trkpt>
      <trkpt lat="41.295074" lon="0.847776">
        <ele>870.55</ele>
      </trkpt>
      <trkpt lat="41.294978" lon="0.847849">
        <ele>866.75</ele>
      </trkpt>
      <trkpt lat="41.294932" lon="0.847941">
        <ele>864.89</ele>
      </trkpt>
      <trkpt lat="41.294911" lon="0.848004">
        <ele>863.73</ele>
      </trkpt>
      <trkpt lat="41.294863" lon="0.848213">
        <ele>859.26</ele>
      </trkpt>
      <trkpt lat="41.294828" lon="0.848307">
        <ele>856.61</ele>
      </trkpt>
      <trkpt lat="41.294784" lon="0.848469">
        <ele>853.84</ele>
      </trkpt>
      <trkpt lat="41.294754" lon="0.84847">
        <ele>851.94</ele>
      </trkpt>
      <trkpt lat="41.29472" lon="0.848418">
        <ele>850.07</ele>
      </trkpt>
      <trkpt lat="41.294691" lon="0.84833">
        <ele>848.77</ele>
      </trkpt>
      <trkpt lat="41.294632" lon="0.848209">
        <ele>846.1</ele>
      </trkpt>
      <trkpt lat="41.294524" lon="0.848153">
        <ele>841.26</ele>
      </trkpt>
      <trkpt lat="41.294475" lon="0.848077">
        <ele>839.01</ele>
      </trkpt>
      <trkpt lat="41.294449" lon="0.848013">
        <ele>837.57</ele>
      </trkpt>
      <trkpt lat="41.294442" lon="0.847951">
        <ele>836.9</ele>
      </trkpt>
      <trkpt lat="41.294409" lon="0.847926">
        <ele>836.21</ele>
      </trkpt>
      <trkpt lat="41.294365" lon="0.847931">
        <ele>836.93</ele>
      </trkpt>
      <trkpt lat="41.294262" lon="0.847857">
        <ele>840.03</ele>
      </trkpt>
      <trkpt lat="41.294161" lon="0.847847">
        <ele>842.23</ele>
      </trkpt>
      <trkpt lat="41.294123" lon="0.847828">
        <ele>843.52</ele>
      </trkpt>
      <trkpt lat="41.294104" lon="0.847787">
        <ele>844.92</ele>
      </trkpt>
      <trkpt lat="41.294104" lon="0.847732">
        <ele>847.12</ele>
      </trkpt>
      <trkpt lat="41.294117" lon="0.847665">
        <ele>849.72</ele>
      </trkpt>
      <trkpt lat="41.294149" lon="0.847583">
        <ele>852.21</ele>
      </trkpt>
      <trkpt lat="41.294227" lon="0.847425">
        <ele>856.44</ele>
      </trkpt>
      <trkpt lat="41.294309" lon="0.847408">
        <ele>854.28</ele>
      </trkpt>
      <trkpt lat="41.29436" lon="0.847351">
        <ele>855.31</ele>
      </trkpt>
      <trkpt lat="41.294377" lon="0.847276">
        <ele>857.91</ele>
      </trkpt>
      <trkpt lat="41.294345" lon="0.847251">
        <ele>859.69</ele>
      </trkpt>
      <trkpt lat="41.294211" lon="0.847148">
        <ele>867.17</ele>
      </trkpt>
      <trkpt lat="41.294117" lon="0.847166">
        <ele>869.94</ele>
      </trkpt>
      <trkpt lat="41.294066" lon="0.847273">
        <ele>867.81</ele>
      </trkpt>
      <trkpt lat="41.293886" lon="0.847343">
        <ele>872.24</ele>
      </trkpt>
      <trkpt lat="41.293843" lon="0.847332">
        <ele>873.37</ele>
      </trkpt>
      <trkpt lat="41.293748" lon="0.847238">
        <ele>879.85</ele>
      </trkpt>
      <trkpt lat="41.293685" lon="0.847191">
        <ele>884.51</ele>
      </trkpt>
      <trkpt lat="41.293625" lon="0.847165">
        <ele>887.89</ele>
      </trkpt>
      <trkpt lat="41.293586" lon="0.847177">
        <ele>888.4</ele>
      </trkpt>
      <trkpt lat="41.293537" lon="0.847206">
        <ele>888.25</ele>
      </trkpt>
      <trkpt lat="41.293501" lon="0.847239">
        <ele>887.49</ele>
      </trkpt>
      <trkpt lat="41.293486" lon="0.847281">
        <ele>886.78</ele>
      </trkpt>
      <trkpt lat="41.293488" lon="0.847356">
        <ele>886.18</ele>
      </trkpt>
      <trkpt lat="41.293489" lon="0.84738">
        <ele>885.99</ele>
      </trkpt>
      <trkpt lat="41.293478" lon="0.847418">
        <ele>886.09</ele>
      </trkpt>
      <trkpt lat="41.29341" lon="0.847455">
        <ele>887.22</ele>
      </trkpt>
      <trkpt lat="41.293313" lon="0.847543">
        <ele>887.3</ele>
      </trkpt>
      <trkpt lat="41.293216" lon="0.847577">
        <ele>889.09</ele>
      </trkpt>
      <trkpt lat="41.293121" lon="0.847653">
        <ele>890.43</ele>
      </trkpt>
      <trkpt lat="41.293059" lon="0.847738">
        <ele>890.89</ele>
      </trkpt>
      <trkpt lat="41.292944" lon="0.847833">
        <ele>891.91</ele>
      </trkpt>
      <trkpt lat="41.292684" lon="0.848094">
        <ele>892.2</ele>
      </trkpt>
      <trkpt lat="41.292578" lon="0.848159">
        <ele>891.87</ele>
      </trkpt>
      <trkpt lat="41.29251" lon="0.848191">
        <ele>891.21</ele>
      </trkpt>
      <trkpt lat="41.292423" lon="0.848212">
        <ele>891.43</ele>
      </trkpt>
      <trkpt lat="41.292397" lon="0.848239">
        <ele>891.01</ele>
      </trkpt>
      <trkpt lat="41.292384" lon="0.848314">
        <ele>889.34</ele>
      </trkpt>
      <trkpt lat="41.29235" lon="0.848394">
        <ele>888.27</ele>
      </trkpt>
      <trkpt lat="41.292331" lon="0.848438">
        <ele>887.68</ele>
      </trkpt>
      <trkpt lat="41.29234" lon="0.848481">
        <ele>887.3</ele>
      </trkpt>
      <trkpt lat="41.292382" lon="0.848562">
        <ele>888.3</ele>
      </trkpt>
      <trkpt lat="41.2924" lon="0.848569">
        <ele>888.48</ele>
      </trkpt>
      <trkpt lat="41.292516" lon="0.848544">
        <ele>888.73</ele>
      </trkpt>
      <trkpt lat="41.292626" lon="0.848558">
        <ele>889.84</ele>
      </trkpt>
      <trkpt lat="41.292895" lon="0.848572">
        <ele>891.88</ele>
      </trkpt>
      <trkpt lat="41.293171" lon="0.848606">
        <ele>894.64</ele>
      </trkpt>
      <trkpt lat="41.293251" lon="0.848632">
        <ele>895.91</ele>
      </trkpt>
      <trkpt lat="41.29333" lon="0.848674">
        <ele>896.31</ele>
      </trkpt>
      <trkpt lat="41.293489" lon="0.8488">
        <ele>897.25</ele>
      </trkpt>
      <trkpt lat="41.293596" lon="0.848894">
        <ele>897.85</ele>
      </trkpt>
      <trkpt lat="41.293648" lon="0.849018">
        <ele>899.41</ele>
      </trkpt>
      <trkpt lat="41.29371" lon="0.849244">
        <ele>901.12</ele>
      </trkpt>
      <trkpt lat="41.293743" lon="0.849418">
        <ele>902.08</ele>
      </trkpt>
      <trkpt lat="41.293749" lon="0.84949">
        <ele>902.67</ele>
      </trkpt>
      <trkpt lat="41.293747" lon="0.849556">
        <ele>902.42</ele>
      </trkpt>
      <trkpt lat="41.293733" lon="0.849625">
        <ele>902.38</ele>
      </trkpt>
      <trkpt lat="41.29366" lon="0.849812">
        <ele>902.67</ele>
      </trkpt>
      <trkpt lat="41.293439" lon="0.850133">
        <ele>905.05</ele>
      </trkpt>
      <trkpt lat="41.293327" lon="0.850292">
        <ele>904.77</ele>
      </trkpt>
      <trkpt lat="41.293047" lon="0.850792">
        <ele>906.42</ele>
      </trkpt>
      <trkpt lat="41.293007" lon="0.850924">
        <ele>907.67</ele>
      </trkpt>
      <trkpt lat="41.293007" lon="0.851246">
        <ele>907.98</ele>
      </trkpt>
      <trkpt lat="41.292933" lon="0.851428">
        <ele>909.67</ele>
      </trkpt>
      <trkpt lat="41.292845" lon="0.851816">
        <ele>908.6</ele>
      </trkpt>
      <trkpt lat="41.292843" lon="0.851942">
        <ele>907.84</ele>
      </trkpt>
      <trkpt lat="41.292791" lon="0.85216">
        <ele>907.33</ele>
      </trkpt>
      <trkpt lat="41.2926" lon="0.852508">
        <ele>905.64</ele>
      </trkpt>
      <trkpt lat="41.292444" lon="0.85273">
        <ele>904.75</ele>
      </trkpt>
      <trkpt lat="41.29241" lon="0.852762">
        <ele>904.57</ele>
      </trkpt>
      <trkpt lat="41.292284" lon="0.85283">
        <ele>906.01</ele>
      </trkpt>
      <trkpt lat="41.292154" lon="0.852878">
        <ele>908.09</ele>
      </trkpt>
      <trkpt lat="41.292122" lon="0.852908">
        <ele>908.31</ele>
      </trkpt>
      <trkpt lat="41.292066" lon="0.852988">
        <ele>908.07</ele>
      </trkpt>
      <trkpt lat="41.291972" lon="0.85319">
        <ele>905.5</ele>
      </trkpt>
      <trkpt lat="41.291782" lon="0.85339">
        <ele>900.27</ele>
      </trkpt>
      <trkpt lat="41.291568" lon="0.853514">
        <ele>896.34</ele>
      </trkpt>
      <trkpt lat="41.291368" lon="0.853554">
        <ele>895.01</ele>
      </trkpt>
      <trkpt lat="41.290908" lon="0.8536">
        <ele>892.03</ele>
      </trkpt>
      <trkpt lat="41.290756" lon="0.853694">
        <ele>890.56</ele>
      </trkpt>
      <trkpt lat="41.290488" lon="0.853952">
        <ele>893.4</ele>
      </trkpt>
      <trkpt lat="41.29041" lon="0.854066">
        <ele>893.05</ele>
      </trkpt>
      <trkpt lat="41.290372" lon="0.854161">
        <ele>892.28</ele>
      </trkpt>
      <trkpt lat="41.29037" lon="0.854192">
        <ele>892.15</ele>
      </trkpt>
      <trkpt lat="41.290406" lon="0.854262">
        <ele>890.35</ele>
      </trkpt>
      <trkpt lat="41.290444" lon="0.854266">
        <ele>890.04</ele>
      </trkpt>
      <trkpt lat="41.2906" lon="0.85415">
        <ele>888.71</ele>
      </trkpt>
      <trkpt lat="41.290782" lon="0.854062">
        <ele>887.8</ele>
      </trkpt>
      <trkpt lat="41.29094" lon="0.854058">
        <ele>889.83</ele>
      </trkpt>
      <trkpt lat="41.291094" lon="0.854087">
        <ele>891.71</ele>
      </trkpt>
      <trkpt lat="41.291217" lon="0.854139">
        <ele>893.74</ele>
      </trkpt>
      <trkpt lat="41.291461" lon="0.854294">
        <ele>895.11</ele>
      </trkpt>
      <trkpt lat="41.291506" lon="0.854305">
        <ele>895.2</ele>
      </trkpt>
      <trkpt lat="41.291646" lon="0.854419">
        <ele>896.56</ele>
      </trkpt>
      <trkpt lat="41.291647" lon="0.854449">
        <ele>897.61</ele>
      </trkpt>
      <trkpt lat="41.291648" lon="0.854461">
        <ele>898.03</ele>
      </trkpt>
      <trkpt lat="41.291474" lon="0.854494">
        <ele>903.65</ele>
      </trkpt>
      <trkpt lat="41.29123" lon="0.854396">
        <ele>904.25</ele>
      </trkpt>
      <trkpt lat="41.291095" lon="0.854376">
        <ele>903.9</ele>
      </trkpt>
      <trkpt lat="41.290865" lon="0.854435">
        <ele>904.63</ele>
      </trkpt>
      <trkpt lat="41.290753" lon="0.854656">
        <ele>916.69</ele>
      </trkpt>
      <trkpt lat="41.290728" lon="0.854868">
        <ele>918.39</ele>
      </trkpt>
      <trkpt lat="41.290647" lon="0.855103">
        <ele>915.57</ele>
      </trkpt>
      <trkpt lat="41.290633" lon="0.855197">
        <ele>918</ele>
      </trkpt>
      <trkpt lat="41.290476" lon="0.855357">
        <ele>911.82</ele>
      </trkpt>
      <trkpt lat="41.290429" lon="0.855472">
        <ele>913.28</ele>
      </trkpt>
      <trkpt lat="41.290422" lon="0.85549">
        <ele>913.51</ele>
      </trkpt>
      <trkpt lat="41.290349" lon="0.856171">
        <ele>915.25</ele>
      </trkpt>
      <trkpt lat="41.290334" lon="0.856229">
        <ele>915.13</ele>
      </trkpt>
      <trkpt lat="41.290321" lon="0.85628">
        <ele>915.02</ele>
      </trkpt>
      <trkpt lat="41.290616" lon="0.856578">
        <ele>931.33</ele>
      </trkpt>
      <trkpt lat="41.290924" lon="0.856959">
        <ele>951.95</ele>
      </trkpt>
      <trkpt lat="41.290961" lon="0.857203">
        <ele>955.04</ele>
      </trkpt>
      <trkpt lat="41.291005" lon="0.857421">
        <ele>960.69</ele>
      </trkpt>
      <trkpt lat="41.291019" lon="0.857631">
        <ele>966.81</ele>
      </trkpt>
      <trkpt lat="41.290991" lon="0.857884">
        <ele>975.95</ele>
      </trkpt>
      <trkpt lat="41.291008" lon="0.858079">
        <ele>984.9</ele>
      </trkpt>
      <trkpt lat="41.290936" lon="0.858244">
        <ele>992.84</ele>
      </trkpt>
      <trkpt lat="41.290894" lon="0.858268">
        <ele>993.38</ele>
      </trkpt>
      <trkpt lat="41.2908" lon="0.858321">
        <ele>994.61</ele>
      </trkpt>
      <trkpt lat="41.290792" lon="0.858452">
        <ele>1000.55</ele>
      </trkpt>
      <trkpt lat="41.290676" lon="0.85854">
        <ele>1003.4</ele>
      </trkpt>
      <trkpt lat="41.290511" lon="0.858623">
        <ele>1001.33</ele>
      </trkpt>
      <trkpt lat="41.290335" lon="0.858793">
        <ele>1001.81</ele>
      </trkpt>
      <trkpt lat="41.290065" lon="0.858956">
        <ele>1002.41</ele>
      </trkpt>
      <trkpt lat="41.289931" lon="0.859014">
        <ele>1007.39</ele>
      </trkpt>
      <trkpt lat="41.289804" lon="0.859248">
        <ele>1017.77</ele>
      </trkpt>
      <trkpt lat="41.289628" lon="0.859387">
        <ele>1025.07</ele>
      </trkpt>
      <trkpt lat="41.289572" lon="0.85955">
        <ele>1030.59</ele>
      </trkpt>
      <trkpt lat="41.289519" lon="0.859723">
        <ele>1033.49</ele>
      </trkpt>
      <trkpt lat="41.289491" lon="0.859811">
        <ele>1034.99</ele>
      </trkpt>
      <trkpt lat="41.289497" lon="0.860023">
        <ele>1036.78</ele>
      </trkpt>
      <trkpt lat="41.289607" lon="0.860219">
        <ele>1045.71</ele>
      </trkpt>
      <trkpt lat="41.289722" lon="0.860382">
        <ele>1052.72</ele>
      </trkpt>
      <trkpt lat="41.289709" lon="0.860598">
        <ele>1055.01</ele>
      </trkpt>
      <trkpt lat="41.289568" lon="0.860707">
        <ele>1055.84</ele>
      </trkpt>
      <trkpt lat="41.289409" lon="0.860802">
        <ele>1055.03</ele>
      </trkpt>
      <trkpt lat="41.289317" lon="0.861014">
        <ele>1057.22</ele>
      </trkpt>
      <trkpt lat="41.289313" lon="0.861265">
        <ele>1055.42</ele>
      </trkpt>
      <trkpt lat="41.289181" lon="0.861523">
        <ele>1051.85</ele>
      </trkpt>
      <trkpt lat="41.289084" lon="0.861628">
        <ele>1049.34</ele>
      </trkpt>
      <trkpt lat="41.288864" lon="0.861756">
        <ele>1045.28</ele>
      </trkpt>
      <trkpt lat="41.288651" lon="0.86175">
        <ele>1043.67</ele>
      </trkpt>
      <trkpt lat="41.288447" lon="0.861738">
        <ele>1047.6</ele>
      </trkpt>
      <trkpt lat="41.28829" lon="0.861764">
        <ele>1048.83</ele>
      </trkpt>
      <trkpt lat="41.288177" lon="0.86196">
        <ele>1049.78</ele>
      </trkpt>
      <trkpt lat="41.288158" lon="0.862199">
        <ele>1052.44</ele>
      </trkpt>
      <trkpt lat="41.288156" lon="0.862445">
        <ele>1051.43</ele>
      </trkpt>
      <trkpt lat="41.28814" lon="0.86265">
        <ele>1051.86</ele>
      </trkpt>
      <trkpt lat="41.288034" lon="0.862831">
        <ele>1051</ele>
      </trkpt>
      <trkpt lat="41.287908" lon="0.862964">
        <ele>1051.08</ele>
      </trkpt>
      <trkpt lat="41.287877" lon="0.863111">
        <ele>1053.64</ele>
      </trkpt>
      <trkpt lat="41.287892" lon="0.86334">
        <ele>1052.39</ele>
      </trkpt>
      <trkpt lat="41.287919" lon="0.863399">
        <ele>1052.81</ele>
      </trkpt>
      <trkpt lat="41.288014" lon="0.863608">
        <ele>1054.32</ele>
      </trkpt>
      <trkpt lat="41.288005" lon="0.863783">
        <ele>1054.05</ele>
      </trkpt>
      <trkpt lat="41.28788" lon="0.863984">
        <ele>1051.99</ele>
      </trkpt>
      <trkpt lat="41.28779" lon="0.864172">
        <ele>1054.15</ele>
      </trkpt>
      <trkpt lat="41.287806" lon="0.864354">
        <ele>1057.18</ele>
      </trkpt>
      <trkpt lat="41.287732" lon="0.864533">
        <ele>1055.37</ele>
      </trkpt>
      <trkpt lat="41.287285" lon="0.864831">
        <ele>1056.75</ele>
      </trkpt>
      <trkpt lat="41.286841" lon="0.865372">
        <ele>1059.75</ele>
      </trkpt>
      <trkpt lat="41.286778" lon="0.865434">
        <ele>1059.73</ele>
      </trkpt>
      <trkpt lat="41.28661" lon="0.865601">
        <ele>1059.65</ele>
      </trkpt>
      <trkpt lat="41.286341" lon="0.865647">
        <ele>1061.17</ele>
      </trkpt>
      <trkpt lat="41.28616" lon="0.865739">
        <ele>1063.51</ele>
      </trkpt>
      <trkpt lat="41.2861" lon="0.865908">
        <ele>1063.25</ele>
      </trkpt>
      <trkpt lat="41.286145" lon="0.866184">
        <ele>1067.09</ele>
      </trkpt>
      <trkpt lat="41.286217" lon="0.866451">
        <ele>1070.7</ele>
      </trkpt>
      <trkpt lat="41.286158" lon="0.86672">
        <ele>1076.38</ele>
      </trkpt>
      <trkpt lat="41.286013" lon="0.866891">
        <ele>1080.39</ele>
      </trkpt>
      <trkpt lat="41.285903" lon="0.867182">
        <ele>1095.21</ele>
      </trkpt>
      <trkpt lat="41.285691" lon="0.867376">
        <ele>1099.39</ele>
      </trkpt>
      <trkpt lat="41.285617" lon="0.867676">
        <ele>1099.1</ele>
      </trkpt>
      <trkpt lat="41.285543" lon="0.868014">
        <ele>1096.66</ele>
      </trkpt>
      <trkpt lat="41.285411" lon="0.868469">
        <ele>1096.51</ele>
      </trkpt>
      <trkpt lat="41.285251" lon="0.86871">
        <ele>1099.65</ele>
      </trkpt>
      <trkpt lat="41.285183" lon="0.868813">
        <ele>1100.99</ele>
      </trkpt>
      <trkpt lat="41.284994" lon="0.869053">
        <ele>1110.27</ele>
      </trkpt>
      <trkpt lat="41.284973" lon="0.869197">
        <ele>1113.19</ele>
      </trkpt>
      <trkpt lat="41.284925" lon="0.869437">
        <ele>1111.97</ele>
      </trkpt>
      <trkpt lat="41.284734" lon="0.869876">
        <ele>1124.54</ele>
      </trkpt>
      <trkpt lat="41.284614" lon="0.870106">
        <ele>1132.07</ele>
      </trkpt>
      <trkpt lat="41.284494" lon="0.870337">
        <ele>1134.27</ele>
      </trkpt>
      <trkpt lat="41.284356" lon="0.87055">
        <ele>1133.68</ele>
      </trkpt>
      <trkpt lat="41.284349" lon="0.870861">
        <ele>1134.2</ele>
      </trkpt>
      <trkpt lat="41.28428" lon="0.871236">
        <ele>1138.16</ele>
      </trkpt>
      <trkpt lat="41.284159" lon="0.871652">
        <ele>1142.76</ele>
      </trkpt>
      <trkpt lat="41.283925" lon="0.872078">
        <ele>1145.94</ele>
      </trkpt>
      <trkpt lat="41.283742" lon="0.872299">
        <ele>1147.93</ele>
      </trkpt>
      <trkpt lat="41.2837" lon="0.87235">
        <ele>1148.38</ele>
      </trkpt>
      <trkpt lat="41.283391" lon="0.872656">
        <ele>1150.37</ele>
      </trkpt>
      <trkpt lat="41.283335" lon="0.872922">
        <ele>1147.51</ele>
      </trkpt>
      <trkpt lat="41.283217" lon="0.873396">
        <ele>1145.31</ele>
      </trkpt>
      <trkpt lat="41.283267" lon="0.873742">
        <ele>1142.55</ele>
      </trkpt>
      <trkpt lat="41.283287" lon="0.874143">
        <ele>1140.43</ele>
      </trkpt>
      <trkpt lat="41.283265" lon="0.874388">
        <ele>1139.66</ele>
      </trkpt>
      <trkpt lat="41.283269" lon="0.874697">
        <ele>1140.37</ele>
      </trkpt>
      <trkpt lat="41.283209" lon="0.87486">
        <ele>1138.29</ele>
      </trkpt>
      <trkpt lat="41.283142" lon="0.875315">
        <ele>1124.54</ele>
      </trkpt>
      <trkpt lat="41.283005" lon="0.875285">
        <ele>1124.87</ele>
      </trkpt>
      <trkpt lat="41.282749" lon="0.875025">
        <ele>1126.18</ele>
      </trkpt>
      <trkpt lat="41.282785" lon="0.875205">
        <ele>1123.37</ele>
      </trkpt>
      <trkpt lat="41.282828" lon="0.875422">
        <ele>1119.99</ele>
      </trkpt>
      <trkpt lat="41.28284" lon="0.875586">
        <ele>1116.93</ele>
      </trkpt>
      <trkpt lat="41.282763" lon="0.875937">
        <ele>1108.63</ele>
      </trkpt>
      <trkpt lat="41.282746" lon="0.876123">
        <ele>1105.29</ele>
      </trkpt>
      <trkpt lat="41.282711" lon="0.876177">
        <ele>1103.46</ele>
      </trkpt>
      <trkpt lat="41.282654" lon="0.876132">
        <ele>1102.14</ele>
      </trkpt>
      <trkpt lat="41.282613" lon="0.87601">
        <ele>1100.94</ele>
      </trkpt>
      <trkpt lat="41.282566" lon="0.875932">
        <ele>1099.82</ele>
      </trkpt>
      <trkpt lat="41.282523" lon="0.87595">
        <ele>1097.51</ele>
      </trkpt>
      <trkpt lat="41.282499" lon="0.876048">
        <ele>1095.19</ele>
      </trkpt>
      <trkpt lat="41.282475" lon="0.876092">
        <ele>1093.41</ele>
      </trkpt>
      <trkpt lat="41.282436" lon="0.876164">
        <ele>1090.51</ele>
      </trkpt>
      <trkpt lat="41.282386" lon="0.876302">
        <ele>1087.51</ele>
      </trkpt>
      <trkpt lat="41.282344" lon="0.876325">
        <ele>1085.23</ele>
      </trkpt>
      <trkpt lat="41.282207" lon="0.876548">
        <ele>1079.7</ele>
      </trkpt>
      <trkpt lat="41.282083" lon="0.876648">
        <ele>1075.26</ele>
      </trkpt>
      <trkpt lat="41.281958" lon="0.876775">
        <ele>1071.69</ele>
      </trkpt>
      <trkpt lat="41.281937" lon="0.876833">
        <ele>1071.72</ele>
      </trkpt>
      <trkpt lat="41.281627" lon="0.877364">
        <ele>1066.17</ele>
      </trkpt>
      <trkpt lat="41.281542" lon="0.87746">
        <ele>1064.2</ele>
      </trkpt>
      <trkpt lat="41.281385" lon="0.877675">
        <ele>1058.08</ele>
      </trkpt>
      <trkpt lat="41.281288" lon="0.877895">
        <ele>1055.25</ele>
      </trkpt>
      <trkpt lat="41.281179" lon="0.878099">
        <ele>1052.5</ele>
      </trkpt>
      <trkpt lat="41.281097" lon="0.87816">
        <ele>1050.43</ele>
      </trkpt>
      <trkpt lat="41.280961" lon="0.87825">
        <ele>1046.65</ele>
      </trkpt>
      <trkpt lat="41.280576" lon="0.878321">
        <ele>1038.52</ele>
      </trkpt>
      <trkpt lat="41.280425" lon="0.87833">
        <ele>1037.09</ele>
      </trkpt>
      <trkpt lat="41.28032" lon="0.878314">
        <ele>1035.31</ele>
      </trkpt>
      <trkpt lat="41.280188" lon="0.878243">
        <ele>1033.53</ele>
      </trkpt>
      <trkpt lat="41.280096" lon="0.878165">
        <ele>1032.05</ele>
      </trkpt>
      <trkpt lat="41.27999" lon="0.878025">
        <ele>1030.93</ele>
      </trkpt>
      <trkpt lat="41.279889" lon="0.877802">
        <ele>1031</ele>
      </trkpt>
      <trkpt lat="41.279832" lon="0.877714">
        <ele>1030.53</ele>
      </trkpt>
      <trkpt lat="41.279717" lon="0.877623">
        <ele>1030.92</ele>
      </trkpt>
      <trkpt lat="41.279615" lon="0.877585">
        <ele>1029.66</ele>
      </trkpt>
      <trkpt lat="41.279554" lon="0.877585">
        <ele>1028.37</ele>
      </trkpt>
      <trkpt lat="41.279139" lon="0.87772">
        <ele>1024.06</ele>
      </trkpt>
      <trkpt lat="41.279071" lon="0.877761">
        <ele>1023.85</ele>
      </trkpt>
      <trkpt lat="41.278841" lon="0.8779">
        <ele>1014.46</ele>
      </trkpt>
      <trkpt lat="41.278564" lon="0.877977">
        <ele>1009.15</ele>
      </trkpt>
      <trkpt lat="41.278456" lon="0.878066">
        <ele>1009.07</ele>
      </trkpt>
      <trkpt lat="41.278353" lon="0.878151">
        <ele>1009</ele>
      </trkpt>
      <trkpt lat="41.278304" lon="0.878232">
        <ele>1011.62</ele>
      </trkpt>
      <trkpt lat="41.278284" lon="0.87832">
        <ele>1011.94</ele>
      </trkpt>
      <trkpt lat="41.278284" lon="0.878415">
        <ele>1012.63</ele>
      </trkpt>
      <trkpt lat="41.278335" lon="0.87869">
        <ele>1012.92</ele>
      </trkpt>
      <trkpt lat="41.278389" lon="0.878803">
        <ele>1012.45</ele>
      </trkpt>
      <trkpt lat="41.278514" lon="0.878939">
        <ele>1002.66</ele>
      </trkpt>
      <trkpt lat="41.278793" lon="0.879376">
        <ele>1002.72</ele>
      </trkpt>
      <trkpt lat="41.278803" lon="0.879483">
        <ele>1000.6</ele>
      </trkpt>
      <trkpt lat="41.278784" lon="0.879503">
        <ele>998.7</ele>
      </trkpt>
      <trkpt lat="41.278738" lon="0.87944">
        <ele>997.21</ele>
      </trkpt>
      <trkpt lat="41.27867" lon="0.879395">
        <ele>994.39</ele>
      </trkpt>
      <trkpt lat="41.27865" lon="0.879408">
        <ele>992.67</ele>
      </trkpt>
      <trkpt lat="41.278661" lon="0.879472">
        <ele>991.48</ele>
      </trkpt>
      <trkpt lat="41.278701" lon="0.879527">
        <ele>992.6</ele>
      </trkpt>
      <trkpt lat="41.278694" lon="0.879729">
        <ele>989.44</ele>
      </trkpt>
      <trkpt lat="41.278684" lon="0.879838">
        <ele>986.04</ele>
      </trkpt>
      <trkpt lat="41.278759" lon="0.880114">
        <ele>980.11</ele>
      </trkpt>
      <trkpt lat="41.278911" lon="0.880413">
        <ele>977.39</ele>
      </trkpt>
      <trkpt lat="41.278915" lon="0.880498">
        <ele>973.95</ele>
      </trkpt>
      <trkpt lat="41.278957" lon="0.880546">
        <ele>975.26</ele>
      </trkpt>
      <trkpt lat="41.279012" lon="0.880583">
        <ele>978.06</ele>
      </trkpt>
      <trkpt lat="41.279055" lon="0.880658">
        <ele>978.98</ele>
      </trkpt>
      <trkpt lat="41.279133" lon="0.880908">
        <ele>979.86</ele>
      </trkpt>
      <trkpt lat="41.279137" lon="0.880994">
        <ele>978.93</ele>
      </trkpt>
      <trkpt lat="41.27911" lon="0.881059">
        <ele>976.44</ele>
      </trkpt>
      <trkpt lat="41.279119" lon="0.881172">
        <ele>975.63</ele>
      </trkpt>
      <trkpt lat="41.27916" lon="0.881335">
        <ele>974.09</ele>
      </trkpt>
      <trkpt lat="41.279213" lon="0.881418">
        <ele>972.43</ele>
      </trkpt>
      <trkpt lat="41.279301" lon="0.881469">
        <ele>971.93</ele>
      </trkpt>
      <trkpt lat="41.279437" lon="0.88152">
        <ele>971.49</ele>
      </trkpt>
      <trkpt lat="41.279446" lon="0.881543">
        <ele>970.4</ele>
      </trkpt>
      <trkpt lat="41.279424" lon="0.881561">
        <ele>969.13</ele>
      </trkpt>
      <trkpt lat="41.279295" lon="0.881573">
        <ele>966.97</ele>
      </trkpt>
      <trkpt lat="41.279222" lon="0.881611">
        <ele>964.5</ele>
      </trkpt>
      <trkpt lat="41.279095" lon="0.881604">
        <ele>962.28</ele>
      </trkpt>
      <trkpt lat="41.279015" lon="0.881585">
        <ele>960.52</ele>
      </trkpt>
      <trkpt lat="41.278937" lon="0.881467">
        <ele>961.16</ele>
      </trkpt>
      <trkpt lat="41.278875" lon="0.8815">
        <ele>958.24</ele>
      </trkpt>
      <trkpt lat="41.278825" lon="0.881473">
        <ele>956.38</ele>
      </trkpt>
      <trkpt lat="41.278803" lon="0.881395">
        <ele>955.81</ele>
      </trkpt>
      <trkpt lat="41.278806" lon="0.881329">
        <ele>956.33</ele>
      </trkpt>
      <trkpt lat="41.278603" lon="0.880897">
        <ele>947.82</ele>
      </trkpt>
      <trkpt lat="41.27856" lon="0.88084">
        <ele>946.49</ele>
      </trkpt>
      <trkpt lat="41.278424" lon="0.880751">
        <ele>940.77</ele>
      </trkpt>
      <trkpt lat="41.27834" lon="0.880753">
        <ele>937.03</ele>
      </trkpt>
      <trkpt lat="41.278319" lon="0.880819">
        <ele>934.95</ele>
      </trkpt>
      <trkpt lat="41.278348" lon="0.881021">
        <ele>933.53</ele>
      </trkpt>
      <trkpt lat="41.278348" lon="0.881312">
        <ele>931.84</ele>
      </trkpt>
      <trkpt lat="41.278328" lon="0.88145">
        <ele>931.95</ele>
      </trkpt>
      <trkpt lat="41.278227" lon="0.88171">
        <ele>925.16</ele>
      </trkpt>
      <trkpt lat="41.278154" lon="0.881722">
        <ele>921.47</ele>
      </trkpt>
      <trkpt lat="41.278142" lon="0.881758">
        <ele>920.48</ele>
      </trkpt>
      <trkpt lat="41.278161" lon="0.881796">
        <ele>921.03</ele>
      </trkpt>
      <trkpt lat="41.278179" lon="0.881897">
        <ele>919.45</ele>
      </trkpt>
      <trkpt lat="41.278309" lon="0.882065">
        <ele>919.71</ele>
      </trkpt>
      <trkpt lat="41.278361" lon="0.882172">
        <ele>919.01</ele>
      </trkpt>
      <trkpt lat="41.278352" lon="0.882194">
        <ele>918.65</ele>
      </trkpt>
      <trkpt lat="41.278255" lon="0.882177">
        <ele>914.79</ele>
      </trkpt>
      <trkpt lat="41.278247" lon="0.882222">
        <ele>914.11</ele>
      </trkpt>
      <trkpt lat="41.27827" lon="0.882344">
        <ele>914.59</ele>
      </trkpt>
      <trkpt lat="41.278264" lon="0.882419">
        <ele>914.3</ele>
      </trkpt>
      <trkpt lat="41.278226" lon="0.882491">
        <ele>911.99</ele>
      </trkpt>
      <trkpt lat="41.27822" lon="0.882559">
        <ele>911.17</ele>
      </trkpt>
      <trkpt lat="41.27825" lon="0.882678">
        <ele>911.67</ele>
      </trkpt>
      <trkpt lat="41.278228" lon="0.882782">
        <ele>909.64</ele>
      </trkpt>
      <trkpt lat="41.278185" lon="0.882819">
        <ele>907.79</ele>
      </trkpt>
      <trkpt lat="41.278125" lon="0.882798">
        <ele>905.47</ele>
      </trkpt>
      <trkpt lat="41.278092" lon="0.882719">
        <ele>903.52</ele>
      </trkpt>
      <trkpt lat="41.278045" lon="0.882717">
        <ele>901.43</ele>
      </trkpt>
      <trkpt lat="41.278015" lon="0.882788">
        <ele>901.23</ele>
      </trkpt>
      <trkpt lat="41.277942" lon="0.882857">
        <ele>899.64</ele>
      </trkpt>
      <trkpt lat="41.277886" lon="0.882878">
        <ele>897.72</ele>
      </trkpt>
      <trkpt lat="41.277839" lon="0.882965">
        <ele>896.85</ele>
      </trkpt>
      <trkpt lat="41.277792" lon="0.882986">
        <ele>895.21</ele>
      </trkpt>
      <trkpt lat="41.277785" lon="0.882953">
        <ele>894.43</ele>
      </trkpt>
      <trkpt lat="41.277853" lon="0.882747">
        <ele>893.39</ele>
      </trkpt>
      <trkpt lat="41.277838" lon="0.882601">
        <ele>890.42</ele>
      </trkpt>
      <trkpt lat="41.277799" lon="0.882548">
        <ele>888.36</ele>
      </trkpt>
      <trkpt lat="41.277757" lon="0.882505">
        <ele>886.82</ele>
      </trkpt>
      <trkpt lat="41.277641" lon="0.882442">
        <ele>883.77</ele>
      </trkpt>
      <trkpt lat="41.277496" lon="0.882387">
        <ele>879.33</ele>
      </trkpt>
      <trkpt lat="41.277393" lon="0.882354">
        <ele>877.69</ele>
      </trkpt>
      <trkpt lat="41.277354" lon="0.882384">
        <ele>875.92</ele>
      </trkpt>
      <trkpt lat="41.27735" lon="0.88245">
        <ele>873.8</ele>
      </trkpt>
      <trkpt lat="41.277418" lon="0.882517">
        <ele>873.52</ele>
      </trkpt>
      <trkpt lat="41.277477" lon="0.882622">
        <ele>873.56</ele>
      </trkpt>
      <trkpt lat="41.277477" lon="0.882715">
        <ele>873.28</ele>
      </trkpt>
      <trkpt lat="41.277437" lon="0.882793">
        <ele>873.03</ele>
      </trkpt>
      <trkpt lat="41.277261" lon="0.882985">
        <ele>867.79</ele>
      </trkpt>
      <trkpt lat="41.277229" lon="0.883077">
        <ele>868.73</ele>
      </trkpt>
      <trkpt lat="41.277186" lon="0.882978">
        <ele>863.89</ele>
      </trkpt>
      <trkpt lat="41.277139" lon="0.883017">
        <ele>862.62</ele>
      </trkpt>
      <trkpt lat="41.27703" lon="0.883175">
        <ele>861.62</ele>
      </trkpt>
      <trkpt lat="41.276938" lon="0.883179">
        <ele>857.31</ele>
      </trkpt>
      <trkpt lat="41.27682" lon="0.883249">
        <ele>853.56</ele>
      </trkpt>
      <trkpt lat="41.276782" lon="0.883258">
        <ele>852.04</ele>
      </trkpt>
      <trkpt lat="41.276741" lon="0.88335">
        <ele>850.51</ele>
      </trkpt>
      <trkpt lat="41.276751" lon="0.883425">
        <ele>850.2</ele>
      </trkpt>
      <trkpt lat="41.276734" lon="0.883479">
        <ele>848.46</ele>
      </trkpt>
      <trkpt lat="41.276759" lon="0.883983">
        <ele>841.99</ele>
      </trkpt>
      <trkpt lat="41.276672" lon="0.883938">
        <ele>837.79</ele>
      </trkpt>
      <trkpt lat="41.276759" lon="0.883983">
        <ele>841.99</ele>
      </trkpt>
      <trkpt lat="41.276779" lon="0.884019">
        <ele>842.31</ele>
      </trkpt>
      <trkpt lat="41.276859" lon="0.884247">
        <ele>840.93</ele>
      </trkpt>
      <trkpt lat="41.276885" lon="0.884337">
        <ele>841.28</ele>
      </trkpt>
      <trkpt lat="41.276871" lon="0.884438">
        <ele>839.85</ele>
      </trkpt>
      <trkpt lat="41.276862" lon="0.884452">
        <ele>839.34</ele>
      </trkpt>
      <trkpt lat="41.276799" lon="0.884392">
        <ele>836.45</ele>
      </trkpt>
      <trkpt lat="41.276787" lon="0.884412">
        <ele>835.67</ele>
      </trkpt>
      <trkpt lat="41.276795" lon="0.884506">
        <ele>835.68</ele>
      </trkpt>
      <trkpt lat="41.276748" lon="0.884661">
        <ele>832.78</ele>
      </trkpt>
      <trkpt lat="41.276724" lon="0.884962">
        <ele>829.83</ele>
      </trkpt>
      <trkpt lat="41.276706" lon="0.885029">
        <ele>828.76</ele>
      </trkpt>
      <trkpt lat="41.276581" lon="0.885165">
        <ele>824.86</ele>
      </trkpt>
      <trkpt lat="41.276551" lon="0.885327">
        <ele>821.93</ele>
      </trkpt>
      <trkpt lat="41.276498" lon="0.88552">
        <ele>820</ele>
      </trkpt>
      <trkpt lat="41.276491" lon="0.885888">
        <ele>816.85</ele>
      </trkpt>
      <trkpt lat="41.276434" lon="0.886233">
        <ele>813.11</ele>
      </trkpt>
      <trkpt lat="41.276341" lon="0.886461">
        <ele>812.81</ele>
      </trkpt>
      <trkpt lat="41.276147" lon="0.886639">
        <ele>806.5</ele>
      </trkpt>
      <trkpt lat="41.276149" lon="0.886704">
        <ele>804.23</ele>
      </trkpt>
      <trkpt lat="41.276236" lon="0.886848">
        <ele>800.06</ele>
      </trkpt>
      <trkpt lat="41.276142" lon="0.886863">
        <ele>798.04</ele>
      </trkpt>
      <trkpt lat="41.275871" lon="0.886926">
        <ele>789.46</ele>
      </trkpt>
      <trkpt lat="41.275894" lon="0.887005">
        <ele>787.73</ele>
      </trkpt>
      <trkpt lat="41.275864" lon="0.887176">
        <ele>783.19</ele>
      </trkpt>
      <trkpt lat="41.275832" lon="0.887217">
        <ele>782.2</ele>
      </trkpt>
      <trkpt lat="41.275817" lon="0.887286">
        <ele>780.87</ele>
      </trkpt>
      <trkpt lat="41.275678" lon="0.886985">
        <ele>781.29</ele>
      </trkpt>
      <trkpt lat="41.275522" lon="0.886773">
        <ele>780.97</ele>
      </trkpt>
      <trkpt lat="41.275432" lon="0.886721">
        <ele>778.84</ele>
      </trkpt>
      <trkpt lat="41.275387" lon="0.886764">
        <ele>776.82</ele>
      </trkpt>
      <trkpt lat="41.275363" lon="0.887032">
        <ele>769.82</ele>
      </trkpt>
      <trkpt lat="41.275374" lon="0.887148">
        <ele>767.37</ele>
      </trkpt>
      <trkpt lat="41.275497" lon="0.887629">
        <ele>764.37</ele>
      </trkpt>
      <trkpt lat="41.275502" lon="0.887876">
        <ele>762.7</ele>
      </trkpt>
      <trkpt lat="41.275484" lon="0.887961">
        <ele>761.97</ele>
      </trkpt>
      <trkpt lat="41.275408" lon="0.888141">
        <ele>762.29</ele>
      </trkpt>
      <trkpt lat="41.275183" lon="0.888432">
        <ele>761.84</ele>
      </trkpt>
      <trkpt lat="41.274975" lon="0.888667">
        <ele>762.29</ele>
      </trkpt>
      <trkpt lat="41.274668" lon="0.889002">
        <ele>755.28</ele>
      </trkpt>
      <trkpt lat="41.274497" lon="0.889131">
        <ele>753.44</ele>
      </trkpt>
      <trkpt lat="41.274297" lon="0.889309">
        <ele>752.18</ele>
      </trkpt>
      <trkpt lat="41.274096" lon="0.889486">
        <ele>747.67</ele>
      </trkpt>
      <trkpt lat="41.273483" lon="0.890072">
        <ele>729.32</ele>
      </trkpt>
      <trkpt lat="41.273214" lon="0.890396">
        <ele>720.34</ele>
      </trkpt>
      <trkpt lat="41.273153" lon="0.890404">
        <ele>719.3</ele>
      </trkpt>
      <trkpt lat="41.273043" lon="0.89064">
        <ele>714.32</ele>
      </trkpt>
      <trkpt lat="41.273041" lon="0.890687">
        <ele>713.92</ele>
      </trkpt>
      <trkpt lat="41.27302" lon="0.890799">
        <ele>712.58</ele>
      </trkpt>
      <trkpt lat="41.273029" lon="0.890916">
        <ele>710.98</ele>
      </trkpt>
      <trkpt lat="41.273" lon="0.890994">
        <ele>709.11</ele>
      </trkpt>
      <trkpt lat="41.272927" lon="0.891038">
        <ele>707.14</ele>
      </trkpt>
      <trkpt lat="41.272835" lon="0.89105">
        <ele>704.9</ele>
      </trkpt>
      <trkpt lat="41.272773" lon="0.891114">
        <ele>703.16</ele>
      </trkpt>
      <trkpt lat="41.272741" lon="0.891208">
        <ele>701.51</ele>
      </trkpt>
      <trkpt lat="41.272661" lon="0.891439">
        <ele>698</ele>
      </trkpt>
      <trkpt lat="41.272206" lon="0.892099">
        <ele>682.77</ele>
      </trkpt>
      <trkpt lat="41.271888" lon="0.892622">
        <ele>676.97</ele>
      </trkpt>
      <trkpt lat="41.271598" lon="0.893163">
        <ele>674.47</ele>
      </trkpt>
      <trkpt lat="41.271496" lon="0.893351">
        <ele>673.68</ele>
      </trkpt>
      <trkpt lat="41.271425" lon="0.89351">
        <ele>673.14</ele>
      </trkpt>
      <trkpt lat="41.271281" lon="0.893936">
        <ele>671.64</ele>
      </trkpt>
      <trkpt lat="41.271131" lon="0.89435">
        <ele>669.89</ele>
      </trkpt>
      <trkpt lat="41.271084" lon="0.894511">
        <ele>669.13</ele>
      </trkpt>
      <trkpt lat="41.271066" lon="0.894599">
        <ele>667.76</ele>
      </trkpt>
      <trkpt lat="41.271071" lon="0.894643">
        <ele>666.82</ele>
      </trkpt>
      <trkpt lat="41.271088" lon="0.89468">
        <ele>666.21</ele>
      </trkpt>
      <trkpt lat="41.271152" lon="0.89474">
        <ele>665.8</ele>
      </trkpt>
      <trkpt lat="41.271227" lon="0.894788">
        <ele>665.27</ele>
      </trkpt>
      <trkpt lat="41.271225" lon="0.894826">
        <ele>664.36</ele>
      </trkpt>
      <trkpt lat="41.271213" lon="0.894847">
        <ele>663.78</ele>
      </trkpt>
      <trkpt lat="41.271191" lon="0.894854">
        <ele>663.44</ele>
      </trkpt>
      <trkpt lat="41.271026" lon="0.894859">
        <ele>661.09</ele>
      </trkpt>
      <trkpt lat="41.270994" lon="0.894878">
        <ele>660.54</ele>
      </trkpt>
      <trkpt lat="41.270961" lon="0.894913">
        <ele>659.81</ele>
      </trkpt>
      <trkpt lat="41.27089" lon="0.895061">
        <ele>657.23</ele>
      </trkpt>
      <trkpt lat="41.270834" lon="0.895211">
        <ele>655.41</ele>
      </trkpt>
      <trkpt lat="41.270636" lon="0.895898">
        <ele>651.2</ele>
      </trkpt>
      <trkpt lat="41.270513" lon="0.896384">
        <ele>650</ele>
      </trkpt>
      <trkpt lat="41.270395" lon="0.896811">
        <ele>648.15</ele>
      </trkpt>
      <trkpt lat="41.270277" lon="0.897192">
        <ele>645.68</ele>
      </trkpt>
      <trkpt lat="41.270125" lon="0.897864">
        <ele>639.86</ele>
      </trkpt>
      <trkpt lat="41.270085" lon="0.898025">
        <ele>638.24</ele>
      </trkpt>
      <trkpt lat="41.270072" lon="0.898076">
        <ele>637.72</ele>
      </trkpt>
      <trkpt lat="41.270104" lon="0.898259">
        <ele>636.24</ele>
      </trkpt>
      <trkpt lat="41.270265" lon="0.898452">
        <ele>634.92</ele>
      </trkpt>
      <trkpt lat="41.270356" lon="0.898586">
        <ele>632.3</ele>
      </trkpt>
      <trkpt lat="41.270419" lon="0.898699">
        <ele>630.21</ele>
      </trkpt>
      <trkpt lat="41.270439" lon="0.898841">
        <ele>628.62</ele>
      </trkpt>
      <trkpt lat="41.270467" lon="0.898956">
        <ele>627.11</ele>
      </trkpt>
      <trkpt lat="41.270441" lon="0.899622">
        <ele>620.25</ele>
      </trkpt>
      <trkpt lat="41.270404" lon="0.89989">
        <ele>618.06</ele>
      </trkpt>
      <trkpt lat="41.270406" lon="0.899997">
        <ele>616.13</ele>
      </trkpt>
      <trkpt lat="41.270354" lon="0.90035">
        <ele>612</ele>
      </trkpt>
      <trkpt lat="41.270322" lon="0.900759">
        <ele>607.65</ele>
      </trkpt>
      <trkpt lat="41.270298" lon="0.901048">
        <ele>602.67</ele>
      </trkpt>
      <trkpt lat="41.270152" lon="0.901359">
        <ele>599.73</ele>
      </trkpt>
      <trkpt lat="41.27007" lon="0.901834">
        <ele>593.89</ele>
      </trkpt>
      <trkpt lat="41.270035" lon="0.902065">
        <ele>590.27</ele>
      </trkpt>
      <trkpt lat="41.270022" lon="0.902092">
        <ele>589.95</ele>
      </trkpt>
      <trkpt lat="41.270001" lon="0.90211">
        <ele>590</ele>
      </trkpt>
      <trkpt lat="41.269959" lon="0.902121">
        <ele>589.89</ele>
      </trkpt>
      <trkpt lat="41.269949" lon="0.902132">
        <ele>589.55</ele>
      </trkpt>
      <trkpt lat="41.26993" lon="0.902197">
        <ele>587.67</ele>
      </trkpt>
      <trkpt lat="41.269939" lon="0.90222">
        <ele>587.1</ele>
      </trkpt>
      <trkpt lat="41.269964" lon="0.90223">
        <ele>586.91</ele>
      </trkpt>
      <trkpt lat="41.270004" lon="0.902227">
        <ele>586.39</ele>
      </trkpt>
      <trkpt lat="41.270083" lon="0.902222">
        <ele>585.38</ele>
      </trkpt>
      <trkpt lat="41.270093" lon="0.902243">
        <ele>584.67</ele>
      </trkpt>
      <trkpt lat="41.270092" lon="0.902273">
        <ele>583.97</ele>
      </trkpt>
      <trkpt lat="41.270056" lon="0.902336">
        <ele>582.82</ele>
      </trkpt>
      <trkpt lat="41.269999" lon="0.902389">
        <ele>582.14</ele>
      </trkpt>
      <trkpt lat="41.269917" lon="0.902449">
        <ele>581.07</ele>
      </trkpt>
      <trkpt lat="41.269903" lon="0.902507">
        <ele>580</ele>
      </trkpt>
      <trkpt lat="41.269908" lon="0.902526">
        <ele>579.63</ele>
      </trkpt>
      <trkpt lat="41.269929" lon="0.902547">
        <ele>579.1</ele>
      </trkpt>
      <trkpt lat="41.270012" lon="0.902533">
        <ele>578.51</ele>
      </trkpt>
      <trkpt lat="41.270027" lon="0.902541">
        <ele>578.13</ele>
      </trkpt>
      <trkpt lat="41.270022" lon="0.902573">
        <ele>577.64</ele>
      </trkpt>
      <trkpt lat="41.26993" lon="0.902632">
        <ele>577.6</ele>
      </trkpt>
      <trkpt lat="41.269825" lon="0.902723">
        <ele>576.47</ele>
      </trkpt>
      <trkpt lat="41.269475" lon="0.902851">
        <ele>572.58</ele>
      </trkpt>
      <trkpt lat="41.268378" lon="0.903205">
        <ele>561.84</ele>
      </trkpt>
      <trkpt lat="41.26762" lon="0.903409">
        <ele>557.7</ele>
      </trkpt>
      <trkpt lat="41.267522" lon="0.903477">
        <ele>556.94</ele>
      </trkpt>
      <trkpt lat="41.267513" lon="0.903483">
        <ele>556.87</ele>
      </trkpt>
      <trkpt lat="41.267096" lon="0.903773">
        <ele>553.65</ele>
      </trkpt>
      <trkpt lat="41.266709" lon="0.904106">
        <ele>550.65</ele>
      </trkpt>
      <trkpt lat="41.266435" lon="0.904439">
        <ele>547.01</ele>
      </trkpt>
      <trkpt lat="41.266194" lon="0.904678">
        <ele>542.5</ele>
      </trkpt>
      <trkpt lat="41.266109" lon="0.904784">
        <ele>540.13</ele>
      </trkpt>
      <trkpt lat="41.266181" lon="0.905005">
        <ele>539.56</ele>
      </trkpt>
      <trkpt lat="41.266064" lon="0.905014">
        <ele>537.73</ele>
      </trkpt>
      <trkpt lat="41.265813" lon="0.904963">
        <ele>533.95</ele>
      </trkpt>
      <trkpt lat="41.265449" lon="0.904989">
        <ele>528.97</ele>
      </trkpt>
      <trkpt lat="41.26548" lon="0.905159">
        <ele>529.99</ele>
      </trkpt>
      <trkpt lat="41.265503" lon="0.905356">
        <ele>530.42</ele>
      </trkpt>
    </trkseg>
  </trk>
</gpx>
