<?xml version="1.0" encoding="UTF-8"?>
<gpx creator="https://gpx.studio" version="1.1" xmlns="http://www.topografix.com/GPX/1/1" xmlns:xsi="http://www.w3.org/2001/XMLSchema-instance" xsi:schemaLocation="http://www.topografix.com/GPX/1/1 http://www.topografix.com/GPX/1/1/gpx.xsd http://www.garmin.com/xmlschemas/GpxExtensions/v3 http://www.garmin.com/xmlschemas/GpxExtensionsv3.xsd http://www.garmin.com/xmlschemas/TrackPointExtension/v1 http://www.garmin.com/xmlschemas/TrackPointExtensionv1.xsd http://www.garmin.com/xmlschemas/PowerExtension/v1 http://www.garmin.com/xmlschemas/PowerExtensionv1.xsd http://www.topografix.com/GPX/gpx_style/0/2 http://www.topografix.com/GPX/gpx_style/0/2/gpx_style.xsd" xmlns:gpxtpx="http://www.garmin.com/xmlschemas/TrackPointExtension/v1" xmlns:gpxx="http://www.garmin.com/xmlschemas/GpxExtensions/v3" xmlns:gpxpx="http://www.garmin.com/xmlschemas/PowerExtension/v1" xmlns:gpx_style="http://www.topografix.com/GPX/gpx_style/0/2">
  <metadata>
    <name>Nuevo archivo 8</name>
    <author>
      <name>gpx.studio</name>
      <link href="https://gpx.studio"/>
    </author>
  </metadata>
  <trk>
    <name>Nuevo archivo 8</name>
    <trkseg>
      <trkpt lat="41.265357" lon="0.90776">
        <ele>526.84</ele>
      </trkpt>
      <trkpt lat="41.265298" lon="0.908008">
        <ele>525.69</ele>
      </trkpt>
      <trkpt lat="41.265342" lon="0.90811">
        <ele>526.18</ele>
      </trkpt>
      <trkpt lat="41.265415" lon="0.908336">
        <ele>525.43</ele>
      </trkpt>
      <trkpt lat="41.265673" lon="0.909098">
        <ele>521</ele>
      </trkpt>
      <trkpt lat="41.265658" lon="0.909211">
        <ele>520.41</ele>
      </trkpt>
      <trkpt lat="41.265589" lon="0.909298">
        <ele>519.58</ele>
      </trkpt>
      <trkpt lat="41.265743" lon="0.909574">
        <ele>519.93</ele>
      </trkpt>
      <trkpt lat="41.265553" lon="0.909743">
        <ele>521.08</ele>
      </trkpt>
      <trkpt lat="41.265138" lon="0.91005">
        <ele>520.04</ele>
      </trkpt>
      <trkpt lat="41.265109" lon="0.910165">
        <ele>520.09</ele>
      </trkpt>
      <trkpt lat="41.264919" lon="0.910634">
        <ele>520.61</ele>
      </trkpt>
      <trkpt lat="41.264849" lon="0.910879">
        <ele>520.19</ele>
      </trkpt>
      <trkpt lat="41.264772" lon="0.911066">
        <ele>520.32</ele>
      </trkpt>
      <trkpt lat="41.264727" lon="0.911135">
        <ele>520.52</ele>
      </trkpt>
      <trkpt lat="41.264619" lon="0.911301">
        <ele>521.01</ele>
      </trkpt>
      <trkpt lat="41.264443" lon="0.911502">
        <ele>522.09</ele>
      </trkpt>
      <trkpt lat="41.263915" lon="0.911946">
        <ele>528.46</ele>
      </trkpt>
      <trkpt lat="41.263455" lon="0.912293">
        <ele>530.42</ele>
      </trkpt>
      <trkpt lat="41.263249" lon="0.912367">
        <ele>528.55</ele>
      </trkpt>
      <trkpt lat="41.263142" lon="0.912366">
        <ele>527.31</ele>
      </trkpt>
      <trkpt lat="41.262852" lon="0.91229">
        <ele>522.21</ele>
      </trkpt>
      <trkpt lat="41.262746" lon="0.912282">
        <ele>520.29</ele>
      </trkpt>
      <trkpt lat="41.262667" lon="0.912299">
        <ele>519.05</ele>
      </trkpt>
      <trkpt lat="41.262448" lon="0.912432">
        <ele>516.3</ele>
      </trkpt>
      <trkpt lat="41.262229" lon="0.912564">
        <ele>511.38</ele>
      </trkpt>
      <trkpt lat="41.262161" lon="0.912617">
        <ele>509.75</ele>
      </trkpt>
      <trkpt lat="41.262098" lon="0.912666">
        <ele>508.24</ele>
      </trkpt>
      <trkpt lat="41.261979" lon="0.912792">
        <ele>505.27</ele>
      </trkpt>
      <trkpt lat="41.261752" lon="0.91311">
        <ele>501.89</ele>
      </trkpt>
      <trkpt lat="41.261411" lon="0.913394">
        <ele>500.4</ele>
      </trkpt>
      <trkpt lat="41.261175" lon="0.913688">
        <ele>498.36</ele>
      </trkpt>
      <trkpt lat="41.26069" lon="0.914236">
        <ele>490.33</ele>
      </trkpt>
      <trkpt lat="41.260561" lon="0.914418">
        <ele>488.33</ele>
      </trkpt>
      <trkpt lat="41.260224" lon="0.914826">
        <ele>485.32</ele>
      </trkpt>
      <trkpt lat="41.259887" lon="0.915017">
        <ele>479.41</ele>
      </trkpt>
      <trkpt lat="41.259823" lon="0.915079">
        <ele>478.12</ele>
      </trkpt>
      <trkpt lat="41.259668" lon="0.915394">
        <ele>476.13</ele>
      </trkpt>
      <trkpt lat="41.259542" lon="0.915295">
        <ele>472.9</ele>
      </trkpt>
      <trkpt lat="41.259668" lon="0.915394">
        <ele>476.13</ele>
      </trkpt>
      <trkpt lat="41.259609" lon="0.915481">
        <ele>476.94</ele>
      </trkpt>
      <trkpt lat="41.259581" lon="0.915561">
        <ele>477.07</ele>
      </trkpt>
      <trkpt lat="41.259581" lon="0.915629">
        <ele>476.88</ele>
      </trkpt>
      <trkpt lat="41.259608" lon="0.91573">
        <ele>477.72</ele>
      </trkpt>
      <trkpt lat="41.259418" lon="0.915907">
        <ele>465.02</ele>
      </trkpt>
      <trkpt lat="41.25923" lon="0.916067">
        <ele>460.25</ele>
      </trkpt>
      <trkpt lat="41.259041" lon="0.916226">
        <ele>463.27</ele>
      </trkpt>
      <trkpt lat="41.25879" lon="0.916474">
        <ele>474.31</ele>
      </trkpt>
      <trkpt lat="41.258674" lon="0.916402">
        <ele>474</ele>
      </trkpt>
      <trkpt lat="41.258563" lon="0.916559">
        <ele>478.33</ele>
      </trkpt>
      <trkpt lat="41.258544" lon="0.916637">
        <ele>479.23</ele>
      </trkpt>
      <trkpt lat="41.258538" lon="0.916703">
        <ele>479.88</ele>
      </trkpt>
      <trkpt lat="41.258541" lon="0.916789">
        <ele>480.68</ele>
      </trkpt>
      <trkpt lat="41.258572" lon="0.916873">
        <ele>481.9</ele>
      </trkpt>
      <trkpt lat="41.258541" lon="0.916789">
        <ele>480.68</ele>
      </trkpt>
      <trkpt lat="41.258538" lon="0.916703">
        <ele>479.88</ele>
      </trkpt>
      <trkpt lat="41.258544" lon="0.916637">
        <ele>479.23</ele>
      </trkpt>
      <trkpt lat="41.258563" lon="0.916559">
        <ele>478.33</ele>
      </trkpt>
      <trkpt lat="41.258674" lon="0.916402">
        <ele>474</ele>
      </trkpt>
      <trkpt lat="41.258562" lon="0.916428">
        <ele>475.56</ele>
      </trkpt>
      <trkpt lat="41.258439" lon="0.916577">
        <ele>477.08</ele>
      </trkpt>
      <trkpt lat="41.258402" lon="0.916844">
        <ele>476.85</ele>
      </trkpt>
      <trkpt lat="41.258366" lon="0.916966">
        <ele>475.31</ele>
      </trkpt>
      <trkpt lat="41.258277" lon="0.917087">
        <ele>472.88</ele>
      </trkpt>
      <trkpt lat="41.258181" lon="0.917148">
        <ele>473.73</ele>
      </trkpt>
      <trkpt lat="41.258078" lon="0.917142">
        <ele>475.62</ele>
      </trkpt>
      <trkpt lat="41.257965" lon="0.916966">
        <ele>475.75</ele>
      </trkpt>
      <trkpt lat="41.257867" lon="0.916828">
        <ele>476.78</ele>
      </trkpt>
      <trkpt lat="41.25779" lon="0.91678">
        <ele>478.07</ele>
      </trkpt>
      <trkpt lat="41.257694" lon="0.916758">
        <ele>479.06</ele>
      </trkpt>
      <trkpt lat="41.257624" lon="0.916793">
        <ele>478.77</ele>
      </trkpt>
      <trkpt lat="41.257525" lon="0.917014">
        <ele>478.6</ele>
      </trkpt>
      <trkpt lat="41.257446" lon="0.917148">
        <ele>478.05</ele>
      </trkpt>
      <trkpt lat="41.257376" lon="0.917119">
        <ele>477.6</ele>
      </trkpt>
      <trkpt lat="41.257288" lon="0.917058">
        <ele>476.93</ele>
      </trkpt>
      <trkpt lat="41.257208" lon="0.916985">
        <ele>477.05</ele>
      </trkpt>
      <trkpt lat="41.25705" lon="0.91701">
        <ele>479.07</ele>
      </trkpt>
      <trkpt lat="41.256898" lon="0.917129">
        <ele>480.35</ele>
      </trkpt>
      <trkpt lat="41.256788" lon="0.917228">
        <ele>479.33</ele>
      </trkpt>
      <trkpt lat="41.256696" lon="0.917202">
        <ele>478.17</ele>
      </trkpt>
      <trkpt lat="41.256608" lon="0.9171">
        <ele>478.11</ele>
      </trkpt>
      <trkpt lat="41.256514" lon="0.917062">
        <ele>479.95</ele>
      </trkpt>
      <trkpt lat="41.256379" lon="0.917087">
        <ele>482.94</ele>
      </trkpt>
      <trkpt lat="41.256312" lon="0.917231">
        <ele>485.46</ele>
      </trkpt>
      <trkpt lat="41.256288" lon="0.91748">
        <ele>489.56</ele>
      </trkpt>
      <trkpt lat="41.256329" lon="0.917611">
        <ele>491.45</ele>
      </trkpt>
      <trkpt lat="41.256403" lon="0.917701">
        <ele>493.57</ele>
      </trkpt>
      <trkpt lat="41.256437" lon="0.917787">
        <ele>495.09</ele>
      </trkpt>
      <trkpt lat="41.256432" lon="0.917934">
        <ele>496.36</ele>
      </trkpt>
      <trkpt lat="41.256476" lon="0.918178">
        <ele>496.52</ele>
      </trkpt>
      <trkpt lat="41.256538" lon="0.918474">
        <ele>497.91</ele>
      </trkpt>
      <trkpt lat="41.256533" lon="0.918727">
        <ele>498.17</ele>
      </trkpt>
      <trkpt lat="41.256519" lon="0.918915">
        <ele>497.34</ele>
      </trkpt>
      <trkpt lat="41.256564" lon="0.919094">
        <ele>495.48</ele>
      </trkpt>
      <trkpt lat="41.256682" lon="0.919213">
        <ele>495.24</ele>
      </trkpt>
      <trkpt lat="41.256809" lon="0.919356">
        <ele>493.78</ele>
      </trkpt>
      <trkpt lat="41.256848" lon="0.91943">
        <ele>493.47</ele>
      </trkpt>
      <trkpt lat="41.256862" lon="0.919529">
        <ele>492.66</ele>
      </trkpt>
      <trkpt lat="41.256807" lon="0.919603">
        <ele>491.81</ele>
      </trkpt>
      <trkpt lat="41.256672" lon="0.919631">
        <ele>489.61</ele>
      </trkpt>
      <trkpt lat="41.256562" lon="0.919606">
        <ele>488.64</ele>
      </trkpt>
      <trkpt lat="41.25643" lon="0.919513">
        <ele>485.66</ele>
      </trkpt>
      <trkpt lat="41.256283" lon="0.919564">
        <ele>486.34</ele>
      </trkpt>
      <trkpt lat="41.256165" lon="0.919574">
        <ele>487.05</ele>
      </trkpt>
      <trkpt lat="41.255887" lon="0.91967">
        <ele>491.95</ele>
      </trkpt>
      <trkpt lat="41.255755" lon="0.919721">
        <ele>492.3</ele>
      </trkpt>
      <trkpt lat="41.255613" lon="0.919807">
        <ele>490.44</ele>
      </trkpt>
      <trkpt lat="41.255543" lon="0.919897">
        <ele>488.2</ele>
      </trkpt>
      <trkpt lat="41.255481" lon="0.919909">
        <ele>486.52</ele>
      </trkpt>
      <trkpt lat="41.255397" lon="0.919865">
        <ele>484.19</ele>
      </trkpt>
      <trkpt lat="41.255303" lon="0.919839">
        <ele>484.06</ele>
      </trkpt>
      <trkpt lat="41.255252" lon="0.919884">
        <ele>485.92</ele>
      </trkpt>
      <trkpt lat="41.255149" lon="0.920002">
        <ele>485.05</ele>
      </trkpt>
      <trkpt lat="41.254906" lon="0.920223">
        <ele>480.03</ele>
      </trkpt>
      <trkpt lat="41.254774" lon="0.920213">
        <ele>476.61</ele>
      </trkpt>
      <trkpt lat="41.25451" lon="0.9202">
        <ele>472.68</ele>
      </trkpt>
      <trkpt lat="41.254416" lon="0.920181">
        <ele>471.11</ele>
      </trkpt>
      <trkpt lat="41.254173" lon="0.920031">
        <ele>469.7</ele>
      </trkpt>
      <trkpt lat="41.254106" lon="0.920088">
        <ele>471.08</ele>
      </trkpt>
      <trkpt lat="41.254101" lon="0.920242">
        <ele>472.65</ele>
      </trkpt>
      <trkpt lat="41.254135" lon="0.920405">
        <ele>474.95</ele>
      </trkpt>
      <trkpt lat="41.254237" lon="0.920545">
        <ele>474.93</ele>
      </trkpt>
      <trkpt lat="41.254283" lon="0.92066">
        <ele>476.11</ele>
      </trkpt>
      <trkpt lat="41.254301" lon="0.920894">
        <ele>477.81</ele>
      </trkpt>
      <trkpt lat="41.25426" lon="0.921152">
        <ele>479.87</ele>
      </trkpt>
      <trkpt lat="41.254294" lon="0.921369">
        <ele>482.03</ele>
      </trkpt>
      <trkpt lat="41.254369" lon="0.921502">
        <ele>482.33</ele>
      </trkpt>
      <trkpt lat="41.254513" lon="0.921644">
        <ele>482.59</ele>
      </trkpt>
      <trkpt lat="41.254724" lon="0.921832">
        <ele>483.97</ele>
      </trkpt>
      <trkpt lat="41.25495" lon="0.922189">
        <ele>488.33</ele>
      </trkpt>
      <trkpt lat="41.255087" lon="0.922473">
        <ele>491.93</ele>
      </trkpt>
      <trkpt lat="41.255154" lon="0.922652">
        <ele>494.66</ele>
      </trkpt>
      <trkpt lat="41.255149" lon="0.922774">
        <ele>498.06</ele>
      </trkpt>
      <trkpt lat="41.255094" lon="0.92279">
        <ele>498.46</ele>
      </trkpt>
      <trkpt lat="41.255012" lon="0.922617">
        <ele>497.4</ele>
      </trkpt>
      <trkpt lat="41.254858" lon="0.922518">
        <ele>500.83</ele>
      </trkpt>
      <trkpt lat="41.254335" lon="0.922195">
        <ele>506.07</ele>
      </trkpt>
      <trkpt lat="41.254157" lon="0.922042">
        <ele>507.43</ele>
      </trkpt>
      <trkpt lat="41.253967" lon="0.921706">
        <ele>508.7</ele>
      </trkpt>
      <trkpt lat="41.253787" lon="0.921355">
        <ele>512.04</ele>
      </trkpt>
      <trkpt lat="41.253544" lon="0.920981">
        <ele>516.81</ele>
      </trkpt>
      <trkpt lat="41.253556" lon="0.920623">
        <ele>515.66</ele>
      </trkpt>
      <trkpt lat="41.253455" lon="0.920345">
        <ele>518.77</ele>
      </trkpt>
      <trkpt lat="41.253349" lon="0.920342">
        <ele>520.52</ele>
      </trkpt>
      <trkpt lat="41.253205" lon="0.920406">
        <ele>521.54</ele>
      </trkpt>
      <trkpt lat="41.253056" lon="0.920444">
        <ele>521.56</ele>
      </trkpt>
      <trkpt lat="41.252893" lon="0.920546">
        <ele>522.44</ele>
      </trkpt>
      <trkpt lat="41.252919" lon="0.9207">
        <ele>523.98</ele>
      </trkpt>
      <trkpt lat="41.253059" lon="0.921125">
        <ele>526.38</ele>
      </trkpt>
      <trkpt lat="41.25302" lon="0.92124">
        <ele>525.6</ele>
      </trkpt>
      <trkpt lat="41.252953" lon="0.92138">
        <ele>526.12</ele>
      </trkpt>
      <trkpt lat="41.252838" lon="0.921444">
        <ele>526.19</ele>
      </trkpt>
      <trkpt lat="41.252753" lon="0.921556">
        <ele>528.02</ele>
      </trkpt>
      <trkpt lat="41.252758" lon="0.921687">
        <ele>529.92</ele>
      </trkpt>
      <trkpt lat="41.25284" lon="0.921844">
        <ele>531.87</ele>
      </trkpt>
      <trkpt lat="41.252953" lon="0.92194">
        <ele>534.7</ele>
      </trkpt>
      <trkpt lat="41.253107" lon="0.922084">
        <ele>536.78</ele>
      </trkpt>
      <trkpt lat="41.253323" lon="0.922093">
        <ele>539.05</ele>
      </trkpt>
      <trkpt lat="41.253371" lon="0.922135">
        <ele>539.49</ele>
      </trkpt>
      <trkpt lat="41.253402" lon="0.922218">
        <ele>540.12</ele>
      </trkpt>
      <trkpt lat="41.253337" lon="0.922659">
        <ele>542.15</ele>
      </trkpt>
      <trkpt lat="41.253325" lon="0.922819">
        <ele>543.46</ele>
      </trkpt>
      <trkpt lat="41.253277" lon="0.922918">
        <ele>542.58</ele>
      </trkpt>
      <trkpt lat="41.253196" lon="0.923036">
        <ele>541.4</ele>
      </trkpt>
      <trkpt lat="41.25315" lon="0.923177">
        <ele>540.44</ele>
      </trkpt>
      <trkpt lat="41.253229" lon="0.923423">
        <ele>541.24</ele>
      </trkpt>
      <trkpt lat="41.253248" lon="0.923525">
        <ele>541.4</ele>
      </trkpt>
      <trkpt lat="41.253246" lon="0.923634">
        <ele>540.83</ele>
      </trkpt>
      <trkpt lat="41.253222" lon="0.923726">
        <ele>541.14</ele>
      </trkpt>
      <trkpt lat="41.253143" lon="0.923819">
        <ele>539.02</ele>
      </trkpt>
      <trkpt lat="41.25311" lon="0.923867">
        <ele>539.11</ele>
      </trkpt>
      <trkpt lat="41.253095" lon="0.923889">
        <ele>539.15</ele>
      </trkpt>
      <trkpt lat="41.252922" lon="0.924017">
        <ele>536.47</ele>
      </trkpt>
      <trkpt lat="41.252845" lon="0.924104">
        <ele>535.56</ele>
      </trkpt>
      <trkpt lat="41.252811" lon="0.924209">
        <ele>535.43</ele>
      </trkpt>
      <trkpt lat="41.252768" lon="0.92442">
        <ele>533.11</ele>
      </trkpt>
      <trkpt lat="41.25278" lon="0.924893">
        <ele>529.4</ele>
      </trkpt>
      <trkpt lat="41.252729" lon="0.925018">
        <ele>527.13</ele>
      </trkpt>
      <trkpt lat="41.252451" lon="0.925379">
        <ele>521.56</ele>
      </trkpt>
      <trkpt lat="41.252434" lon="0.925497">
        <ele>519.68</ele>
      </trkpt>
      <trkpt lat="41.252475" lon="0.925631">
        <ele>518.35</ele>
      </trkpt>
      <trkpt lat="41.252559" lon="0.925858">
        <ele>514.95</ele>
      </trkpt>
      <trkpt lat="41.252631" lon="0.92598">
        <ele>513.11</ele>
      </trkpt>
      <trkpt lat="41.252741" lon="0.926117">
        <ele>511.93</ele>
      </trkpt>
      <trkpt lat="41.252787" lon="0.926191">
        <ele>511.28</ele>
      </trkpt>
      <trkpt lat="41.252744" lon="0.926296">
        <ele>510.98</ele>
      </trkpt>
      <trkpt lat="41.252648" lon="0.92636">
        <ele>509.58</ele>
      </trkpt>
      <trkpt lat="41.252417" lon="0.926414">
        <ele>507.71</ele>
      </trkpt>
      <trkpt lat="41.252254" lon="0.926373">
        <ele>504.83</ele>
      </trkpt>
      <trkpt lat="41.252149" lon="0.926335">
        <ele>503.26</ele>
      </trkpt>
      <trkpt lat="41.251942" lon="0.926315">
        <ele>502.47</ele>
      </trkpt>
      <trkpt lat="41.251822" lon="0.926344">
        <ele>503.06</ele>
      </trkpt>
      <trkpt lat="41.251688" lon="0.926319">
        <ele>501.26</ele>
      </trkpt>
      <trkpt lat="41.251411" lon="0.926319">
        <ele>502.14</ele>
      </trkpt>
      <trkpt lat="41.251212" lon="0.926287">
        <ele>501.74</ele>
      </trkpt>
      <trkpt lat="41.251137" lon="0.926299">
        <ele>501.78</ele>
      </trkpt>
      <trkpt lat="41.25108" lon="0.92645">
        <ele>503.39</ele>
      </trkpt>
      <trkpt lat="41.251065" lon="0.926702">
        <ele>505.79</ele>
      </trkpt>
      <trkpt lat="41.251051" lon="0.926865">
        <ele>506.14</ele>
      </trkpt>
      <trkpt lat="41.251087" lon="0.92722">
        <ele>508.05</ele>
      </trkpt>
      <trkpt lat="41.25104" lon="0.927405">
        <ele>508.28</ele>
      </trkpt>
      <trkpt lat="41.25105" lon="0.927565">
        <ele>509.12</ele>
      </trkpt>
      <trkpt lat="41.251083" lon="0.927664">
        <ele>509.25</ele>
      </trkpt>
      <trkpt lat="41.251155" lon="0.927808">
        <ele>509.73</ele>
      </trkpt>
      <trkpt lat="41.251391" lon="0.928041">
        <ele>511.7</ele>
      </trkpt>
      <trkpt lat="41.251511" lon="0.928185">
        <ele>513.87</ele>
      </trkpt>
      <trkpt lat="41.251511" lon="0.928335">
        <ele>512.56</ele>
      </trkpt>
      <trkpt lat="41.25154" lon="0.92847">
        <ele>511.62</ele>
      </trkpt>
      <trkpt lat="41.251619" lon="0.92855">
        <ele>511.98</ele>
      </trkpt>
      <trkpt lat="41.251718" lon="0.92863">
        <ele>511.45</ele>
      </trkpt>
      <trkpt lat="41.251862" lon="0.928662">
        <ele>510.69</ele>
      </trkpt>
      <trkpt lat="41.251973" lon="0.928652">
        <ele>510.19</ele>
      </trkpt>
      <trkpt lat="41.252081" lon="0.928665">
        <ele>509.86</ele>
      </trkpt>
      <trkpt lat="41.252254" lon="0.928739">
        <ele>509.11</ele>
      </trkpt>
      <trkpt lat="41.252427" lon="0.928892">
        <ele>508.21</ele>
      </trkpt>
      <trkpt lat="41.252501" lon="0.928988">
        <ele>507.4</ele>
      </trkpt>
      <trkpt lat="41.252557" lon="0.929097">
        <ele>506.7</ele>
      </trkpt>
      <trkpt lat="41.252557" lon="0.929205">
        <ele>505.28</ele>
      </trkpt>
      <trkpt lat="41.252477" lon="0.929272">
        <ele>503.61</ele>
      </trkpt>
      <trkpt lat="41.252364" lon="0.929343">
        <ele>502.84</ele>
      </trkpt>
      <trkpt lat="41.252273" lon="0.929503">
        <ele>503.01</ele>
      </trkpt>
      <trkpt lat="41.252278" lon="0.929598">
        <ele>503.12</ele>
      </trkpt>
      <trkpt lat="41.252391" lon="0.929924">
        <ele>501.87</ele>
      </trkpt>
      <trkpt lat="41.252593" lon="0.930276">
        <ele>501.18</ele>
      </trkpt>
      <trkpt lat="41.252597" lon="0.930442">
        <ele>498.17</ele>
      </trkpt>
      <trkpt lat="41.252564" lon="0.930807">
        <ele>493.19</ele>
      </trkpt>
      <trkpt lat="41.252602" lon="0.931056">
        <ele>492.38</ele>
      </trkpt>
      <trkpt lat="41.252722" lon="0.931273">
        <ele>491.04</ele>
      </trkpt>
      <trkpt lat="41.252874" lon="0.931398">
        <ele>492.38</ele>
      </trkpt>
      <trkpt lat="41.252916" lon="0.931381">
        <ele>493.64</ele>
      </trkpt>
      <trkpt lat="41.252996" lon="0.931413">
        <ele>494.63</ele>
      </trkpt>
      <trkpt lat="41.253037" lon="0.931343">
        <ele>497.24</ele>
      </trkpt>
      <trkpt lat="41.253053" lon="0.931247">
        <ele>499.82</ele>
      </trkpt>
      <trkpt lat="41.253146" lon="0.931075">
        <ele>505.25</ele>
      </trkpt>
      <trkpt lat="41.253186" lon="0.930893">
        <ele>509.99</ele>
      </trkpt>
      <trkpt lat="41.253194" lon="0.930689">
        <ele>515.67</ele>
      </trkpt>
      <trkpt lat="41.2531" lon="0.930577">
        <ele>518.23</ele>
      </trkpt>
      <trkpt lat="41.253101" lon="0.930399">
        <ele>521.92</ele>
      </trkpt>
      <trkpt lat="41.253214" lon="0.930147">
        <ele>528.83</ele>
      </trkpt>
      <trkpt lat="41.253258" lon="0.929959">
        <ele>532.8</ele>
      </trkpt>
      <trkpt lat="41.25348" lon="0.9299">
        <ele>537.72</ele>
      </trkpt>
      <trkpt lat="41.253545" lon="0.929793">
        <ele>540.72</ele>
      </trkpt>
      <trkpt lat="41.253621" lon="0.929831">
        <ele>541.49</ele>
      </trkpt>
      <trkpt lat="41.253669" lon="0.929809">
        <ele>542.76</ele>
      </trkpt>
      <trkpt lat="41.253713" lon="0.929686">
        <ele>546.71</ele>
      </trkpt>
      <trkpt lat="41.253842" lon="0.929734">
        <ele>549.89</ele>
      </trkpt>
      <trkpt lat="41.253952" lon="0.929632">
        <ele>555.94</ele>
      </trkpt>
      <trkpt lat="41.254065" lon="0.929643">
        <ele>558.61</ele>
      </trkpt>
      <trkpt lat="41.254222" lon="0.929595">
        <ele>561.8</ele>
      </trkpt>
      <trkpt lat="41.254501" lon="0.929541">
        <ele>563.51</ele>
      </trkpt>
      <trkpt lat="41.254888" lon="0.929348">
        <ele>567.48</ele>
      </trkpt>
      <trkpt lat="41.255028" lon="0.929214">
        <ele>569.45</ele>
      </trkpt>
      <trkpt lat="41.255143" lon="0.928999">
        <ele>570.58</ele>
      </trkpt>
      <trkpt lat="41.255136" lon="0.928922">
        <ele>570.81</ele>
      </trkpt>
      <trkpt lat="41.255062" lon="0.928798">
        <ele>570.57</ele>
      </trkpt>
      <trkpt lat="41.254929" lon="0.92868">
        <ele>570.59</ele>
      </trkpt>
      <trkpt lat="41.254881" lon="0.928561">
        <ele>570.79</ele>
      </trkpt>
      <trkpt lat="41.25483" lon="0.928311">
        <ele>570.18</ele>
      </trkpt>
      <trkpt lat="41.254608" lon="0.927688">
        <ele>564.86</ele>
      </trkpt>
      <trkpt lat="41.254595" lon="0.92754">
        <ele>563.4</ele>
      </trkpt>
      <trkpt lat="41.254629" lon="0.927408">
        <ele>562.86</ele>
      </trkpt>
      <trkpt lat="41.254688" lon="0.92729">
        <ele>563.1</ele>
      </trkpt>
      <trkpt lat="41.254774" lon="0.927171">
        <ele>563.91</ele>
      </trkpt>
      <trkpt lat="41.255088" lon="0.926904">
        <ele>565.89</ele>
      </trkpt>
      <trkpt lat="41.25515" lon="0.926877">
        <ele>565.78</ele>
      </trkpt>
      <trkpt lat="41.255102" lon="0.926785">
        <ele>564.77</ele>
      </trkpt>
      <trkpt lat="41.25504" lon="0.9266">
        <ele>564.88</ele>
      </trkpt>
      <trkpt lat="41.254873" lon="0.926245">
        <ele>562.48</ele>
      </trkpt>
      <trkpt lat="41.25504" lon="0.9266">
        <ele>564.88</ele>
      </trkpt>
      <trkpt lat="41.255102" lon="0.926785">
        <ele>564.77</ele>
      </trkpt>
      <trkpt lat="41.25515" lon="0.926877">
        <ele>565.78</ele>
      </trkpt>
      <trkpt lat="41.255301" lon="0.926848">
        <ele>565.1</ele>
      </trkpt>
      <trkpt lat="41.25564" lon="0.926813">
        <ele>564.11</ele>
      </trkpt>
      <trkpt lat="41.255955" lon="0.926744">
        <ele>563.68</ele>
      </trkpt>
      <trkpt lat="41.256223" lon="0.926623">
        <ele>563.34</ele>
      </trkpt>
      <trkpt lat="41.256588" lon="0.92663">
        <ele>565.4</ele>
      </trkpt>
      <trkpt lat="41.256808" lon="0.926664">
        <ele>565.59</ele>
      </trkpt>
      <trkpt lat="41.257413" lon="0.926786">
        <ele>568.97</ele>
      </trkpt>
      <trkpt lat="41.257482" lon="0.926808">
        <ele>568.51</ele>
      </trkpt>
      <trkpt lat="41.257591" lon="0.926887">
        <ele>567.46</ele>
      </trkpt>
      <trkpt lat="41.257662" lon="0.926992">
        <ele>567.48</ele>
      </trkpt>
      <trkpt lat="41.257897" lon="0.927554">
        <ele>567.69</ele>
      </trkpt>
      <trkpt lat="41.257964" lon="0.92768">
        <ele>567.67</ele>
      </trkpt>
      <trkpt lat="41.258066" lon="0.927814">
        <ele>568.59</ele>
      </trkpt>
      <trkpt lat="41.258356" lon="0.928111">
        <ele>569.18</ele>
      </trkpt>
      <trkpt lat="41.258481" lon="0.928165">
        <ele>568.33</ele>
      </trkpt>
      <trkpt lat="41.258623" lon="0.92817">
        <ele>567.06</ele>
      </trkpt>
      <trkpt lat="41.258674" lon="0.928159">
        <ele>567.02</ele>
      </trkpt>
      <trkpt lat="41.258738" lon="0.928146">
        <ele>566.98</ele>
      </trkpt>
      <trkpt lat="41.258811" lon="0.928108">
        <ele>566.1</ele>
      </trkpt>
      <trkpt lat="41.258855" lon="0.928049">
        <ele>564.75</ele>
      </trkpt>
      <trkpt lat="41.25906" lon="0.928243">
        <ele>571.74</ele>
      </trkpt>
      <trkpt lat="41.259164" lon="0.928402">
        <ele>575.58</ele>
      </trkpt>
      <trkpt lat="41.259338" lon="0.928489">
        <ele>577.96</ele>
      </trkpt>
      <trkpt lat="41.259485" lon="0.92854">
        <ele>579.13</ele>
      </trkpt>
      <trkpt lat="41.259611" lon="0.928656">
        <ele>580.1</ele>
      </trkpt>
      <trkpt lat="41.259622" lon="0.928873">
        <ele>588.49</ele>
      </trkpt>
      <trkpt lat="41.259829" lon="0.929091">
        <ele>592.41</ele>
      </trkpt>
      <trkpt lat="41.260226" lon="0.929504">
        <ele>589.32</ele>
      </trkpt>
      <trkpt lat="41.260292" lon="0.929663">
        <ele>589.86</ele>
      </trkpt>
      <trkpt lat="41.260299" lon="0.929952">
        <ele>590.18</ele>
      </trkpt>
      <trkpt lat="41.260289" lon="0.930247">
        <ele>590.51</ele>
      </trkpt>
      <trkpt lat="41.260266" lon="0.930342">
        <ele>592.53</ele>
      </trkpt>
      <trkpt lat="41.260236" lon="0.930358">
        <ele>594.51</ele>
      </trkpt>
      <trkpt lat="41.260194" lon="0.930339">
        <ele>596.94</ele>
      </trkpt>
      <trkpt lat="41.260185" lon="0.930231">
        <ele>597.38</ele>
      </trkpt>
      <trkpt lat="41.260185" lon="0.930034">
        <ele>597.45</ele>
      </trkpt>
      <trkpt lat="41.260153" lon="0.929984">
        <ele>599.57</ele>
      </trkpt>
      <trkpt lat="41.260129" lon="0.929994">
        <ele>601.39</ele>
      </trkpt>
      <trkpt lat="41.260092" lon="0.930037">
        <ele>604.02</ele>
      </trkpt>
      <trkpt lat="41.260066" lon="0.930158">
        <ele>604.87</ele>
      </trkpt>
      <trkpt lat="41.260042" lon="0.930334">
        <ele>607.22</ele>
      </trkpt>
      <trkpt lat="41.260003" lon="0.930394">
        <ele>610.78</ele>
      </trkpt>
      <trkpt lat="41.259959" lon="0.930426">
        <ele>614.72</ele>
      </trkpt>
      <trkpt lat="41.259927" lon="0.930384">
        <ele>615.93</ele>
      </trkpt>
      <trkpt lat="41.259941" lon="0.930292">
        <ele>613.47</ele>
      </trkpt>
      <trkpt lat="41.259947" lon="0.930192">
        <ele>612.89</ele>
      </trkpt>
      <trkpt lat="41.259922" lon="0.930134">
        <ele>615.15</ele>
      </trkpt>
      <trkpt lat="41.25989" lon="0.930126">
        <ele>617.8</ele>
      </trkpt>
      <trkpt lat="41.259862" lon="0.930152">
        <ele>619.54</ele>
      </trkpt>
      <trkpt lat="41.259849" lon="0.930374">
        <ele>621.42</ele>
      </trkpt>
      <trkpt lat="41.259802" lon="0.930521">
        <ele>626.85</ele>
      </trkpt>
      <trkpt lat="41.25972" lon="0.930488">
        <ele>630.76</ele>
      </trkpt>
      <trkpt lat="41.259642" lon="0.930536">
        <ele>635.23</ele>
      </trkpt>
      <trkpt lat="41.259582" lon="0.930658">
        <ele>637.9</ele>
      </trkpt>
      <trkpt lat="41.259545" lon="0.93067">
        <ele>639.06</ele>
      </trkpt>
      <trkpt lat="41.259483" lon="0.930558">
        <ele>641.82</ele>
      </trkpt>
      <trkpt lat="41.259443" lon="0.930442">
        <ele>644.48</ele>
      </trkpt>
      <trkpt lat="41.259475" lon="0.930321">
        <ele>644.48</ele>
      </trkpt>
      <trkpt lat="41.259485" lon="0.930134">
        <ele>644.31</ele>
      </trkpt>
      <trkpt lat="41.259467" lon="0.929935">
        <ele>645.72</ele>
      </trkpt>
      <trkpt lat="41.259428" lon="0.92983">
        <ele>646.33</ele>
      </trkpt>
      <trkpt lat="41.259343" lon="0.929785">
        <ele>648.03</ele>
      </trkpt>
      <trkpt lat="41.259286" lon="0.929734">
        <ele>649.19</ele>
      </trkpt>
      <trkpt lat="41.259247" lon="0.929688">
        <ele>649.86</ele>
      </trkpt>
      <trkpt lat="41.259164" lon="0.929561">
        <ele>651.41</ele>
      </trkpt>
      <trkpt lat="41.259075" lon="0.929507">
        <ele>654.77</ele>
      </trkpt>
      <trkpt lat="41.258987" lon="0.929468">
        <ele>655.83</ele>
      </trkpt>
      <trkpt lat="41.258858" lon="0.929535">
        <ele>664.08</ele>
      </trkpt>
      <trkpt lat="41.258795" lon="0.929622">
        <ele>667.76</ele>
      </trkpt>
      <trkpt lat="41.258724" lon="0.929704">
        <ele>669.91</ele>
      </trkpt>
      <trkpt lat="41.258612" lon="0.929866">
        <ele>671.99</ele>
      </trkpt>
      <trkpt lat="41.25852" lon="0.929935">
        <ele>670.06</ele>
      </trkpt>
      <trkpt lat="41.258398" lon="0.93003">
        <ele>670.72</ele>
      </trkpt>
      <trkpt lat="41.258364" lon="0.930078">
        <ele>671.85</ele>
      </trkpt>
      <trkpt lat="41.258292" lon="0.93021">
        <ele>679.38</ele>
      </trkpt>
      <trkpt lat="41.258224" lon="0.930283">
        <ele>680.29</ele>
      </trkpt>
      <trkpt lat="41.258184" lon="0.930327">
        <ele>686.25</ele>
      </trkpt>
      <trkpt lat="41.258147" lon="0.930422">
        <ele>692.77</ele>
      </trkpt>
      <trkpt lat="41.258136" lon="0.930523">
        <ele>696.37</ele>
      </trkpt>
      <trkpt lat="41.258184" lon="0.930588">
        <ele>697.86</ele>
      </trkpt>
      <trkpt lat="41.258176" lon="0.930609">
        <ele>698.61</ele>
      </trkpt>
      <trkpt lat="41.258125" lon="0.930614">
        <ele>698.47</ele>
      </trkpt>
      <trkpt lat="41.258111" lon="0.930638">
        <ele>698.78</ele>
      </trkpt>
      <trkpt lat="41.258167" lon="0.930798">
        <ele>704.97</ele>
      </trkpt>
      <trkpt lat="41.258259" lon="0.930891">
        <ele>710.67</ele>
      </trkpt>
      <trkpt lat="41.258269" lon="0.930816">
        <ele>709.67</ele>
      </trkpt>
      <trkpt lat="41.258341" lon="0.93076">
        <ele>712.82</ele>
      </trkpt>
      <trkpt lat="41.258403" lon="0.93064">
        <ele>713.38</ele>
      </trkpt>
      <trkpt lat="41.258433" lon="0.93044">
        <ele>710.83</ele>
      </trkpt>
      <trkpt lat="41.258457" lon="0.930371">
        <ele>710.13</ele>
      </trkpt>
      <trkpt lat="41.258544" lon="0.930362">
        <ele>710.75</ele>
      </trkpt>
      <trkpt lat="41.258594" lon="0.930391">
        <ele>711.63</ele>
      </trkpt>
      <trkpt lat="41.258573" lon="0.930458">
        <ele>713.42</ele>
      </trkpt>
      <trkpt lat="41.258617" lon="0.930512">
        <ele>714.9</ele>
      </trkpt>
      <trkpt lat="41.258654" lon="0.930591">
        <ele>714.93</ele>
      </trkpt>
      <trkpt lat="41.258612" lon="0.930801">
        <ele>720.46</ele>
      </trkpt>
      <trkpt lat="41.258639" lon="0.930864">
        <ele>720.55</ele>
      </trkpt>
      <trkpt lat="41.258641" lon="0.931008">
        <ele>722.55</ele>
      </trkpt>
      <trkpt lat="41.258619" lon="0.931104">
        <ele>724.65</ele>
      </trkpt>
      <trkpt lat="41.25861" lon="0.93123">
        <ele>726.18</ele>
      </trkpt>
      <trkpt lat="41.258558" lon="0.931408">
        <ele>725.62</ele>
      </trkpt>
      <trkpt lat="41.258549" lon="0.931505">
        <ele>725.91</ele>
      </trkpt>
      <trkpt lat="41.258556" lon="0.931556">
        <ele>726.16</ele>
      </trkpt>
      <trkpt lat="41.25844" lon="0.931919">
        <ele>728.51</ele>
      </trkpt>
      <trkpt lat="41.258288" lon="0.931862">
        <ele>727.61</ele>
      </trkpt>
      <trkpt lat="41.258211" lon="0.931871">
        <ele>727.68</ele>
      </trkpt>
      <trkpt lat="41.25799" lon="0.931946">
        <ele>729.07</ele>
      </trkpt>
      <trkpt lat="41.257853" lon="0.931954">
        <ele>730.11</ele>
      </trkpt>
      <trkpt lat="41.257809" lon="0.931942">
        <ele>730.42</ele>
      </trkpt>
      <trkpt lat="41.257749" lon="0.93197">
        <ele>731.85</ele>
      </trkpt>
      <trkpt lat="41.257736" lon="0.931996">
        <ele>732.48</ele>
      </trkpt>
      <trkpt lat="41.257892" lon="0.932401">
        <ele>734.47</ele>
      </trkpt>
      <trkpt lat="41.257986" lon="0.932693">
        <ele>735.77</ele>
      </trkpt>
      <trkpt lat="41.258048" lon="0.932828">
        <ele>735.17</ele>
      </trkpt>
      <trkpt lat="41.258052" lon="0.932866">
        <ele>734.78</ele>
      </trkpt>
      <trkpt lat="41.258035" lon="0.932922">
        <ele>734.3</ele>
      </trkpt>
      <trkpt lat="41.258014" lon="0.932994">
        <ele>733.47</ele>
      </trkpt>
      <trkpt lat="41.258007" lon="0.933152">
        <ele>731.89</ele>
      </trkpt>
      <trkpt lat="41.258017" lon="0.933211">
        <ele>731.23</ele>
      </trkpt>
      <trkpt lat="41.258026" lon="0.93333">
        <ele>730.54</ele>
      </trkpt>
      <trkpt lat="41.258087" lon="0.933608">
        <ele>729.34</ele>
      </trkpt>
      <trkpt lat="41.258134" lon="0.933758">
        <ele>730.39</ele>
      </trkpt>
      <trkpt lat="41.258228" lon="0.933965">
        <ele>730.92</ele>
      </trkpt>
      <trkpt lat="41.258408" lon="0.934404">
        <ele>731.37</ele>
      </trkpt>
      <trkpt lat="41.258519" lon="0.934713">
        <ele>731.55</ele>
      </trkpt>
      <trkpt lat="41.25863" lon="0.935022">
        <ele>727.24</ele>
      </trkpt>
      <trkpt lat="41.258651" lon="0.935104">
        <ele>724.32</ele>
      </trkpt>
      <trkpt lat="41.258662" lon="0.935181">
        <ele>723.81</ele>
      </trkpt>
      <trkpt lat="41.258662" lon="0.935305">
        <ele>727.51</ele>
      </trkpt>
      <trkpt lat="41.258673" lon="0.935441">
        <ele>730.34</ele>
      </trkpt>
      <trkpt lat="41.258703" lon="0.935595">
        <ele>731.65</ele>
      </trkpt>
      <trkpt lat="41.258718" lon="0.935731">
        <ele>731.82</ele>
      </trkpt>
      <trkpt lat="41.258698" lon="0.935766">
        <ele>732.73</ele>
      </trkpt>
      <trkpt lat="41.258676" lon="0.935763">
        <ele>733.68</ele>
      </trkpt>
      <trkpt lat="41.258628" lon="0.935793">
        <ele>735.9</ele>
      </trkpt>
      <trkpt lat="41.258611" lon="0.935856">
        <ele>737.13</ele>
      </trkpt>
      <trkpt lat="41.258624" lon="0.935928">
        <ele>737.41</ele>
      </trkpt>
      <trkpt lat="41.258611" lon="0.935962">
        <ele>738.34</ele>
      </trkpt>
      <trkpt lat="41.258582" lon="0.935985">
        <ele>739.33</ele>
      </trkpt>
      <trkpt lat="41.25849" lon="0.936093">
        <ele>741.84</ele>
      </trkpt>
      <trkpt lat="41.258502" lon="0.936348">
        <ele>741.99</ele>
      </trkpt>
      <trkpt lat="41.258569" lon="0.936585">
        <ele>743.26</ele>
      </trkpt>
      <trkpt lat="41.258589" lon="0.936697">
        <ele>745.94</ele>
      </trkpt>
      <trkpt lat="41.258658" lon="0.9369">
        <ele>748.56</ele>
      </trkpt>
      <trkpt lat="41.258769" lon="0.937144">
        <ele>748.39</ele>
      </trkpt>
      <trkpt lat="41.25885" lon="0.937359">
        <ele>749.94</ele>
      </trkpt>
      <trkpt lat="41.258892" lon="0.93757">
        <ele>747.85</ele>
      </trkpt>
      <trkpt lat="41.258901" lon="0.937706">
        <ele>744.58</ele>
      </trkpt>
      <trkpt lat="41.258955" lon="0.938112">
        <ele>741.33</ele>
      </trkpt>
      <trkpt lat="41.258991" lon="0.938298">
        <ele>743.19</ele>
      </trkpt>
      <trkpt lat="41.25903" lon="0.938488">
        <ele>739.81</ele>
      </trkpt>
      <trkpt lat="41.259031" lon="0.938561">
        <ele>736.82</ele>
      </trkpt>
      <trkpt lat="41.259021" lon="0.938634">
        <ele>735.96</ele>
      </trkpt>
      <trkpt lat="41.258985" lon="0.938737">
        <ele>735.52</ele>
      </trkpt>
      <trkpt lat="41.259062" lon="0.939">
        <ele>743.94</ele>
      </trkpt>
      <trkpt lat="41.259069" lon="0.939045">
        <ele>742.31</ele>
      </trkpt>
      <trkpt lat="41.259089" lon="0.939107">
        <ele>742.32</ele>
      </trkpt>
      <trkpt lat="41.259137" lon="0.939232">
        <ele>737.58</ele>
      </trkpt>
      <trkpt lat="41.259218" lon="0.93947">
        <ele>732.4</ele>
      </trkpt>
      <trkpt lat="41.25924" lon="0.939588">
        <ele>732.86</ele>
      </trkpt>
      <trkpt lat="41.259266" lon="0.939726">
        <ele>733.4</ele>
      </trkpt>
      <trkpt lat="41.259251" lon="0.939797">
        <ele>730.08</ele>
      </trkpt>
      <trkpt lat="41.259271" lon="0.939896">
        <ele>729.81</ele>
      </trkpt>
      <trkpt lat="41.259348" lon="0.940022">
        <ele>732.58</ele>
      </trkpt>
      <trkpt lat="41.259402" lon="0.940139">
        <ele>733.64</ele>
      </trkpt>
      <trkpt lat="41.259417" lon="0.940206">
        <ele>735.45</ele>
      </trkpt>
      <trkpt lat="41.259406" lon="0.940323">
        <ele>732.76</ele>
      </trkpt>
      <trkpt lat="41.259423" lon="0.940357">
        <ele>732.93</ele>
      </trkpt>
      <trkpt lat="41.259494" lon="0.940424">
        <ele>735.95</ele>
      </trkpt>
      <trkpt lat="41.259577" lon="0.940669">
        <ele>731.74</ele>
      </trkpt>
      <trkpt lat="41.259661" lon="0.940817">
        <ele>730.88</ele>
      </trkpt>
      <trkpt lat="41.259744" lon="0.940907">
        <ele>732.39</ele>
      </trkpt>
      <trkpt lat="41.259886" lon="0.94115">
        <ele>728.71</ele>
      </trkpt>
      <trkpt lat="41.259994" lon="0.941193">
        <ele>732.68</ele>
      </trkpt>
      <trkpt lat="41.260073" lon="0.941309">
        <ele>732.68</ele>
      </trkpt>
      <trkpt lat="41.260079" lon="0.941342">
        <ele>731.38</ele>
      </trkpt>
      <trkpt lat="41.260146" lon="0.941407">
        <ele>732.89</ele>
      </trkpt>
      <trkpt lat="41.26026" lon="0.941477">
        <ele>740.33</ele>
      </trkpt>
      <trkpt lat="41.260306" lon="0.941537">
        <ele>741.49</ele>
      </trkpt>
      <trkpt lat="41.260334" lon="0.941622">
        <ele>742.45</ele>
      </trkpt>
      <trkpt lat="41.260337" lon="0.94169">
        <ele>740.47</ele>
      </trkpt>
      <trkpt lat="41.260302" lon="0.941784">
        <ele>730.27</ele>
      </trkpt>
      <trkpt lat="41.260271" lon="0.941826">
        <ele>720.53</ele>
      </trkpt>
      <trkpt lat="41.260261" lon="0.94189">
        <ele>714.81</ele>
      </trkpt>
      <trkpt lat="41.260266" lon="0.94192">
        <ele>715.9</ele>
      </trkpt>
      <trkpt lat="41.260316" lon="0.941972">
        <ele>727.82</ele>
      </trkpt>
      <trkpt lat="41.26039" lon="0.942054">
        <ele>736.72</ele>
      </trkpt>
      <trkpt lat="41.260403" lon="0.942117">
        <ele>735.04</ele>
      </trkpt>
      <trkpt lat="41.260392" lon="0.942173">
        <ele>729.71</ele>
      </trkpt>
      <trkpt lat="41.260397" lon="0.942219">
        <ele>728.14</ele>
      </trkpt>
      <trkpt lat="41.260476" lon="0.942388">
        <ele>731.16</ele>
      </trkpt>
      <trkpt lat="41.260504" lon="0.942521">
        <ele>727.37</ele>
      </trkpt>
      <trkpt lat="41.260528" lon="0.942587">
        <ele>727.82</ele>
      </trkpt>
      <trkpt lat="41.260578" lon="0.942648">
        <ele>731.95</ele>
      </trkpt>
      <trkpt lat="41.260596" lon="0.942737">
        <ele>730.83</ele>
      </trkpt>
      <trkpt lat="41.260623" lon="0.942975">
        <ele>725.33</ele>
      </trkpt>
      <trkpt lat="41.260557" lon="0.942925">
        <ele>722.73</ele>
      </trkpt>
      <trkpt lat="41.260513" lon="0.942836">
        <ele>721.93</ele>
      </trkpt>
      <trkpt lat="41.260486" lon="0.942819">
        <ele>720.1</ele>
      </trkpt>
      <trkpt lat="41.260464" lon="0.942847">
        <ele>718.99</ele>
      </trkpt>
      <trkpt lat="41.260472" lon="0.942924">
        <ele>719.23</ele>
      </trkpt>
      <trkpt lat="41.260483" lon="0.9431">
        <ele>715.27</ele>
      </trkpt>
      <trkpt lat="41.260514" lon="0.943221">
        <ele>711.93</ele>
      </trkpt>
      <trkpt lat="41.260614" lon="0.943234">
        <ele>713.52</ele>
      </trkpt>
      <trkpt lat="41.260676" lon="0.943274">
        <ele>715.87</ele>
      </trkpt>
      <trkpt lat="41.26066" lon="0.943438">
        <ele>715.69</ele>
      </trkpt>
      <trkpt lat="41.260581" lon="0.943449">
        <ele>703.66</ele>
      </trkpt>
      <trkpt lat="41.260495" lon="0.943395">
        <ele>697.74</ele>
      </trkpt>
      <trkpt lat="41.260487" lon="0.943529">
        <ele>689.44</ele>
      </trkpt>
      <trkpt lat="41.260454" lon="0.943693">
        <ele>682.27</ele>
      </trkpt>
      <trkpt lat="41.260458" lon="0.943862">
        <ele>679.27</ele>
      </trkpt>
      <trkpt lat="41.260472" lon="0.94395">
        <ele>678.52</ele>
      </trkpt>
      <trkpt lat="41.260452" lon="0.944024">
        <ele>674.79</ele>
      </trkpt>
      <trkpt lat="41.260431" lon="0.944062">
        <ele>672.37</ele>
      </trkpt>
      <trkpt lat="41.260397" lon="0.944031">
        <ele>670.81</ele>
      </trkpt>
      <trkpt lat="41.260401" lon="0.944091">
        <ele>670.07</ele>
      </trkpt>
      <trkpt lat="41.260344" lon="0.944048">
        <ele>667.43</ele>
      </trkpt>
      <trkpt lat="41.260329" lon="0.944096">
        <ele>666.04</ele>
      </trkpt>
      <trkpt lat="41.260271" lon="0.944079">
        <ele>662.97</ele>
      </trkpt>
      <trkpt lat="41.260224" lon="0.944122">
        <ele>659.26</ele>
      </trkpt>
      <trkpt lat="41.260218" lon="0.944185">
        <ele>657.52</ele>
      </trkpt>
      <trkpt lat="41.260293" lon="0.944313">
        <ele>657.3</ele>
      </trkpt>
      <trkpt lat="41.260386" lon="0.944485">
        <ele>659.37</ele>
      </trkpt>
      <trkpt lat="41.260397" lon="0.944652">
        <ele>658.35</ele>
      </trkpt>
      <trkpt lat="41.260318" lon="0.944842">
        <ele>651.25</ele>
      </trkpt>
      <trkpt lat="41.260323" lon="0.945066">
        <ele>646.56</ele>
      </trkpt>
      <trkpt lat="41.260402" lon="0.94523">
        <ele>645.15</ele>
      </trkpt>
      <trkpt lat="41.260431" lon="0.94537">
        <ele>642.71</ele>
      </trkpt>
      <trkpt lat="41.260401" lon="0.945518">
        <ele>636.07</ele>
      </trkpt>
      <trkpt lat="41.260387" lon="0.94568">
        <ele>629.68</ele>
      </trkpt>
      <trkpt lat="41.260437" lon="0.945936">
        <ele>625.8</ele>
      </trkpt>
      <trkpt lat="41.26046" lon="0.94619">
        <ele>621.21</ele>
      </trkpt>
      <trkpt lat="41.260481" lon="0.94634">
        <ele>619.43</ele>
      </trkpt>
      <trkpt lat="41.260391" lon="0.946339">
        <ele>613.95</ele>
      </trkpt>
      <trkpt lat="41.26039" lon="0.946448">
        <ele>610.24</ele>
      </trkpt>
      <trkpt lat="41.260504" lon="0.946557">
        <ele>612.46</ele>
      </trkpt>
      <trkpt lat="41.260541" lon="0.946699">
        <ele>608.49</ele>
      </trkpt>
      <trkpt lat="41.26064" lon="0.94675">
        <ele>611.28</ele>
      </trkpt>
      <trkpt lat="41.260634" lon="0.946896">
        <ele>602.11</ele>
      </trkpt>
      <trkpt lat="41.260664" lon="0.94699">
        <ele>598.1</ele>
      </trkpt>
      <trkpt lat="41.260733" lon="0.947142">
        <ele>596.19</ele>
      </trkpt>
      <trkpt lat="41.260744" lon="0.947267">
        <ele>592.38</ele>
      </trkpt>
      <trkpt lat="41.260739" lon="0.947492">
        <ele>583.56</ele>
      </trkpt>
      <trkpt lat="41.260645" lon="0.947431">
        <ele>581.73</ele>
      </trkpt>
      <trkpt lat="41.260602" lon="0.947427">
        <ele>579.9</ele>
      </trkpt>
      <trkpt lat="41.260596" lon="0.947471">
        <ele>578.32</ele>
      </trkpt>
      <trkpt lat="41.260625" lon="0.947539">
        <ele>577.13</ele>
      </trkpt>
      <trkpt lat="41.260736" lon="0.94765">
        <ele>575.68</ele>
      </trkpt>
      <trkpt lat="41.260851" lon="0.947756">
        <ele>578.83</ele>
      </trkpt>
      <trkpt lat="41.260869" lon="0.947923">
        <ele>574.03</ele>
      </trkpt>
      <trkpt lat="41.260861" lon="0.9481">
        <ele>567.6</ele>
      </trkpt>
      <trkpt lat="41.260802" lon="0.948239">
        <ele>562.4</ele>
      </trkpt>
      <trkpt lat="41.260741" lon="0.948348">
        <ele>558.27</ele>
      </trkpt>
      <trkpt lat="41.260765" lon="0.948428">
        <ele>557.02</ele>
      </trkpt>
      <trkpt lat="41.26073" lon="0.948531">
        <ele>553.22</ele>
      </trkpt>
      <trkpt lat="41.260658" lon="0.948512">
        <ele>551.68</ele>
      </trkpt>
      <trkpt lat="41.260523" lon="0.948428">
        <ele>547.06</ele>
      </trkpt>
      <trkpt lat="41.260507" lon="0.948606">
        <ele>542.82</ele>
      </trkpt>
      <trkpt lat="41.260451" lon="0.948542">
        <ele>541.14</ele>
      </trkpt>
      <trkpt lat="41.260433" lon="0.948584">
        <ele>539.35</ele>
      </trkpt>
      <trkpt lat="41.260424" lon="0.948671">
        <ele>536.83</ele>
      </trkpt>
      <trkpt lat="41.260349" lon="0.948653">
        <ele>532.92</ele>
      </trkpt>
      <trkpt lat="41.260413" lon="0.948843">
        <ele>531.7</ele>
      </trkpt>
      <trkpt lat="41.260536" lon="0.949004">
        <ele>529.85</ele>
      </trkpt>
      <trkpt lat="41.260588" lon="0.94911">
        <ele>530.04</ele>
      </trkpt>
      <trkpt lat="41.260592" lon="0.949248">
        <ele>529.71</ele>
      </trkpt>
      <trkpt lat="41.260679" lon="0.949463">
        <ele>532.22</ele>
      </trkpt>
      <trkpt lat="41.260729" lon="0.949547">
        <ele>532.96</ele>
      </trkpt>
      <trkpt lat="41.260739" lon="0.949583">
        <ele>532.64</ele>
      </trkpt>
      <trkpt lat="41.260727" lon="0.94961">
        <ele>531.42</ele>
      </trkpt>
      <trkpt lat="41.260694" lon="0.949606">
        <ele>529.68</ele>
      </trkpt>
      <trkpt lat="41.260629" lon="0.949505">
        <ele>528.51</ele>
      </trkpt>
      <trkpt lat="41.260528" lon="0.949305">
        <ele>525.47</ele>
      </trkpt>
      <trkpt lat="41.260488" lon="0.949271">
        <ele>524.34</ele>
      </trkpt>
      <trkpt lat="41.260265" lon="0.949084">
        <ele>518.01</ele>
      </trkpt>
      <trkpt lat="41.260111" lon="0.948925">
        <ele>515.04</ele>
      </trkpt>
      <trkpt lat="41.259884" lon="0.948811">
        <ele>508.48</ele>
      </trkpt>
      <trkpt lat="41.259654" lon="0.948619">
        <ele>507.06</ele>
      </trkpt>
      <trkpt lat="41.259474" lon="0.948505">
        <ele>506.29</ele>
      </trkpt>
      <trkpt lat="41.25942" lon="0.948471">
        <ele>506.26</ele>
      </trkpt>
      <trkpt lat="41.259224" lon="0.948381">
        <ele>508.2</ele>
      </trkpt>
      <trkpt lat="41.259154" lon="0.948373">
        <ele>509.09</ele>
      </trkpt>
      <trkpt lat="41.259115" lon="0.94839">
        <ele>510.18</ele>
      </trkpt>
      <trkpt lat="41.259076" lon="0.948443">
        <ele>512.09</ele>
      </trkpt>
      <trkpt lat="41.258989" lon="0.948666">
        <ele>515.84</ele>
      </trkpt>
      <trkpt lat="41.258764" lon="0.948987">
        <ele>521.23</ele>
      </trkpt>
      <trkpt lat="41.258695" lon="0.94906">
        <ele>522.46</ele>
      </trkpt>
      <trkpt lat="41.258613" lon="0.949099">
        <ele>522.77</ele>
      </trkpt>
      <trkpt lat="41.258266" lon="0.949132">
        <ele>530.45</ele>
      </trkpt>
      <trkpt lat="41.258165" lon="0.949203">
        <ele>533.25</ele>
      </trkpt>
      <trkpt lat="41.25804" lon="0.949318">
        <ele>537.14</ele>
      </trkpt>
      <trkpt lat="41.257852" lon="0.949492">
        <ele>543</ele>
      </trkpt>
      <trkpt lat="41.257695" lon="0.949663">
        <ele>548.36</ele>
      </trkpt>
      <trkpt lat="41.257629" lon="0.949672">
        <ele>551.13</ele>
      </trkpt>
      <trkpt lat="41.257566" lon="0.949638">
        <ele>553.73</ele>
      </trkpt>
      <trkpt lat="41.257514" lon="0.949577">
        <ele>557.08</ele>
      </trkpt>
      <trkpt lat="41.257475" lon="0.949431">
        <ele>562.04</ele>
      </trkpt>
      <trkpt lat="41.2575" lon="0.949004">
        <ele>573.86</ele>
      </trkpt>
      <trkpt lat="41.257478" lon="0.948903">
        <ele>576.78</ele>
      </trkpt>
      <trkpt lat="41.257422" lon="0.94889">
        <ele>577.67</ele>
      </trkpt>
      <trkpt lat="41.257063" lon="0.949065">
        <ele>586.31</ele>
      </trkpt>
      <trkpt lat="41.257003" lon="0.949114">
        <ele>588.23</ele>
      </trkpt>
      <trkpt lat="41.256943" lon="0.949225">
        <ele>592.45</ele>
      </trkpt>
      <trkpt lat="41.256699" lon="0.950017">
        <ele>606.38</ele>
      </trkpt>
      <trkpt lat="41.256661" lon="0.95043">
        <ele>611.28</ele>
      </trkpt>
      <trkpt lat="41.25662" lon="0.950558">
        <ele>612.93</ele>
      </trkpt>
      <trkpt lat="41.256548" lon="0.950729">
        <ele>616.29</ele>
      </trkpt>
      <trkpt lat="41.256461" lon="0.950677">
        <ele>621.73</ele>
      </trkpt>
      <trkpt lat="41.256353" lon="0.950757">
        <ele>627.07</ele>
      </trkpt>
      <trkpt lat="41.256256" lon="0.950851">
        <ele>633.32</ele>
      </trkpt>
      <trkpt lat="41.256171" lon="0.950969">
        <ele>640.3</ele>
      </trkpt>
      <trkpt lat="41.256133" lon="0.950678">
        <ele>646.82</ele>
      </trkpt>
      <trkpt lat="41.256011" lon="0.950759">
        <ele>655.63</ele>
      </trkpt>
      <trkpt lat="41.255608" lon="0.951072">
        <ele>662.06</ele>
      </trkpt>
      <trkpt lat="41.255494" lon="0.951193">
        <ele>666.11</ele>
      </trkpt>
      <trkpt lat="41.255346" lon="0.951449">
        <ele>671.96</ele>
      </trkpt>
      <trkpt lat="41.255328" lon="0.951532">
        <ele>671.41</ele>
      </trkpt>
      <trkpt lat="41.255339" lon="0.951581">
        <ele>669.78</ele>
      </trkpt>
      <trkpt lat="41.255418" lon="0.951721">
        <ele>667.28</ele>
      </trkpt>
      <trkpt lat="41.255438" lon="0.951828">
        <ele>671.83</ele>
      </trkpt>
      <trkpt lat="41.255395" lon="0.951903">
        <ele>677.77</ele>
      </trkpt>
      <trkpt lat="41.255228" lon="0.951965">
        <ele>686.65</ele>
      </trkpt>
      <trkpt lat="41.255108" lon="0.952063">
        <ele>690.56</ele>
      </trkpt>
      <trkpt lat="41.254965" lon="0.952112">
        <ele>694.1</ele>
      </trkpt>
      <trkpt lat="41.254888" lon="0.952182">
        <ele>696.94</ele>
      </trkpt>
      <trkpt lat="41.254809" lon="0.952313">
        <ele>702.81</ele>
      </trkpt>
      <trkpt lat="41.254749" lon="0.952369">
        <ele>707.23</ele>
      </trkpt>
      <trkpt lat="41.254692" lon="0.95237">
        <ele>710.44</ele>
      </trkpt>
      <trkpt lat="41.254659" lon="0.952312">
        <ele>713.51</ele>
      </trkpt>
      <trkpt lat="41.254658" lon="0.952141">
        <ele>716.11</ele>
      </trkpt>
      <trkpt lat="41.254627" lon="0.951981">
        <ele>718.51</ele>
      </trkpt>
      <trkpt lat="41.254572" lon="0.951806">
        <ele>717.7</ele>
      </trkpt>
      <trkpt lat="41.254531" lon="0.951559">
        <ele>723.11</ele>
      </trkpt>
      <trkpt lat="41.254549" lon="0.951373">
        <ele>730.33</ele>
      </trkpt>
      <trkpt lat="41.254542" lon="0.951283">
        <ele>734.23</ele>
      </trkpt>
      <trkpt lat="41.254517" lon="0.951226">
        <ele>736.94</ele>
      </trkpt>
      <trkpt lat="41.254323" lon="0.951043">
        <ele>744.77</ele>
      </trkpt>
      <trkpt lat="41.2541" lon="0.950898">
        <ele>748.38</ele>
      </trkpt>
      <trkpt lat="41.25395" lon="0.95075">
        <ele>750.82</ele>
      </trkpt>
      <trkpt lat="41.253872" lon="0.950642">
        <ele>754.06</ele>
      </trkpt>
      <trkpt lat="41.253784" lon="0.95036">
        <ele>758.77</ele>
      </trkpt>
      <trkpt lat="41.253676" lon="0.950176">
        <ele>760.81</ele>
      </trkpt>
      <trkpt lat="41.253608" lon="0.949996">
        <ele>762.69</ele>
      </trkpt>
      <trkpt lat="41.253569" lon="0.94978">
        <ele>763.94</ele>
      </trkpt>
      <trkpt lat="41.253516" lon="0.949601">
        <ele>764.99</ele>
      </trkpt>
      <trkpt lat="41.253469" lon="0.949533">
        <ele>765.28</ele>
      </trkpt>
      <trkpt lat="41.253393" lon="0.949511">
        <ele>766.01</ele>
      </trkpt>
      <trkpt lat="41.25327" lon="0.949599">
        <ele>767.28</ele>
      </trkpt>
      <trkpt lat="41.253168" lon="0.949735">
        <ele>767.37</ele>
      </trkpt>
      <trkpt lat="41.253049" lon="0.949956">
        <ele>768.91</ele>
      </trkpt>
      <trkpt lat="41.252999" lon="0.950023">
        <ele>769.29</ele>
      </trkpt>
      <trkpt lat="41.252939" lon="0.95014">
        <ele>769.69</ele>
      </trkpt>
      <trkpt lat="41.252908" lon="0.950174">
        <ele>770.32</ele>
      </trkpt>
      <trkpt lat="41.252878" lon="0.950181">
        <ele>771.16</ele>
      </trkpt>
      <trkpt lat="41.252841" lon="0.950176">
        <ele>772.19</ele>
      </trkpt>
      <trkpt lat="41.252808" lon="0.950138">
        <ele>773.31</ele>
      </trkpt>
      <trkpt lat="41.252787" lon="0.950022">
        <ele>774.08</ele>
      </trkpt>
      <trkpt lat="41.252732" lon="0.949199">
        <ele>778.79</ele>
      </trkpt>
      <trkpt lat="41.252492" lon="0.948766">
        <ele>784.96</ele>
      </trkpt>
      <trkpt lat="41.25217" lon="0.948229">
        <ele>790.68</ele>
      </trkpt>
      <trkpt lat="41.251778" lon="0.947709">
        <ele>795.51</ele>
      </trkpt>
      <trkpt lat="41.251429" lon="0.947264">
        <ele>797.99</ele>
      </trkpt>
      <trkpt lat="41.251248" lon="0.947129">
        <ele>799.18</ele>
      </trkpt>
      <trkpt lat="41.251073" lon="0.947028">
        <ele>799.4</ele>
      </trkpt>
      <trkpt lat="41.250605" lon="0.946926">
        <ele>798.35</ele>
      </trkpt>
      <trkpt lat="41.250495" lon="0.94692">
        <ele>798.63</ele>
      </trkpt>
      <trkpt lat="41.250242" lon="0.946838">
        <ele>796.88</ele>
      </trkpt>
      <trkpt lat="41.250136" lon="0.946778">
        <ele>795.83</ele>
      </trkpt>
      <trkpt lat="41.250047" lon="0.946663">
        <ele>794.36</ele>
      </trkpt>
      <trkpt lat="41.24993" lon="0.946408">
        <ele>794.64</ele>
      </trkpt>
      <trkpt lat="41.249838" lon="0.946353">
        <ele>795.68</ele>
      </trkpt>
      <trkpt lat="41.249766" lon="0.946381">
        <ele>795.61</ele>
      </trkpt>
      <trkpt lat="41.249517" lon="0.94665">
        <ele>791.3</ele>
      </trkpt>
      <trkpt lat="41.249418" lon="0.946696">
        <ele>790.37</ele>
      </trkpt>
      <trkpt lat="41.249284" lon="0.946709">
        <ele>788.31</ele>
      </trkpt>
      <trkpt lat="41.249106" lon="0.946688">
        <ele>784.41</ele>
      </trkpt>
      <trkpt lat="41.248993" lon="0.946651">
        <ele>782.33</ele>
      </trkpt>
      <trkpt lat="41.248869" lon="0.946582">
        <ele>780.41</ele>
      </trkpt>
      <trkpt lat="41.248707" lon="0.946455">
        <ele>777.51</ele>
      </trkpt>
      <trkpt lat="41.248477" lon="0.946208">
        <ele>774.49</ele>
      </trkpt>
      <trkpt lat="41.248403" lon="0.946106">
        <ele>774.53</ele>
      </trkpt>
      <trkpt lat="41.248368" lon="0.946013">
        <ele>774.69</ele>
      </trkpt>
      <trkpt lat="41.248354" lon="0.945885">
        <ele>776.08</ele>
      </trkpt>
      <trkpt lat="41.248361" lon="0.945768">
        <ele>777.54</ele>
      </trkpt>
      <trkpt lat="41.248408" lon="0.945526">
        <ele>779.66</ele>
      </trkpt>
      <trkpt lat="41.248412" lon="0.94536">
        <ele>780.68</ele>
      </trkpt>
      <trkpt lat="41.248398" lon="0.945255">
        <ele>781.99</ele>
      </trkpt>
      <trkpt lat="41.248355" lon="0.945126">
        <ele>784.18</ele>
      </trkpt>
      <trkpt lat="41.248115" lon="0.944697">
        <ele>788.63</ele>
      </trkpt>
      <trkpt lat="41.247898" lon="0.944365">
        <ele>791.62</ele>
      </trkpt>
      <trkpt lat="41.247656" lon="0.943835">
        <ele>798.45</ele>
      </trkpt>
      <trkpt lat="41.247589" lon="0.94376">
        <ele>799.28</ele>
      </trkpt>
      <trkpt lat="41.247368" lon="0.9436">
        <ele>797.46</ele>
      </trkpt>
      <trkpt lat="41.247207" lon="0.943531">
        <ele>797.15</ele>
      </trkpt>
      <trkpt lat="41.246936" lon="0.943459">
        <ele>793.65</ele>
      </trkpt>
      <trkpt lat="41.246656" lon="0.943236">
        <ele>788.98</ele>
      </trkpt>
      <trkpt lat="41.246376" lon="0.943013">
        <ele>787.45</ele>
      </trkpt>
      <trkpt lat="41.24631" lon="0.942916">
        <ele>787.19</ele>
      </trkpt>
      <trkpt lat="41.246187" lon="0.942655">
        <ele>790.24</ele>
      </trkpt>
      <trkpt lat="41.246162" lon="0.942505">
        <ele>791.25</ele>
      </trkpt>
      <trkpt lat="41.246145" lon="0.942088">
        <ele>794.22</ele>
      </trkpt>
      <trkpt lat="41.246118" lon="0.941902">
        <ele>795.03</ele>
      </trkpt>
      <trkpt lat="41.246087" lon="0.941817">
        <ele>795.28</ele>
      </trkpt>
      <trkpt lat="41.246034" lon="0.941731">
        <ele>795.46</ele>
      </trkpt>
      <trkpt lat="41.24569" lon="0.941294">
        <ele>787.08</ele>
      </trkpt>
      <trkpt lat="41.245534" lon="0.940838">
        <ele>785.98</ele>
      </trkpt>
      <trkpt lat="41.245505" lon="0.940791">
        <ele>785.66</ele>
      </trkpt>
      <trkpt lat="41.245305" lon="0.940214">
        <ele>775.06</ele>
      </trkpt>
      <trkpt lat="41.245316" lon="0.940129">
        <ele>771.63</ele>
      </trkpt>
      <trkpt lat="41.245217" lon="0.939977">
        <ele>775.82</ele>
      </trkpt>
      <trkpt lat="41.245316" lon="0.940129">
        <ele>771.63</ele>
      </trkpt>
      <trkpt lat="41.245359" lon="0.940156">
        <ele>770.55</ele>
      </trkpt>
      <trkpt lat="41.245417" lon="0.940132">
        <ele>766.88</ele>
      </trkpt>
      <trkpt lat="41.245493" lon="0.940002">
        <ele>756.79</ele>
      </trkpt>
      <trkpt lat="41.245686" lon="0.940058">
        <ele>747.19</ele>
      </trkpt>
      <trkpt lat="41.245681" lon="0.939878">
        <ele>741.74</ele>
      </trkpt>
      <trkpt lat="41.245609" lon="0.939721">
        <ele>738.25</ele>
      </trkpt>
      <trkpt lat="41.245713" lon="0.939605">
        <ele>729.64</ele>
      </trkpt>
      <trkpt lat="41.245693" lon="0.939485">
        <ele>727.3</ele>
      </trkpt>
      <trkpt lat="41.245832" lon="0.939489">
        <ele>721.06</ele>
      </trkpt>
      <trkpt lat="41.245943" lon="0.939577">
        <ele>718.24</ele>
      </trkpt>
      <trkpt lat="41.245984" lon="0.939425">
        <ele>715.26</ele>
      </trkpt>
      <trkpt lat="41.246039" lon="0.939281">
        <ele>713.22</ele>
      </trkpt>
      <trkpt lat="41.246246" lon="0.93897">
        <ele>714.53</ele>
      </trkpt>
      <trkpt lat="41.24632" lon="0.938886">
        <ele>715</ele>
      </trkpt>
      <trkpt lat="41.246514" lon="0.938768">
        <ele>710.1</ele>
      </trkpt>
      <trkpt lat="41.246577" lon="0.938705">
        <ele>708.42</ele>
      </trkpt>
      <trkpt lat="41.24675" lon="0.938485">
        <ele>704.82</ele>
      </trkpt>
      <trkpt lat="41.247068" lon="0.938204">
        <ele>694.07</ele>
      </trkpt>
      <trkpt lat="41.24712" lon="0.93819">
        <ele>691.77</ele>
      </trkpt>
      <trkpt lat="41.247131" lon="0.93811">
        <ele>691.1</ele>
      </trkpt>
      <trkpt lat="41.24713" lon="0.938035">
        <ele>690.1</ele>
      </trkpt>
      <trkpt lat="41.247194" lon="0.938015">
        <ele>688.14</ele>
      </trkpt>
      <trkpt lat="41.247408" lon="0.937826">
        <ele>680.16</ele>
      </trkpt>
      <trkpt lat="41.247469" lon="0.937829">
        <ele>678.33</ele>
      </trkpt>
      <trkpt lat="41.247488" lon="0.93767">
        <ele>674.97</ele>
      </trkpt>
      <trkpt lat="41.24757" lon="0.937691">
        <ele>671.7</ele>
      </trkpt>
      <trkpt lat="41.247593" lon="0.937577">
        <ele>669.18</ele>
      </trkpt>
      <trkpt lat="41.247657" lon="0.937566">
        <ele>665.61</ele>
      </trkpt>
      <trkpt lat="41.247733" lon="0.9377">
        <ele>661.05</ele>
      </trkpt>
      <trkpt lat="41.247815" lon="0.937758">
        <ele>657.23</ele>
      </trkpt>
      <trkpt lat="41.247819" lon="0.937626">
        <ele>655.99</ele>
      </trkpt>
      <trkpt lat="41.247815" lon="0.937306">
        <ele>655.82</ele>
      </trkpt>
      <trkpt lat="41.247782" lon="0.937216">
        <ele>656.92</ele>
      </trkpt>
      <trkpt lat="41.247702" lon="0.937186">
        <ele>657.5</ele>
      </trkpt>
      <trkpt lat="41.247849" lon="0.937144">
        <ele>654.1</ele>
      </trkpt>
      <trkpt lat="41.247916" lon="0.937106">
        <ele>651.79</ele>
      </trkpt>
      <trkpt lat="41.248115" lon="0.936901">
        <ele>646.96</ele>
      </trkpt>
      <trkpt lat="41.248454" lon="0.936607">
        <ele>637.87</ele>
      </trkpt>
      <trkpt lat="41.248591" lon="0.936313">
        <ele>636.43</ele>
      </trkpt>
      <trkpt lat="41.248627" lon="0.936208">
        <ele>634.71</ele>
      </trkpt>
      <trkpt lat="41.248652" lon="0.936072">
        <ele>631.19</ele>
      </trkpt>
      <trkpt lat="41.248718" lon="0.935892">
        <ele>627.62</ele>
      </trkpt>
      <trkpt lat="41.248887" lon="0.935556">
        <ele>625.36</ele>
      </trkpt>
      <trkpt lat="41.248927" lon="0.935437">
        <ele>625.41</ele>
      </trkpt>
      <trkpt lat="41.249068" lon="0.934878">
        <ele>620.64</ele>
      </trkpt>
      <trkpt lat="41.249095" lon="0.934592">
        <ele>614.7</ele>
      </trkpt>
      <trkpt lat="41.249122" lon="0.934305">
        <ele>605.27</ele>
      </trkpt>
      <trkpt lat="41.249186" lon="0.934131">
        <ele>599.33</ele>
      </trkpt>
      <trkpt lat="41.249272" lon="0.933992">
        <ele>594.41</ele>
      </trkpt>
      <trkpt lat="41.249347" lon="0.933752">
        <ele>585.93</ele>
      </trkpt>
      <trkpt lat="41.249395" lon="0.933669">
        <ele>582.44</ele>
      </trkpt>
      <trkpt lat="41.249457" lon="0.933601">
        <ele>578.87</ele>
      </trkpt>
      <trkpt lat="41.249371" lon="0.933448">
        <ele>578.63</ele>
      </trkpt>
      <trkpt lat="41.249366" lon="0.933391">
        <ele>577.44</ele>
      </trkpt>
      <trkpt lat="41.249415" lon="0.933303">
        <ele>574.29</ele>
      </trkpt>
      <trkpt lat="41.249434" lon="0.933242">
        <ele>572.27</ele>
      </trkpt>
      <trkpt lat="41.249438" lon="0.933188">
        <ele>570.25</ele>
      </trkpt>
      <trkpt lat="41.249374" lon="0.933079">
        <ele>568.1</ele>
      </trkpt>
      <trkpt lat="41.249347" lon="0.933012">
        <ele>567.16</ele>
      </trkpt>
      <trkpt lat="41.249272" lon="0.932974">
        <ele>566.87</ele>
      </trkpt>
      <trkpt lat="41.24922" lon="0.933039">
        <ele>567.55</ele>
      </trkpt>
      <trkpt lat="41.249154" lon="0.933052">
        <ele>566.34</ele>
      </trkpt>
      <trkpt lat="41.249126" lon="0.933015">
        <ele>564.07</ele>
      </trkpt>
      <trkpt lat="41.249139" lon="0.932885">
        <ele>560.99</ele>
      </trkpt>
      <trkpt lat="41.249163" lon="0.932816">
        <ele>559.92</ele>
      </trkpt>
      <trkpt lat="41.249253" lon="0.932638">
        <ele>556.33</ele>
      </trkpt>
      <trkpt lat="41.249312" lon="0.932546">
        <ele>553.97</ele>
      </trkpt>
      <trkpt lat="41.249385" lon="0.932481">
        <ele>551.07</ele>
      </trkpt>
      <trkpt lat="41.249397" lon="0.932438">
        <ele>549.47</ele>
      </trkpt>
      <trkpt lat="41.249416" lon="0.932414">
        <ele>548.57</ele>
      </trkpt>
      <trkpt lat="41.2494" lon="0.932115">
        <ele>537.99</ele>
      </trkpt>
      <trkpt lat="41.249484" lon="0.931945">
        <ele>531.55</ele>
      </trkpt>
      <trkpt lat="41.249493" lon="0.931811">
        <ele>527.24</ele>
      </trkpt>
      <trkpt lat="41.249469" lon="0.931675">
        <ele>523.93</ele>
      </trkpt>
      <trkpt lat="41.24945" lon="0.931261">
        <ele>515.49</ele>
      </trkpt>
      <trkpt lat="41.249456" lon="0.931158">
        <ele>513.47</ele>
      </trkpt>
      <trkpt lat="41.249427" lon="0.931088">
        <ele>513.16</ele>
      </trkpt>
      <trkpt lat="41.249389" lon="0.931028">
        <ele>512.09</ele>
      </trkpt>
      <trkpt lat="41.249375" lon="0.930842">
        <ele>509.2</ele>
      </trkpt>
      <trkpt lat="41.249301" lon="0.930702">
        <ele>506.55</ele>
      </trkpt>
      <trkpt lat="41.249286" lon="0.930495">
        <ele>499.45</ele>
      </trkpt>
      <trkpt lat="41.249219" lon="0.930231">
        <ele>488.81</ele>
      </trkpt>
      <trkpt lat="41.249182" lon="0.930105">
        <ele>484.13</ele>
      </trkpt>
      <trkpt lat="41.249216" lon="0.929919">
        <ele>478.06</ele>
      </trkpt>
      <trkpt lat="41.2492" lon="0.929852">
        <ele>475.62</ele>
      </trkpt>
      <trkpt lat="41.249045" lon="0.9299">
        <ele>475.93</ele>
      </trkpt>
      <trkpt lat="41.248845" lon="0.929999">
        <ele>477.75</ele>
      </trkpt>
      <trkpt lat="41.248739" lon="0.929987">
        <ele>478.64</ele>
      </trkpt>
      <trkpt lat="41.248746" lon="0.929817">
        <ele>478.36</ele>
      </trkpt>
      <trkpt lat="41.248833" lon="0.929651">
        <ele>476</ele>
      </trkpt>
      <trkpt lat="41.248924" lon="0.929514">
        <ele>476.19</ele>
      </trkpt>
      <trkpt lat="41.248994" lon="0.929389">
        <ele>475.65</ele>
      </trkpt>
      <trkpt lat="41.249032" lon="0.92928">
        <ele>475.73</ele>
      </trkpt>
      <trkpt lat="41.249071" lon="0.929136">
        <ele>474.8</ele>
      </trkpt>
      <trkpt lat="41.248969" lon="0.928909">
        <ele>475.04</ele>
      </trkpt>
      <trkpt lat="41.248844" lon="0.928722">
        <ele>475.2</ele>
      </trkpt>
      <trkpt lat="41.248662" lon="0.928469">
        <ele>477.37</ele>
      </trkpt>
      <trkpt lat="41.248347" lon="0.928108">
        <ele>477.66</ele>
      </trkpt>
      <trkpt lat="41.248116" lon="0.9279">
        <ele>475.98</ele>
      </trkpt>
      <trkpt lat="41.247998" lon="0.927862">
        <ele>476.08</ele>
      </trkpt>
      <trkpt lat="41.247888" lon="0.927868">
        <ele>477.24</ele>
      </trkpt>
      <trkpt lat="41.247768" lon="0.927948">
        <ele>478.42</ele>
      </trkpt>
      <trkpt lat="41.247599" lon="0.928057">
        <ele>477.63</ele>
      </trkpt>
      <trkpt lat="41.247518" lon="0.928073">
        <ele>477.07</ele>
      </trkpt>
      <trkpt lat="41.247477" lon="0.928012">
        <ele>476.31</ele>
      </trkpt>
      <trkpt lat="41.247491" lon="0.927871">
        <ele>475.26</ele>
      </trkpt>
      <trkpt lat="41.247526" lon="0.927724">
        <ele>474.89</ele>
      </trkpt>
      <trkpt lat="41.247595" lon="0.92743">
        <ele>474.16</ele>
      </trkpt>
      <trkpt lat="41.247679" lon="0.927123">
        <ele>474.67</ele>
      </trkpt>
      <trkpt lat="41.247631" lon="0.926494">
        <ele>472.77</ele>
      </trkpt>
      <trkpt lat="41.247622" lon="0.926136">
        <ele>474.45</ele>
      </trkpt>
      <trkpt lat="41.247637" lon="0.925982">
        <ele>474.02</ele>
      </trkpt>
      <trkpt lat="41.247603" lon="0.925864">
        <ele>474.7</ele>
      </trkpt>
      <trkpt lat="41.247536" lon="0.925791">
        <ele>475.47</ele>
      </trkpt>
      <trkpt lat="41.247447" lon="0.925746">
        <ele>477.24</ele>
      </trkpt>
      <trkpt lat="41.247375" lon="0.925685">
        <ele>477.56</ele>
      </trkpt>
      <trkpt lat="41.247387" lon="0.925612">
        <ele>477.95</ele>
      </trkpt>
      <trkpt lat="41.247449" lon="0.925538">
        <ele>476.35</ele>
      </trkpt>
      <trkpt lat="41.247557" lon="0.925455">
        <ele>473.59</ele>
      </trkpt>
      <trkpt lat="41.247603" lon="0.925372">
        <ele>473.2</ele>
      </trkpt>
      <trkpt lat="41.247629" lon="0.925212">
        <ele>473.84</ele>
      </trkpt>
      <trkpt lat="41.247584" lon="0.924662">
        <ele>471.87</ele>
      </trkpt>
      <trkpt lat="41.247584" lon="0.924346">
        <ele>472.5</ele>
      </trkpt>
      <trkpt lat="41.247598" lon="0.923962">
        <ele>472.77</ele>
      </trkpt>
      <trkpt lat="41.247538" lon="0.923787">
        <ele>472.57</ele>
      </trkpt>
      <trkpt lat="41.247449" lon="0.923707">
        <ele>475.06</ele>
      </trkpt>
      <trkpt lat="41.247396" lon="0.923611">
        <ele>475.86</ele>
      </trkpt>
      <trkpt lat="41.247415" lon="0.92348">
        <ele>478.1</ele>
      </trkpt>
      <trkpt lat="41.24749" lon="0.923425">
        <ele>478.3</ele>
      </trkpt>
      <trkpt lat="41.247824" lon="0.923329">
        <ele>474.03</ele>
      </trkpt>
      <trkpt lat="41.247872" lon="0.923237">
        <ele>473.99</ele>
      </trkpt>
      <trkpt lat="41.247968" lon="0.922962">
        <ele>472.17</ele>
      </trkpt>
      <trkpt lat="41.248117" lon="0.922607">
        <ele>471.53</ele>
      </trkpt>
      <trkpt lat="41.248265" lon="0.922252">
        <ele>473.86</ele>
      </trkpt>
      <trkpt lat="41.248459" lon="0.92194">
        <ele>476.93</ele>
      </trkpt>
      <trkpt lat="41.248517" lon="0.921846">
        <ele>477.84</ele>
      </trkpt>
      <trkpt lat="41.248806" lon="0.921556">
        <ele>481.33</ele>
      </trkpt>
      <trkpt lat="41.248827" lon="0.921345">
        <ele>481.7</ele>
      </trkpt>
      <trkpt lat="41.248741" lon="0.921166">
        <ele>481.91</ele>
      </trkpt>
      <trkpt lat="41.248481" lon="0.920862">
        <ele>486.1</ele>
      </trkpt>
      <trkpt lat="41.248366" lon="0.920763">
        <ele>487.62</ele>
      </trkpt>
      <trkpt lat="41.248364" lon="0.920587">
        <ele>485.1</ele>
      </trkpt>
      <trkpt lat="41.248392" lon="0.920414">
        <ele>483.07</ele>
      </trkpt>
      <trkpt lat="41.248402" lon="0.919836">
        <ele>481.34</ele>
      </trkpt>
      <trkpt lat="41.24844" lon="0.919667">
        <ele>478.42</ele>
      </trkpt>
      <trkpt lat="41.248513" lon="0.919363">
        <ele>480.56</ele>
      </trkpt>
      <trkpt lat="41.248604" lon="0.9192">
        <ele>480.03</ele>
      </trkpt>
      <trkpt lat="41.248724" lon="0.919062">
        <ele>475.3</ele>
      </trkpt>
      <trkpt lat="41.24875" lon="0.918874">
        <ele>476.64</ele>
      </trkpt>
      <trkpt lat="41.248823" lon="0.918733">
        <ele>473.56</ele>
      </trkpt>
      <trkpt lat="41.249056" lon="0.918379">
        <ele>472.82</ele>
      </trkpt>
      <trkpt lat="41.249219" lon="0.91818">
        <ele>475.99</ele>
      </trkpt>
      <trkpt lat="41.249327" lon="0.918107">
        <ele>476.82</ele>
      </trkpt>
      <trkpt lat="41.24944" lon="0.917982">
        <ele>476.69</ele>
      </trkpt>
      <trkpt lat="41.249449" lon="0.917929">
        <ele>476.31</ele>
      </trkpt>
      <trkpt lat="41.2495" lon="0.917634">
        <ele>474.18</ele>
      </trkpt>
      <trkpt lat="41.24943" lon="0.917295">
        <ele>472.67</ele>
      </trkpt>
      <trkpt lat="41.24931" lon="0.917017">
        <ele>471.51</ele>
      </trkpt>
      <trkpt lat="41.249217" lon="0.916975">
        <ele>472.37</ele>
      </trkpt>
      <trkpt lat="41.248986" lon="0.916956">
        <ele>473.79</ele>
      </trkpt>
      <trkpt lat="41.248722" lon="0.916947">
        <ele>473.35</ele>
      </trkpt>
      <trkpt lat="41.248479" lon="0.916982">
        <ele>475.73</ele>
      </trkpt>
      <trkpt lat="41.248337" lon="0.91703">
        <ele>476.47</ele>
      </trkpt>
      <trkpt lat="41.248088" lon="0.917068">
        <ele>477.2</ele>
      </trkpt>
      <trkpt lat="41.247795" lon="0.917148">
        <ele>479.74</ele>
      </trkpt>
      <trkpt lat="41.247584" lon="0.917237">
        <ele>481.26</ele>
      </trkpt>
      <trkpt lat="41.247423" lon="0.917321">
        <ele>484.06</ele>
      </trkpt>
      <trkpt lat="41.247346" lon="0.917317">
        <ele>483.27</ele>
      </trkpt>
      <trkpt lat="41.247305" lon="0.917218">
        <ele>481.88</ele>
      </trkpt>
      <trkpt lat="41.247339" lon="0.917097">
        <ele>482.42</ele>
      </trkpt>
      <trkpt lat="41.247404" lon="0.917019">
        <ele>482.22</ele>
      </trkpt>
      <trkpt lat="41.247738" lon="0.916573">
        <ele>483.34</ele>
      </trkpt>
      <trkpt lat="41.247963" lon="0.916371">
        <ele>483.19</ele>
      </trkpt>
      <trkpt lat="41.248196" lon="0.916021">
        <ele>488.7</ele>
      </trkpt>
      <trkpt lat="41.248379" lon="0.91569">
        <ele>490.44</ele>
      </trkpt>
      <trkpt lat="41.248581" lon="0.915387">
        <ele>489.02</ele>
      </trkpt>
      <trkpt lat="41.248627" lon="0.915136">
        <ele>489.21</ele>
      </trkpt>
      <trkpt lat="41.248581" lon="0.915033">
        <ele>489.68</ele>
      </trkpt>
      <trkpt lat="41.248287" lon="0.914633">
        <ele>487.19</ele>
      </trkpt>
      <trkpt lat="41.248095" lon="0.914425">
        <ele>484</ele>
      </trkpt>
      <trkpt lat="41.247952" lon="0.914337">
        <ele>484.4</ele>
      </trkpt>
      <trkpt lat="41.247699" lon="0.914277">
        <ele>484.74</ele>
      </trkpt>
      <trkpt lat="41.247594" lon="0.914219">
        <ele>482.19</ele>
      </trkpt>
      <trkpt lat="41.247553" lon="0.914174">
        <ele>480.78</ele>
      </trkpt>
      <trkpt lat="41.247511" lon="0.91408">
        <ele>478.98</ele>
      </trkpt>
      <trkpt lat="41.247494" lon="0.914">
        <ele>477.9</ele>
      </trkpt>
      <trkpt lat="41.247513" lon="0.913534">
        <ele>474.29</ele>
      </trkpt>
      <trkpt lat="41.247454" lon="0.913193">
        <ele>473.57</ele>
      </trkpt>
      <trkpt lat="41.24737" lon="0.912946">
        <ele>470.8</ele>
      </trkpt>
      <trkpt lat="41.247359" lon="0.912783">
        <ele>469.95</ele>
      </trkpt>
      <trkpt lat="41.247433" lon="0.912697">
        <ele>466.8</ele>
      </trkpt>
      <trkpt lat="41.247419" lon="0.912613">
        <ele>466.22</ele>
      </trkpt>
      <trkpt lat="41.247509" lon="0.912108">
        <ele>464.55</ele>
      </trkpt>
      <trkpt lat="41.2475" lon="0.911963">
        <ele>463.84</ele>
      </trkpt>
      <trkpt lat="41.247446" lon="0.911794">
        <ele>463.07</ele>
      </trkpt>
      <trkpt lat="41.247286" lon="0.911569">
        <ele>461.71</ele>
      </trkpt>
      <trkpt lat="41.247138" lon="0.911413">
        <ele>460.4</ele>
      </trkpt>
      <trkpt lat="41.247058" lon="0.911364">
        <ele>460.49</ele>
      </trkpt>
      <trkpt lat="41.246944" lon="0.911343">
        <ele>461.06</ele>
      </trkpt>
      <trkpt lat="41.246757" lon="0.911357">
        <ele>459.51</ele>
      </trkpt>
      <trkpt lat="41.246721" lon="0.91136">
        <ele>459.21</ele>
      </trkpt>
      <trkpt lat="41.246634" lon="0.911332">
        <ele>457.83</ele>
      </trkpt>
      <trkpt lat="41.246567" lon="0.911276">
        <ele>456.09</ele>
      </trkpt>
      <trkpt lat="41.246517" lon="0.911169">
        <ele>454.04</ele>
      </trkpt>
      <trkpt lat="41.246505" lon="0.911076">
        <ele>452.53</ele>
      </trkpt>
      <trkpt lat="41.246534" lon="0.910893">
        <ele>450.95</ele>
      </trkpt>
      <trkpt lat="41.246763" lon="0.910312">
        <ele>449.6</ele>
      </trkpt>
      <trkpt lat="41.246827" lon="0.910078">
        <ele>449.81</ele>
      </trkpt>
      <trkpt lat="41.246856" lon="0.90988">
        <ele>447.28</ele>
      </trkpt>
      <trkpt lat="41.246859" lon="0.909726">
        <ele>445.99</ele>
      </trkpt>
      <trkpt lat="41.246822" lon="0.909181">
        <ele>445.47</ele>
      </trkpt>
      <trkpt lat="41.246787" lon="0.908888">
        <ele>442.23</ele>
      </trkpt>
      <trkpt lat="41.246751" lon="0.908595">
        <ele>441.24</ele>
      </trkpt>
      <trkpt lat="41.246673" lon="0.908206">
        <ele>441.06</ele>
      </trkpt>
      <trkpt lat="41.246583" lon="0.907972">
        <ele>439.95</ele>
      </trkpt>
      <trkpt lat="41.246509" lon="0.907854">
        <ele>438.58</ele>
      </trkpt>
      <trkpt lat="41.24645" lon="0.907799">
        <ele>438.95</ele>
      </trkpt>
      <trkpt lat="41.246349" lon="0.907759">
        <ele>438.77</ele>
      </trkpt>
      <trkpt lat="41.246255" lon="0.90778">
        <ele>439.56</ele>
      </trkpt>
      <trkpt lat="41.246023" lon="0.907962">
        <ele>437.48</ele>
      </trkpt>
      <trkpt lat="41.245937" lon="0.907986">
        <ele>435.17</ele>
      </trkpt>
      <trkpt lat="41.245853" lon="0.907958">
        <ele>433.38</ele>
      </trkpt>
      <trkpt lat="41.24577" lon="0.907854">
        <ele>430.9</ele>
      </trkpt>
      <trkpt lat="41.245737" lon="0.907758">
        <ele>430.25</ele>
      </trkpt>
      <trkpt lat="41.245691" lon="0.907444">
        <ele>429.51</ele>
      </trkpt>
      <trkpt lat="41.245663" lon="0.907344">
        <ele>429.64</ele>
      </trkpt>
      <trkpt lat="41.245615" lon="0.907246">
        <ele>429.39</ele>
      </trkpt>
      <trkpt lat="41.245237" lon="0.906826">
        <ele>426.93</ele>
      </trkpt>
      <trkpt lat="41.245096" lon="0.906581">
        <ele>425.25</ele>
      </trkpt>
      <trkpt lat="41.244822" lon="0.906037">
        <ele>423.55</ele>
      </trkpt>
      <trkpt lat="41.244635" lon="0.905749">
        <ele>424.56</ele>
      </trkpt>
      <trkpt lat="41.244491" lon="0.905476">
        <ele>422.7</ele>
      </trkpt>
      <trkpt lat="41.244347" lon="0.905094">
        <ele>420.29</ele>
      </trkpt>
      <trkpt lat="41.244274" lon="0.904795">
        <ele>418.66</ele>
      </trkpt>
      <trkpt lat="41.244201" lon="0.904495">
        <ele>420.67</ele>
      </trkpt>
      <trkpt lat="41.244149" lon="0.90433">
        <ele>420.91</ele>
      </trkpt>
      <trkpt lat="41.244046" lon="0.904107">
        <ele>419.7</ele>
      </trkpt>
      <trkpt lat="41.243991" lon="0.90402">
        <ele>417.3</ele>
      </trkpt>
      <trkpt lat="41.243509" lon="0.903257">
        <ele>417.92</ele>
      </trkpt>
      <trkpt lat="41.243348" lon="0.903003">
        <ele>415.89</ele>
      </trkpt>
      <trkpt lat="41.243229" lon="0.902823">
        <ele>416.09</ele>
      </trkpt>
      <trkpt lat="41.243135" lon="0.902605">
        <ele>417.36</ele>
      </trkpt>
      <trkpt lat="41.243017" lon="0.902245">
        <ele>417.67</ele>
      </trkpt>
      <trkpt lat="41.242928" lon="0.901925">
        <ele>417.75</ele>
      </trkpt>
      <trkpt lat="41.24275" lon="0.901285">
        <ele>412.79</ele>
      </trkpt>
      <trkpt lat="41.242634" lon="0.900977">
        <ele>411.88</ele>
      </trkpt>
      <trkpt lat="41.242169" lon="0.900153">
        <ele>410.79</ele>
      </trkpt>
      <trkpt lat="41.242014" lon="0.899878">
        <ele>412.59</ele>
      </trkpt>
      <trkpt lat="41.241979" lon="0.899778">
        <ele>412.55</ele>
      </trkpt>
      <trkpt lat="41.241954" lon="0.899673">
        <ele>411.91</ele>
      </trkpt>
      <trkpt lat="41.241893" lon="0.899621">
        <ele>411.45</ele>
      </trkpt>
      <trkpt lat="41.241944" lon="0.899374">
        <ele>407.27</ele>
      </trkpt>
      <trkpt lat="41.241922" lon="0.899291">
        <ele>406.56</ele>
      </trkpt>
      <trkpt lat="41.241876" lon="0.899205">
        <ele>406.03</ele>
      </trkpt>
      <trkpt lat="41.241844" lon="0.899168">
        <ele>406.01</ele>
      </trkpt>
      <trkpt lat="41.241638" lon="0.898934">
        <ele>405.87</ele>
      </trkpt>
      <trkpt lat="41.241479" lon="0.898801">
        <ele>405</ele>
      </trkpt>
      <trkpt lat="41.241336" lon="0.898733">
        <ele>404.58</ele>
      </trkpt>
      <trkpt lat="41.241221" lon="0.898724">
        <ele>404.22</ele>
      </trkpt>
      <trkpt lat="41.241017" lon="0.898755">
        <ele>404.36</ele>
      </trkpt>
      <trkpt lat="41.240634" lon="0.898871">
        <ele>403.08</ele>
      </trkpt>
      <trkpt lat="41.238918" lon="0.89969">
        <ele>400.96</ele>
      </trkpt>
      <trkpt lat="41.238779" lon="0.899677">
        <ele>400.5</ele>
      </trkpt>
      <trkpt lat="41.238557" lon="0.899585">
        <ele>400</ele>
      </trkpt>
      <trkpt lat="41.23835" lon="0.899374">
        <ele>401</ele>
      </trkpt>
      <trkpt lat="41.238218" lon="0.899281">
        <ele>401.71</ele>
      </trkpt>
      <trkpt lat="41.238168" lon="0.899222">
        <ele>401.94</ele>
      </trkpt>
      <trkpt lat="41.238142" lon="0.899158">
        <ele>402.72</ele>
      </trkpt>
      <trkpt lat="41.238142" lon="0.898997">
        <ele>404.14</ele>
      </trkpt>
      <trkpt lat="41.238149" lon="0.898903">
        <ele>404.58</ele>
      </trkpt>
      <trkpt lat="41.238196" lon="0.898748">
        <ele>405.84</ele>
      </trkpt>
      <trkpt lat="41.238244" lon="0.898512">
        <ele>406.54</ele>
      </trkpt>
      <trkpt lat="41.238282" lon="0.898144">
        <ele>407.96</ele>
      </trkpt>
      <trkpt lat="41.238284" lon="0.89799">
        <ele>408.84</ele>
      </trkpt>
      <trkpt lat="41.238157" lon="0.897869">
        <ele>408.6</ele>
      </trkpt>
      <trkpt lat="41.237457" lon="0.897281">
        <ele>406.3</ele>
      </trkpt>
      <trkpt lat="41.236675" lon="0.896654">
        <ele>405.91</ele>
      </trkpt>
      <trkpt lat="41.236472" lon="0.896476">
        <ele>405.53</ele>
      </trkpt>
      <trkpt lat="41.236215" lon="0.896157">
        <ele>405.42</ele>
      </trkpt>
      <trkpt lat="41.236085" lon="0.895954">
        <ele>404.71</ele>
      </trkpt>
      <trkpt lat="41.235356" lon="0.894722">
        <ele>400.42</ele>
      </trkpt>
      <trkpt lat="41.235448" lon="0.894543">
        <ele>401.81</ele>
      </trkpt>
      <trkpt lat="41.235501" lon="0.894408">
        <ele>401.4</ele>
      </trkpt>
      <trkpt lat="41.235694" lon="0.893996">
        <ele>401.33</ele>
      </trkpt>
      <trkpt lat="41.236731" lon="0.891802">
        <ele>400.37</ele>
      </trkpt>
      <trkpt lat="41.236654" lon="0.891958">
        <ele>401.02</ele>
      </trkpt>
      <trkpt lat="41.237625" lon="0.892195">
        <ele>410.06</ele>
      </trkpt>
      <trkpt lat="41.237754" lon="0.892265">
        <ele>411.19</ele>
      </trkpt>
      <trkpt lat="41.238004" lon="0.89219">
        <ele>411.26</ele>
      </trkpt>
      <trkpt lat="41.238412" lon="0.892153">
        <ele>414.68</ele>
      </trkpt>
      <trkpt lat="41.23869" lon="0.892091">
        <ele>418.2</ele>
      </trkpt>
      <trkpt lat="41.238976" lon="0.892029">
        <ele>418.24</ele>
      </trkpt>
      <trkpt lat="41.239848" lon="0.89234">
        <ele>422.63</ele>
      </trkpt>
      <trkpt lat="41.240122" lon="0.892389">
        <ele>425.57</ele>
      </trkpt>
      <trkpt lat="41.240223" lon="0.892292">
        <ele>424.3</ele>
      </trkpt>
      <trkpt lat="41.240751" lon="0.892271">
        <ele>430.41</ele>
      </trkpt>
      <trkpt lat="41.240989" lon="0.892287">
        <ele>433.72</ele>
      </trkpt>
      <trkpt lat="41.241106" lon="0.892362">
        <ele>435.35</ele>
      </trkpt>
      <trkpt lat="41.24138" lon="0.89234">
        <ele>437.26</ele>
      </trkpt>
      <trkpt lat="41.241655" lon="0.892319">
        <ele>442.5</ele>
      </trkpt>
      <trkpt lat="41.241864" lon="0.892276">
        <ele>446.47</ele>
      </trkpt>
      <trkpt lat="41.241981" lon="0.892206">
        <ele>447.43</ele>
      </trkpt>
      <trkpt lat="41.242123" lon="0.892201">
        <ele>449.91</ele>
      </trkpt>
      <trkpt lat="41.24226" lon="0.892">
        <ele>449.97</ele>
      </trkpt>
      <trkpt lat="41.242397" lon="0.891798">
        <ele>452.46</ele>
      </trkpt>
      <trkpt lat="41.242412" lon="0.8915">
        <ele>452.78</ele>
      </trkpt>
      <trkpt lat="41.242562" lon="0.89087">
        <ele>462.96</ele>
      </trkpt>
      <trkpt lat="41.24271" lon="0.890538">
        <ele>466.56</ele>
      </trkpt>
      <trkpt lat="41.242857" lon="0.890205">
        <ele>472.43</ele>
      </trkpt>
      <trkpt lat="41.242909" lon="0.890232">
        <ele>472.52</ele>
      </trkpt>
      <trkpt lat="41.242929" lon="0.890404">
        <ele>472.71</ele>
      </trkpt>
      <trkpt lat="41.242925" lon="0.8905">
        <ele>473.41</ele>
      </trkpt>
      <trkpt lat="41.243014" lon="0.890634">
        <ele>476.72</ele>
      </trkpt>
      <trkpt lat="41.2433" lon="0.890683">
        <ele>477.81</ele>
      </trkpt>
      <trkpt lat="41.243534" lon="0.890677">
        <ele>479.75</ele>
      </trkpt>
      <trkpt lat="41.243659" lon="0.890726">
        <ele>480.59</ele>
      </trkpt>
      <trkpt lat="41.243805" lon="0.890597">
        <ele>487.22</ele>
      </trkpt>
      <trkpt lat="41.24395" lon="0.890602">
        <ele>492.2</ele>
      </trkpt>
      <trkpt lat="41.244026" lon="0.890554">
        <ele>496.28</ele>
      </trkpt>
      <trkpt lat="41.244099" lon="0.890538">
        <ele>499.46</ele>
      </trkpt>
      <trkpt lat="41.244184" lon="0.890613">
        <ele>500.12</ele>
      </trkpt>
      <trkpt lat="41.24424" lon="0.89057">
        <ele>502.24</ele>
      </trkpt>
      <trkpt lat="41.24439" lon="0.890216">
        <ele>503.93</ele>
      </trkpt>
      <trkpt lat="41.244523" lon="0.890028">
        <ele>499.86</ele>
      </trkpt>
      <trkpt lat="41.244676" lon="0.889958">
        <ele>496.58</ele>
      </trkpt>
      <trkpt lat="41.244828" lon="0.889785">
        <ele>491.67</ele>
      </trkpt>
      <trkpt lat="41.245112" lon="0.889454">
        <ele>487.33</ele>
      </trkpt>
      <trkpt lat="41.24532" lon="0.889265">
        <ele>485.46</ele>
      </trkpt>
      <trkpt lat="41.24547" lon="0.88903">
        <ele>484.2</ele>
      </trkpt>
      <trkpt lat="41.245604" lon="0.888714">
        <ele>482.45</ele>
      </trkpt>
      <trkpt lat="41.245926" lon="0.888741">
        <ele>483.18</ele>
      </trkpt>
      <trkpt lat="41.246067" lon="0.888526">
        <ele>482.94</ele>
      </trkpt>
      <trkpt lat="41.24615" lon="0.888177">
        <ele>480.65</ele>
      </trkpt>
      <trkpt lat="41.246133" lon="0.887958">
        <ele>480.36</ele>
      </trkpt>
      <trkpt lat="41.246084" lon="0.887298">
        <ele>479.49</ele>
      </trkpt>
      <trkpt lat="41.246079" lon="0.887028">
        <ele>480.99</ele>
      </trkpt>
      <trkpt lat="41.246059" lon="0.88688">
        <ele>480.89</ele>
      </trkpt>
      <trkpt lat="41.246039" lon="0.886738">
        <ele>480.12</ele>
      </trkpt>
      <trkpt lat="41.246047" lon="0.886105">
        <ele>478.55</ele>
      </trkpt>
      <trkpt lat="41.245982" lon="0.885708">
        <ele>475.84</ele>
      </trkpt>
      <trkpt lat="41.245749" lon="0.885428">
        <ele>476.71</ele>
      </trkpt>
      <trkpt lat="41.245678" lon="0.885322">
        <ele>477.4</ele>
      </trkpt>
      <trkpt lat="41.245619" lon="0.885266">
        <ele>477.6</ele>
      </trkpt>
      <trkpt lat="41.245569" lon="0.885254">
        <ele>477.36</ele>
      </trkpt>
      <trkpt lat="41.245421" lon="0.885282">
        <ele>473.98</ele>
      </trkpt>
      <trkpt lat="41.245345" lon="0.885261">
        <ele>474.13</ele>
      </trkpt>
      <trkpt lat="41.245192" lon="0.885118">
        <ele>473.5</ele>
      </trkpt>
      <trkpt lat="41.244918" lon="0.884828">
        <ele>468.13</ele>
      </trkpt>
      <trkpt lat="41.244791" lon="0.884666">
        <ele>466.54</ele>
      </trkpt>
      <trkpt lat="41.244716" lon="0.884583">
        <ele>463.25</ele>
      </trkpt>
      <trkpt lat="41.244678" lon="0.884483">
        <ele>462.09</ele>
      </trkpt>
      <trkpt lat="41.244635" lon="0.884238">
        <ele>460.82</ele>
      </trkpt>
      <trkpt lat="41.244648" lon="0.884173">
        <ele>461.13</ele>
      </trkpt>
      <trkpt lat="41.244611" lon="0.884109">
        <ele>460.63</ele>
      </trkpt>
      <trkpt lat="41.244571" lon="0.884074">
        <ele>460.39</ele>
      </trkpt>
      <trkpt lat="41.24448" lon="0.884127">
        <ele>458.77</ele>
      </trkpt>
      <trkpt lat="41.244369" lon="0.884178">
        <ele>456.46</ele>
      </trkpt>
      <trkpt lat="41.244264" lon="0.884142">
        <ele>455.27</ele>
      </trkpt>
      <trkpt lat="41.24403" lon="0.884013">
        <ele>450.67</ele>
      </trkpt>
      <trkpt lat="41.243916" lon="0.88388">
        <ele>447.32</ele>
      </trkpt>
      <trkpt lat="41.243865" lon="0.883692">
        <ele>446.21</ele>
      </trkpt>
      <trkpt lat="41.243802" lon="0.883495">
        <ele>445.31</ele>
      </trkpt>
      <trkpt lat="41.243724" lon="0.883251">
        <ele>444.22</ele>
      </trkpt>
      <trkpt lat="41.24367" lon="0.883014">
        <ele>442.26</ele>
      </trkpt>
      <trkpt lat="41.243716" lon="0.882704">
        <ele>440.7</ele>
      </trkpt>
      <trkpt lat="41.243877" lon="0.881803">
        <ele>433.82</ele>
      </trkpt>
      <trkpt lat="41.24388" lon="0.881667">
        <ele>432.21</ele>
      </trkpt>
      <trkpt lat="41.243869" lon="0.881572">
        <ele>431.52</ele>
      </trkpt>
      <trkpt lat="41.243823" lon="0.881479">
        <ele>431.03</ele>
      </trkpt>
      <trkpt lat="41.24346" lon="0.881013">
        <ele>430.04</ele>
      </trkpt>
      <trkpt lat="41.243014" lon="0.880376">
        <ele>427.73</ele>
      </trkpt>
      <trkpt lat="41.242643" lon="0.879759">
        <ele>424.09</ele>
      </trkpt>
      <trkpt lat="41.242602" lon="0.879571">
        <ele>423.63</ele>
      </trkpt>
      <trkpt lat="41.242594" lon="0.879357">
        <ele>422.94</ele>
      </trkpt>
      <trkpt lat="41.242473" lon="0.879132">
        <ele>420.6</ele>
      </trkpt>
      <trkpt lat="41.242344" lon="0.878928">
        <ele>418.65</ele>
      </trkpt>
      <trkpt lat="41.242223" lon="0.878617">
        <ele>417.35</ele>
      </trkpt>
      <trkpt lat="41.242187" lon="0.878295">
        <ele>414.48</ele>
      </trkpt>
      <trkpt lat="41.242187" lon="0.877817">
        <ele>410.36</ele>
      </trkpt>
      <trkpt lat="41.242304" lon="0.877426">
        <ele>409.3</ele>
      </trkpt>
      <trkpt lat="41.242308" lon="0.877179">
        <ele>407.94</ele>
      </trkpt>
      <trkpt lat="41.242151" lon="0.876634">
        <ele>406.62</ele>
      </trkpt>
      <trkpt lat="41.242143" lon="0.876605">
        <ele>406.55</ele>
      </trkpt>
      <trkpt lat="41.24203" lon="0.876476">
        <ele>405.4</ele>
      </trkpt>
      <trkpt lat="41.241876" lon="0.876256">
        <ele>401.82</ele>
      </trkpt>
      <trkpt lat="41.241711" lon="0.875983">
        <ele>397.98</ele>
      </trkpt>
      <trkpt lat="41.241671" lon="0.875838">
        <ele>397.02</ele>
      </trkpt>
      <trkpt lat="41.241737" lon="0.875799">
        <ele>397.65</ele>
      </trkpt>
      <trkpt lat="41.241858" lon="0.87559">
        <ele>398.94</ele>
      </trkpt>
      <trkpt lat="41.242023" lon="0.875402">
        <ele>399.5</ele>
      </trkpt>
      <trkpt lat="41.242209" lon="0.875413">
        <ele>399.74</ele>
      </trkpt>
      <trkpt lat="41.242511" lon="0.875493">
        <ele>400.55</ele>
      </trkpt>
      <trkpt lat="41.242729" lon="0.875531">
        <ele>402.42</ele>
      </trkpt>
      <trkpt lat="41.243012" lon="0.875547">
        <ele>403.14</ele>
      </trkpt>
      <trkpt lat="41.243125" lon="0.875381">
        <ele>404.5</ele>
      </trkpt>
      <trkpt lat="41.243383" lon="0.875134">
        <ele>408.8</ele>
      </trkpt>
      <trkpt lat="41.243649" lon="0.875016">
        <ele>410.74</ele>
      </trkpt>
      <trkpt lat="41.243875" lon="0.874753">
        <ele>415.61</ele>
      </trkpt>
      <trkpt lat="41.244069" lon="0.874627">
        <ele>420.28</ele>
      </trkpt>
      <trkpt lat="41.244264" lon="0.874501">
        <ele>422.5</ele>
      </trkpt>
      <trkpt lat="41.244653" lon="0.874149">
        <ele>425.36</ele>
      </trkpt>
      <trkpt lat="41.244732" lon="0.874034">
        <ele>426.02</ele>
      </trkpt>
      <trkpt lat="41.244907" lon="0.873632">
        <ele>420.33</ele>
      </trkpt>
      <trkpt lat="41.245109" lon="0.87353">
        <ele>422.48</ele>
      </trkpt>
      <trkpt lat="41.245286" lon="0.873326">
        <ele>427.23</ele>
      </trkpt>
      <trkpt lat="41.245472" lon="0.873219">
        <ele>431.43</ele>
      </trkpt>
      <trkpt lat="41.245746" lon="0.873079">
        <ele>436.86</ele>
      </trkpt>
      <trkpt lat="41.246021" lon="0.87279">
        <ele>443.02</ele>
      </trkpt>
      <trkpt lat="41.246127" lon="0.872524">
        <ele>449.78</ele>
      </trkpt>
      <trkpt lat="41.246303" lon="0.872167">
        <ele>458.2</ele>
      </trkpt>
      <trkpt lat="41.246303" lon="0.871899">
        <ele>459.83</ele>
      </trkpt>
      <trkpt lat="41.24648" lon="0.871646">
        <ele>462.69</ele>
      </trkpt>
      <trkpt lat="41.246648" lon="0.871513">
        <ele>466.05</ele>
      </trkpt>
      <trkpt lat="41.246773" lon="0.871384">
        <ele>468.55</ele>
      </trkpt>
      <trkpt lat="41.246829" lon="0.871279">
        <ele>468.94</ele>
      </trkpt>
      <trkpt lat="41.247175" lon="0.87106">
        <ele>471.7</ele>
      </trkpt>
      <trkpt lat="41.247356" lon="0.870861">
        <ele>474.57</ele>
      </trkpt>
      <trkpt lat="41.247484" lon="0.870665">
        <ele>474.23</ele>
      </trkpt>
      <trkpt lat="41.247625" lon="0.870524">
        <ele>473.49</ele>
      </trkpt>
      <trkpt lat="41.247834" lon="0.870369">
        <ele>474.48</ele>
      </trkpt>
      <trkpt lat="41.247945" lon="0.870244">
        <ele>475.6</ele>
      </trkpt>
      <trkpt lat="41.248016" lon="0.869977">
        <ele>476.24</ele>
      </trkpt>
      <trkpt lat="41.248027" lon="0.86969">
        <ele>475.5</ele>
      </trkpt>
      <trkpt lat="41.2481" lon="0.869369">
        <ele>475.75</ele>
      </trkpt>
      <trkpt lat="41.248097" lon="0.869184">
        <ele>474.87</ele>
      </trkpt>
      <trkpt lat="41.248094" lon="0.868967">
        <ele>473.83</ele>
      </trkpt>
      <trkpt lat="41.248106" lon="0.868812">
        <ele>472.7</ele>
      </trkpt>
      <trkpt lat="41.248083" lon="0.86882">
        <ele>472.83</ele>
      </trkpt>
      <trkpt lat="41.248039" lon="0.868818">
        <ele>472.92</ele>
      </trkpt>
      <trkpt lat="41.248006" lon="0.868788">
        <ele>472.99</ele>
      </trkpt>
      <trkpt lat="41.247984" lon="0.868633">
        <ele>472.22</ele>
      </trkpt>
      <trkpt lat="41.247918" lon="0.86845">
        <ele>471.74</ele>
      </trkpt>
      <trkpt lat="41.247847" lon="0.868327">
        <ele>472.11</ele>
      </trkpt>
      <trkpt lat="41.247762" lon="0.868244">
        <ele>472.87</ele>
      </trkpt>
      <trkpt lat="41.247607" lon="0.868136">
        <ele>473.07</ele>
      </trkpt>
      <trkpt lat="41.247472" lon="0.867991">
        <ele>472.85</ele>
      </trkpt>
      <trkpt lat="41.247186" lon="0.867895">
        <ele>472.37</ele>
      </trkpt>
      <trkpt lat="41.247089" lon="0.867892">
        <ele>471.1</ele>
      </trkpt>
      <trkpt lat="41.246867" lon="0.868008">
        <ele>468.93</ele>
      </trkpt>
      <trkpt lat="41.246529" lon="0.86813">
        <ele>467.8</ele>
      </trkpt>
      <trkpt lat="41.246506" lon="0.868156">
        <ele>467.8</ele>
      </trkpt>
      <trkpt lat="41.246416" lon="0.868505">
        <ele>468.3</ele>
      </trkpt>
      <trkpt lat="41.246295" lon="0.868467">
        <ele>472.15</ele>
      </trkpt>
      <trkpt lat="41.246259" lon="0.868247">
        <ele>473.51</ele>
      </trkpt>
      <trkpt lat="41.24617" lon="0.868072">
        <ele>476.77</ele>
      </trkpt>
      <trkpt lat="41.24615" lon="0.868033">
        <ele>477.5</ele>
      </trkpt>
      <trkpt lat="41.246065" lon="0.867759">
        <ele>480.01</ele>
      </trkpt>
      <trkpt lat="41.245944" lon="0.867427">
        <ele>482.82</ele>
      </trkpt>
      <trkpt lat="41.245908" lon="0.867164">
        <ele>484.49</ele>
      </trkpt>
      <trkpt lat="41.245822" lon="0.866948">
        <ele>486.81</ele>
      </trkpt>
      <trkpt lat="41.245736" lon="0.866815">
        <ele>488.85</ele>
      </trkpt>
      <trkpt lat="41.245773" lon="0.866632">
        <ele>489.63</ele>
      </trkpt>
      <trkpt lat="41.245816" lon="0.866255">
        <ele>489.38</ele>
      </trkpt>
      <trkpt lat="41.245821" lon="0.865903">
        <ele>485.47</ele>
      </trkpt>
      <trkpt lat="41.245887" lon="0.865727">
        <ele>483.1</ele>
      </trkpt>
      <trkpt lat="41.246008" lon="0.865566">
        <ele>480.76</ele>
      </trkpt>
      <trkpt lat="41.246277" lon="0.865387">
        <ele>477.22</ele>
      </trkpt>
      <trkpt lat="41.246385" lon="0.865338">
        <ele>475.25</ele>
      </trkpt>
      <trkpt lat="41.246513" lon="0.865322">
        <ele>474.56</ele>
      </trkpt>
      <trkpt lat="41.246589" lon="0.865295">
        <ele>474.72</ele>
      </trkpt>
      <trkpt lat="41.24662" lon="0.865259">
        <ele>474.82</ele>
      </trkpt>
      <trkpt lat="41.246723" lon="0.865071">
        <ele>475.25</ele>
      </trkpt>
      <trkpt lat="41.246747" lon="0.864991">
        <ele>476.28</ele>
      </trkpt>
      <trkpt lat="41.246733" lon="0.864883">
        <ele>475.1</ele>
      </trkpt>
      <trkpt lat="41.24658" lon="0.864426">
        <ele>472.24</ele>
      </trkpt>
      <trkpt lat="41.246495" lon="0.864146">
        <ele>470.37</ele>
      </trkpt>
      <trkpt lat="41.246413" lon="0.863981">
        <ele>470.18</ele>
      </trkpt>
      <trkpt lat="41.245982" lon="0.86365">
        <ele>465.44</ele>
      </trkpt>
      <trkpt lat="41.2457" lon="0.863542">
        <ele>462.77</ele>
      </trkpt>
      <trkpt lat="41.24549" lon="0.863231">
        <ele>461.64</ele>
      </trkpt>
      <trkpt lat="41.245305" lon="0.862823">
        <ele>458.21</ele>
      </trkpt>
      <trkpt lat="41.245208" lon="0.862433">
        <ele>453.41</ele>
      </trkpt>
      <trkpt lat="41.245198" lon="0.862343">
        <ele>452.15</ele>
      </trkpt>
      <trkpt lat="41.245179" lon="0.86227">
        <ele>450.43</ele>
      </trkpt>
      <trkpt lat="41.24516" lon="0.862255">
        <ele>449.36</ele>
      </trkpt>
      <trkpt lat="41.245191" lon="0.86196">
        <ele>446.85</ele>
      </trkpt>
      <trkpt lat="41.245195" lon="0.861823">
        <ele>445.28</ele>
      </trkpt>
      <trkpt lat="41.245146" lon="0.861963">
        <ele>445.03</ele>
      </trkpt>
      <trkpt lat="41.245081" lon="0.862072">
        <ele>445.03</ele>
      </trkpt>
      <trkpt lat="41.245005" lon="0.862201">
        <ele>445.04</ele>
      </trkpt>
      <trkpt lat="41.244999" lon="0.862329">
        <ele>445.56</ele>
      </trkpt>
      <trkpt lat="41.245021" lon="0.862501">
        <ele>445.99</ele>
      </trkpt>
      <trkpt lat="41.245039" lon="0.862777">
        <ele>446.38</ele>
      </trkpt>
      <trkpt lat="41.245037" lon="0.862848">
        <ele>446.26</ele>
      </trkpt>
      <trkpt lat="41.245056" lon="0.862963">
        <ele>446.7</ele>
      </trkpt>
      <trkpt lat="41.245131" lon="0.863234">
        <ele>447.19</ele>
      </trkpt>
      <trkpt lat="41.245123" lon="0.863307">
        <ele>446.43</ele>
      </trkpt>
      <trkpt lat="41.245103" lon="0.863381">
        <ele>445.7</ele>
      </trkpt>
      <trkpt lat="41.24495" lon="0.863637">
        <ele>443.67</ele>
      </trkpt>
      <trkpt lat="41.244949" lon="0.863709">
        <ele>443.5</ele>
      </trkpt>
      <trkpt lat="41.24496" lon="0.863756">
        <ele>443.49</ele>
      </trkpt>
      <trkpt lat="41.244985" lon="0.8638">
        <ele>443.12</ele>
      </trkpt>
      <trkpt lat="41.245114" lon="0.863938">
        <ele>442.37</ele>
      </trkpt>
      <trkpt lat="41.245338" lon="0.86429">
        <ele>440.72</ele>
      </trkpt>
      <trkpt lat="41.24536" lon="0.864354">
        <ele>440.52</ele>
      </trkpt>
      <trkpt lat="41.245366" lon="0.864427">
        <ele>440.04</ele>
      </trkpt>
      <trkpt lat="41.245329" lon="0.864486">
        <ele>439.35</ele>
      </trkpt>
      <trkpt lat="41.24513" lon="0.864526">
        <ele>437.4</ele>
      </trkpt>
      <trkpt lat="41.245037" lon="0.864478">
        <ele>435.43</ele>
      </trkpt>
      <trkpt lat="41.24495" lon="0.864401">
        <ele>434.29</ele>
      </trkpt>
      <trkpt lat="41.244909" lon="0.86438">
        <ele>433.39</ele>
      </trkpt>
      <trkpt lat="41.244671" lon="0.864259">
        <ele>428.18</ele>
      </trkpt>
      <trkpt lat="41.24445" lon="0.86427">
        <ele>426.07</ele>
      </trkpt>
      <trkpt lat="41.244356" lon="0.86426">
        <ele>424.62</ele>
      </trkpt>
      <trkpt lat="41.244288" lon="0.864292">
        <ele>423.85</ele>
      </trkpt>
      <trkpt lat="41.244232" lon="0.864347">
        <ele>424.48</ele>
      </trkpt>
      <trkpt lat="41.244199" lon="0.864355">
        <ele>425.72</ele>
      </trkpt>
      <trkpt lat="41.244163" lon="0.864342">
        <ele>426.72</ele>
      </trkpt>
      <trkpt lat="41.244135" lon="0.864315">
        <ele>427.19</ele>
      </trkpt>
      <trkpt lat="41.244109" lon="0.864112">
        <ele>423.85</ele>
      </trkpt>
      <trkpt lat="41.244088" lon="0.864046">
        <ele>422.8</ele>
      </trkpt>
      <trkpt lat="41.24403" lon="0.863971">
        <ele>422.78</ele>
      </trkpt>
      <trkpt lat="41.24398" lon="0.863887">
        <ele>421.79</ele>
      </trkpt>
      <trkpt lat="41.243947" lon="0.863795">
        <ele>419.8</ele>
      </trkpt>
      <trkpt lat="41.24357" lon="0.863296">
        <ele>415.84</ele>
      </trkpt>
      <trkpt lat="41.243457" lon="0.863139">
        <ele>413.27</ele>
      </trkpt>
      <trkpt lat="41.243429" lon="0.863104">
        <ele>412.2</ele>
      </trkpt>
      <trkpt lat="41.243396" lon="0.863086">
        <ele>411.44</ele>
      </trkpt>
      <trkpt lat="41.243352" lon="0.863076">
        <ele>410.83</ele>
      </trkpt>
      <trkpt lat="41.24331" lon="0.863102">
        <ele>410.18</ele>
      </trkpt>
      <trkpt lat="41.24327" lon="0.863142">
        <ele>409.7</ele>
      </trkpt>
      <trkpt lat="41.243185" lon="0.863268">
        <ele>410.52</ele>
      </trkpt>
      <trkpt lat="41.243122" lon="0.863401">
        <ele>412.22</ele>
      </trkpt>
      <trkpt lat="41.243096" lon="0.86343">
        <ele>412.1</ele>
      </trkpt>
      <trkpt lat="41.243067" lon="0.863447">
        <ele>413.21</ele>
      </trkpt>
      <trkpt lat="41.243025" lon="0.863448">
        <ele>415.07</ele>
      </trkpt>
      <trkpt lat="41.242999" lon="0.863422">
        <ele>416.27</ele>
      </trkpt>
      <trkpt lat="41.242989" lon="0.863374">
        <ele>416.9</ele>
      </trkpt>
      <trkpt lat="41.24299" lon="0.863306">
        <ele>417.11</ele>
      </trkpt>
      <trkpt lat="41.24313" lon="0.862747">
        <ele>410.6</ele>
      </trkpt>
      <trkpt lat="41.243224" lon="0.862426">
        <ele>405.07</ele>
      </trkpt>
      <trkpt lat="41.243232" lon="0.862257">
        <ele>403.76</ele>
      </trkpt>
      <trkpt lat="41.243218" lon="0.862082">
        <ele>401.67</ele>
      </trkpt>
      <trkpt lat="41.243167" lon="0.861772">
        <ele>397.9</ele>
      </trkpt>
      <trkpt lat="41.243121" lon="0.861677">
        <ele>396.99</ele>
      </trkpt>
      <trkpt lat="41.243054" lon="0.861579">
        <ele>396.05</ele>
      </trkpt>
      <trkpt lat="41.242912" lon="0.861395">
        <ele>396.76</ele>
      </trkpt>
      <trkpt lat="41.242807" lon="0.861159">
        <ele>392.29</ele>
      </trkpt>
      <trkpt lat="41.242605" lon="0.860987">
        <ele>389.12</ele>
      </trkpt>
      <trkpt lat="41.242487" lon="0.860871">
        <ele>389.74</ele>
      </trkpt>
      <trkpt lat="41.242465" lon="0.860828">
        <ele>390.32</ele>
      </trkpt>
      <trkpt lat="41.242457" lon="0.860746">
        <ele>390.49</ele>
      </trkpt>
      <trkpt lat="41.242463" lon="0.860669">
        <ele>389.46</ele>
      </trkpt>
      <trkpt lat="41.242467" lon="0.860619">
        <ele>388.79</ele>
      </trkpt>
      <trkpt lat="41.242457" lon="0.860479">
        <ele>386.22</ele>
      </trkpt>
      <trkpt lat="41.242443" lon="0.860382">
        <ele>384.92</ele>
      </trkpt>
      <trkpt lat="41.242215" lon="0.859819">
        <ele>385.47</ele>
      </trkpt>
      <trkpt lat="41.242159" lon="0.859498">
        <ele>382.56</ele>
      </trkpt>
      <trkpt lat="41.242118" lon="0.859294">
        <ele>378.53</ele>
      </trkpt>
      <trkpt lat="41.242074" lon="0.859131">
        <ele>378.48</ele>
      </trkpt>
      <trkpt lat="41.242102" lon="0.858941">
        <ele>378.83</ele>
      </trkpt>
      <trkpt lat="41.242118" lon="0.85878">
        <ele>377.12</ele>
      </trkpt>
      <trkpt lat="41.242094" lon="0.858629">
        <ele>375.45</ele>
      </trkpt>
      <trkpt lat="41.242045" lon="0.858453">
        <ele>372.59</ele>
      </trkpt>
      <trkpt lat="41.242016" lon="0.858381">
        <ele>372.19</ele>
      </trkpt>
      <trkpt lat="41.241965" lon="0.858308">
        <ele>371.21</ele>
      </trkpt>
      <trkpt lat="41.241912" lon="0.858263">
        <ele>371.31</ele>
      </trkpt>
      <trkpt lat="41.241669" lon="0.858057">
        <ele>371.77</ele>
      </trkpt>
      <trkpt lat="41.24165" lon="0.857992">
        <ele>372.12</ele>
      </trkpt>
      <trkpt lat="41.241662" lon="0.857884">
        <ele>371.47</ele>
      </trkpt>
      <trkpt lat="41.241706" lon="0.857696">
        <ele>370.31</ele>
      </trkpt>
      <trkpt lat="41.24171" lon="0.857579">
        <ele>369.71</ele>
      </trkpt>
      <trkpt lat="41.241674" lon="0.857434">
        <ele>369.21</ele>
      </trkpt>
      <trkpt lat="41.241517" lon="0.857112">
        <ele>366.92</ele>
      </trkpt>
      <trkpt lat="41.241396" lon="0.856903">
        <ele>366.57</ele>
      </trkpt>
      <trkpt lat="41.241222" lon="0.856597">
        <ele>370.05</ele>
      </trkpt>
      <trkpt lat="41.241178" lon="0.85642">
        <ele>372.19</ele>
      </trkpt>
      <trkpt lat="41.24119" lon="0.856082">
        <ele>368.91</ele>
      </trkpt>
      <trkpt lat="41.24123" lon="0.855781">
        <ele>363.87</ele>
      </trkpt>
      <trkpt lat="41.241206" lon="0.855669">
        <ele>363.08</ele>
      </trkpt>
      <trkpt lat="41.241025" lon="0.855223">
        <ele>361.56</ele>
      </trkpt>
      <trkpt lat="41.24096" lon="0.85503">
        <ele>361.62</ele>
      </trkpt>
      <trkpt lat="41.240944" lon="0.854928">
        <ele>361.4</ele>
      </trkpt>
      <trkpt lat="41.240896" lon="0.854824">
        <ele>361.88</ele>
      </trkpt>
      <trkpt lat="41.240714" lon="0.85458">
        <ele>361.29</ele>
      </trkpt>
      <trkpt lat="41.240585" lon="0.854489">
        <ele>360.89</ele>
      </trkpt>
      <trkpt lat="41.240428" lon="0.854435">
        <ele>361.21</ele>
      </trkpt>
      <trkpt lat="41.240137" lon="0.854322">
        <ele>359.21</ele>
      </trkpt>
      <trkpt lat="41.24004" lon="0.854349">
        <ele>362.21</ele>
      </trkpt>
      <trkpt lat="41.23998" lon="0.854247">
        <ele>361.39</ele>
      </trkpt>
      <trkpt lat="41.239677" lon="0.854022">
        <ele>360.31</ele>
      </trkpt>
      <trkpt lat="41.239552" lon="0.853952">
        <ele>359.55</ele>
      </trkpt>
      <trkpt lat="41.239379" lon="0.853952">
        <ele>361.13</ele>
      </trkpt>
      <trkpt lat="41.239298" lon="0.853893">
        <ele>361.74</ele>
      </trkpt>
      <trkpt lat="41.23923" lon="0.853775">
        <ele>360.26</ele>
      </trkpt>
      <trkpt lat="41.239099" lon="0.853614">
        <ele>358.17</ele>
      </trkpt>
      <trkpt lat="41.238901" lon="0.853369">
        <ele>355</ele>
      </trkpt>
      <trkpt lat="41.238991" lon="0.853184">
        <ele>352.78</ele>
      </trkpt>
      <trkpt lat="41.239052" lon="0.852989">
        <ele>352.23</ele>
      </trkpt>
      <trkpt lat="41.239062" lon="0.852914">
        <ele>352.5</ele>
      </trkpt>
      <trkpt lat="41.239062" lon="0.852822">
        <ele>353.75</ele>
      </trkpt>
      <trkpt lat="41.239048" lon="0.852736">
        <ele>354.84</ele>
      </trkpt>
      <trkpt lat="41.239026" lon="0.85267">
        <ele>355.85</ele>
      </trkpt>
      <trkpt lat="41.238996" lon="0.852619">
        <ele>356.34</ele>
      </trkpt>
      <trkpt lat="41.238867" lon="0.852487">
        <ele>357.76</ele>
      </trkpt>
      <trkpt lat="41.238602" lon="0.852263">
        <ele>360.27</ele>
      </trkpt>
      <trkpt lat="41.238362" lon="0.852023">
        <ele>361.6</ele>
      </trkpt>
      <trkpt lat="41.238322" lon="0.851941">
        <ele>362.56</ele>
      </trkpt>
      <trkpt lat="41.238293" lon="0.851844">
        <ele>363.44</ele>
      </trkpt>
      <trkpt lat="41.238289" lon="0.851679">
        <ele>364.74</ele>
      </trkpt>
      <trkpt lat="41.238338" lon="0.851484">
        <ele>364.65</ele>
      </trkpt>
      <trkpt lat="41.238418" lon="0.851342">
        <ele>362.45</ele>
      </trkpt>
      <trkpt lat="41.238656" lon="0.850999">
        <ele>360.79</ele>
      </trkpt>
      <trkpt lat="41.238696" lon="0.850841">
        <ele>361.05</ele>
      </trkpt>
      <trkpt lat="41.238689" lon="0.85074">
        <ele>360.86</ele>
      </trkpt>
      <trkpt lat="41.238673" lon="0.850637">
        <ele>361.25</ele>
      </trkpt>
      <trkpt lat="41.238633" lon="0.850552">
        <ele>362.04</ele>
      </trkpt>
      <trkpt lat="41.238505" lon="0.850387">
        <ele>363.08</ele>
      </trkpt>
      <trkpt lat="41.238425" lon="0.850197">
        <ele>362.75</ele>
      </trkpt>
      <trkpt lat="41.238405" lon="0.850088">
        <ele>362.03</ele>
      </trkpt>
      <trkpt lat="41.238398" lon="0.849948">
        <ele>361.35</ele>
      </trkpt>
      <trkpt lat="41.238401" lon="0.849708">
        <ele>361.57</ele>
      </trkpt>
      <trkpt lat="41.23837" lon="0.84955">
        <ele>361.51</ele>
      </trkpt>
      <trkpt lat="41.238334" lon="0.849482">
        <ele>362.08</ele>
      </trkpt>
      <trkpt lat="41.238275" lon="0.849402">
        <ele>362.31</ele>
      </trkpt>
      <trkpt lat="41.238168" lon="0.849325">
        <ele>362.95</ele>
      </trkpt>
      <trkpt lat="41.238007" lon="0.849185">
        <ele>362.81</ele>
      </trkpt>
      <trkpt lat="41.237917" lon="0.849039">
        <ele>362.97</ele>
      </trkpt>
      <trkpt lat="41.237857" lon="0.848836">
        <ele>361.85</ele>
      </trkpt>
      <trkpt lat="41.237788" lon="0.848676">
        <ele>362.28</ele>
      </trkpt>
      <trkpt lat="41.237711" lon="0.84858">
        <ele>362.82</ele>
      </trkpt>
      <trkpt lat="41.237605" lon="0.848532">
        <ele>362.97</ele>
      </trkpt>
      <trkpt lat="41.237418" lon="0.848394">
        <ele>364.27</ele>
      </trkpt>
      <trkpt lat="41.237321" lon="0.848265">
        <ele>363</ele>
      </trkpt>
      <trkpt lat="41.237268" lon="0.848106">
        <ele>361.94</ele>
      </trkpt>
      <trkpt lat="41.237245" lon="0.847946">
        <ele>362</ele>
      </trkpt>
      <trkpt lat="41.237224" lon="0.847557">
        <ele>362.01</ele>
      </trkpt>
      <trkpt lat="41.237201" lon="0.847439">
        <ele>362.81</ele>
      </trkpt>
      <trkpt lat="41.23717" lon="0.847337">
        <ele>363.87</ele>
      </trkpt>
      <trkpt lat="41.237122" lon="0.847251">
        <ele>364.01</ele>
      </trkpt>
      <trkpt lat="41.237052" lon="0.847163">
        <ele>364.76</ele>
      </trkpt>
      <trkpt lat="41.236963" lon="0.847093">
        <ele>364.56</ele>
      </trkpt>
      <trkpt lat="41.236858" lon="0.84708">
        <ele>364.44</ele>
      </trkpt>
      <trkpt lat="41.236747" lon="0.847096">
        <ele>365.09</ele>
      </trkpt>
      <trkpt lat="41.236461" lon="0.847207">
        <ele>365.25</ele>
      </trkpt>
      <trkpt lat="41.236314" lon="0.847265">
        <ele>364.28</ele>
      </trkpt>
      <trkpt lat="41.236136" lon="0.847264">
        <ele>364.15</ele>
      </trkpt>
      <trkpt lat="41.23599" lon="0.847225">
        <ele>363.31</ele>
      </trkpt>
      <trkpt lat="41.235772" lon="0.84701">
        <ele>362.18</ele>
      </trkpt>
      <trkpt lat="41.235253" lon="0.846273">
        <ele>358.55</ele>
      </trkpt>
      <trkpt lat="41.235053" lon="0.845987">
        <ele>358.91</ele>
      </trkpt>
      <trkpt lat="41.234943" lon="0.845788">
        <ele>359</ele>
      </trkpt>
      <trkpt lat="41.234822" lon="0.845459">
        <ele>358.53</ele>
      </trkpt>
      <trkpt lat="41.23475" lon="0.84529">
        <ele>358.28</ele>
      </trkpt>
    </trkseg>
  </trk>
</gpx>
