<?xml version="1.0" encoding="UTF-8"?>
<gpx creator="https://gpx.studio" version="1.1" xmlns="http://www.topografix.com/GPX/1/1" xmlns:xsi="http://www.w3.org/2001/XMLSchema-instance" xsi:schemaLocation="http://www.topografix.com/GPX/1/1 http://www.topografix.com/GPX/1/1/gpx.xsd http://www.garmin.com/xmlschemas/GpxExtensions/v3 http://www.garmin.com/xmlschemas/GpxExtensionsv3.xsd http://www.garmin.com/xmlschemas/TrackPointExtension/v1 http://www.garmin.com/xmlschemas/TrackPointExtensionv1.xsd http://www.garmin.com/xmlschemas/PowerExtension/v1 http://www.garmin.com/xmlschemas/PowerExtensionv1.xsd http://www.topografix.com/GPX/gpx_style/0/2 http://www.topografix.com/GPX/gpx_style/0/2/gpx_style.xsd" xmlns:gpxtpx="http://www.garmin.com/xmlschemas/TrackPointExtension/v1" xmlns:gpxx="http://www.garmin.com/xmlschemas/GpxExtensions/v3" xmlns:gpxpx="http://www.garmin.com/xmlschemas/PowerExtension/v1" xmlns:gpx_style="http://www.topografix.com/GPX/gpx_style/0/2">
  <metadata>
    <name>Nuevo archivo 4</name>
    <author>
      <name>gpx.studio</name>
      <link href="https://gpx.studio"/>
    </author>
  </metadata>
  <trk>
    <name>Nuevo archivo 4</name>
    <trkseg>
      <trkpt lat="41.163807" lon="0.765686">
        <ele>269.35</ele>
      </trkpt>
      <trkpt lat="41.163746" lon="0.765754">
        <ele>269.43</ele>
      </trkpt>
      <trkpt lat="41.163628" lon="0.766028">
        <ele>266.93</ele>
      </trkpt>
      <trkpt lat="41.163576" lon="0.766148">
        <ele>265.86</ele>
      </trkpt>
      <trkpt lat="41.163485" lon="0.766153">
        <ele>265.98</ele>
      </trkpt>
      <trkpt lat="41.163434" lon="0.765649">
        <ele>262.96</ele>
      </trkpt>
      <trkpt lat="41.163207" lon="0.765378">
        <ele>259.36</ele>
      </trkpt>
      <trkpt lat="41.16315" lon="0.765285">
        <ele>258.8</ele>
      </trkpt>
      <trkpt lat="41.163132" lon="0.765173">
        <ele>258.02</ele>
      </trkpt>
      <trkpt lat="41.163182" lon="0.76509">
        <ele>256.43</ele>
      </trkpt>
      <trkpt lat="41.16332" lon="0.76502">
        <ele>255.66</ele>
      </trkpt>
      <trkpt lat="41.163421" lon="0.764951">
        <ele>255.11</ele>
      </trkpt>
      <trkpt lat="41.163442" lon="0.764816">
        <ele>254.34</ele>
      </trkpt>
      <trkpt lat="41.163358" lon="0.764502">
        <ele>251.96</ele>
      </trkpt>
      <trkpt lat="41.163225" lon="0.764168">
        <ele>248.78</ele>
      </trkpt>
      <trkpt lat="41.16286" lon="0.763812">
        <ele>246.35</ele>
      </trkpt>
      <trkpt lat="41.162332" lon="0.763281">
        <ele>238.52</ele>
      </trkpt>
      <trkpt lat="41.16225" lon="0.763144">
        <ele>237.24</ele>
      </trkpt>
      <trkpt lat="41.162208" lon="0.762935">
        <ele>235.6</ele>
      </trkpt>
      <trkpt lat="41.162204" lon="0.762864">
        <ele>235.05</ele>
      </trkpt>
      <trkpt lat="41.16217" lon="0.762589">
        <ele>233.22</ele>
      </trkpt>
      <trkpt lat="41.162168" lon="0.762412">
        <ele>233.36</ele>
      </trkpt>
      <trkpt lat="41.162136" lon="0.762319">
        <ele>232.57</ele>
      </trkpt>
      <trkpt lat="41.162005" lon="0.762236">
        <ele>229.57</ele>
      </trkpt>
      <trkpt lat="41.161794" lon="0.762199">
        <ele>227.08</ele>
      </trkpt>
      <trkpt lat="41.161702" lon="0.762169">
        <ele>226.06</ele>
      </trkpt>
      <trkpt lat="41.161655" lon="0.76212">
        <ele>225.41</ele>
      </trkpt>
      <trkpt lat="41.161624" lon="0.762009">
        <ele>224.33</ele>
      </trkpt>
      <trkpt lat="41.161631" lon="0.761823">
        <ele>224</ele>
      </trkpt>
      <trkpt lat="41.161662" lon="0.761667">
        <ele>224</ele>
      </trkpt>
      <trkpt lat="41.161727" lon="0.761456">
        <ele>222.88</ele>
      </trkpt>
      <trkpt lat="41.16175" lon="0.761411">
        <ele>222.44</ele>
      </trkpt>
      <trkpt lat="41.161709" lon="0.761435">
        <ele>222.86</ele>
      </trkpt>
      <trkpt lat="41.16175" lon="0.761411">
        <ele>222.44</ele>
      </trkpt>
      <trkpt lat="41.161769" lon="0.761373">
        <ele>222.07</ele>
      </trkpt>
      <trkpt lat="41.161992" lon="0.761067">
        <ele>219.19</ele>
      </trkpt>
      <trkpt lat="41.16202" lon="0.760986">
        <ele>218.93</ele>
      </trkpt>
      <trkpt lat="41.162029" lon="0.760896">
        <ele>218.59</ele>
      </trkpt>
      <trkpt lat="41.162029" lon="0.760738">
        <ele>218.57</ele>
      </trkpt>
      <trkpt lat="41.16206" lon="0.760534">
        <ele>217.92</ele>
      </trkpt>
      <trkpt lat="41.162156" lon="0.760223">
        <ele>217.41</ele>
      </trkpt>
      <trkpt lat="41.162238" lon="0.759974">
        <ele>215.36</ele>
      </trkpt>
      <trkpt lat="41.162292" lon="0.759554">
        <ele>213.67</ele>
      </trkpt>
      <trkpt lat="41.162248" lon="0.759117">
        <ele>213.14</ele>
      </trkpt>
      <trkpt lat="41.162205" lon="0.75868">
        <ele>209.85</ele>
      </trkpt>
      <trkpt lat="41.162097" lon="0.758328">
        <ele>208.48</ele>
      </trkpt>
      <trkpt lat="41.161916" lon="0.757726">
        <ele>205.17</ele>
      </trkpt>
      <trkpt lat="41.161741" lon="0.757135">
        <ele>206.45</ele>
      </trkpt>
      <trkpt lat="41.161665" lon="0.756877">
        <ele>204.7</ele>
      </trkpt>
      <trkpt lat="41.161667" lon="0.756825">
        <ele>204.6</ele>
      </trkpt>
      <trkpt lat="41.161683" lon="0.756276">
        <ele>203.57</ele>
      </trkpt>
      <trkpt lat="41.161688" lon="0.755847">
        <ele>200.25</ele>
      </trkpt>
      <trkpt lat="41.161392" lon="0.755499">
        <ele>199.18</ele>
      </trkpt>
      <trkpt lat="41.161254" lon="0.755161">
        <ele>194.7</ele>
      </trkpt>
      <trkpt lat="41.161139" lon="0.754667">
        <ele>191.71</ele>
      </trkpt>
      <trkpt lat="41.161235" lon="0.754474">
        <ele>191.19</ele>
      </trkpt>
      <trkpt lat="41.161468" lon="0.754492">
        <ele>189.85</ele>
      </trkpt>
      <trkpt lat="41.161595" lon="0.754501">
        <ele>189.13</ele>
      </trkpt>
      <trkpt lat="41.161789" lon="0.754135">
        <ele>184.72</ele>
      </trkpt>
      <trkpt lat="41.162159" lon="0.753942">
        <ele>179.7</ele>
      </trkpt>
      <trkpt lat="41.162269" lon="0.753616">
        <ele>177.5</ele>
      </trkpt>
      <trkpt lat="41.162463" lon="0.753315">
        <ele>173.16</ele>
      </trkpt>
      <trkpt lat="41.162596" lon="0.753191">
        <ele>173.02</ele>
      </trkpt>
      <trkpt lat="41.162564" lon="0.752976">
        <ele>171.18</ele>
      </trkpt>
      <trkpt lat="41.162469" lon="0.752732">
        <ele>168.95</ele>
      </trkpt>
      <trkpt lat="41.162474" lon="0.752567">
        <ele>168.44</ele>
      </trkpt>
      <trkpt lat="41.162536" lon="0.752524">
        <ele>167.81</ele>
      </trkpt>
      <trkpt lat="41.162634" lon="0.752585">
        <ele>166.97</ele>
      </trkpt>
      <trkpt lat="41.162925" lon="0.752898">
        <ele>165.21</ele>
      </trkpt>
      <trkpt lat="41.163116" lon="0.752942">
        <ele>162.59</ele>
      </trkpt>
      <trkpt lat="41.163229" lon="0.752844">
        <ele>160.95</ele>
      </trkpt>
      <trkpt lat="41.163245" lon="0.752631">
        <ele>162.46</ele>
      </trkpt>
      <trkpt lat="41.162875" lon="0.751858">
        <ele>161.39</ele>
      </trkpt>
      <trkpt lat="41.162856" lon="0.75174">
        <ele>162.91</ele>
      </trkpt>
      <trkpt lat="41.162806" lon="0.751343">
        <ele>159.06</ele>
      </trkpt>
      <trkpt lat="41.162915" lon="0.751041">
        <ele>160.08</ele>
      </trkpt>
      <trkpt lat="41.162932" lon="0.75074">
        <ele>155.74</ele>
      </trkpt>
      <trkpt lat="41.162937" lon="0.750634">
        <ele>155.97</ele>
      </trkpt>
      <trkpt lat="41.162948" lon="0.75044">
        <ele>156.39</ele>
      </trkpt>
      <trkpt lat="41.162948" lon="0.750225">
        <ele>158.96</ele>
      </trkpt>
      <trkpt lat="41.162786" lon="0.749882">
        <ele>157.38</ele>
      </trkpt>
      <trkpt lat="41.162657" lon="0.749324">
        <ele>156.28</ele>
      </trkpt>
      <trkpt lat="41.162592" lon="0.748938">
        <ele>155.02</ele>
      </trkpt>
      <trkpt lat="41.162528" lon="0.748337">
        <ele>152.51</ele>
      </trkpt>
      <trkpt lat="41.162463" lon="0.747693">
        <ele>145.69</ele>
      </trkpt>
      <trkpt lat="41.162463" lon="0.747264">
        <ele>143.1</ele>
      </trkpt>
      <trkpt lat="41.162398" lon="0.746878">
        <ele>141.6</ele>
      </trkpt>
      <trkpt lat="41.162237" lon="0.74634">
        <ele>139.94</ele>
      </trkpt>
      <trkpt lat="41.162144" lon="0.745879">
        <ele>138.44</ele>
      </trkpt>
      <trkpt lat="41.162107" lon="0.74559">
        <ele>138.47</ele>
      </trkpt>
      <trkpt lat="41.162089" lon="0.745362">
        <ele>136.72</ele>
      </trkpt>
      <trkpt lat="41.162114" lon="0.74523">
        <ele>137.31</ele>
      </trkpt>
      <trkpt lat="41.162094" lon="0.745214">
        <ele>136.68</ele>
      </trkpt>
      <trkpt lat="41.162088" lon="0.745186">
        <ele>136.21</ele>
      </trkpt>
      <trkpt lat="41.162101" lon="0.745083">
        <ele>135.02</ele>
      </trkpt>
      <trkpt lat="41.162088" lon="0.745186">
        <ele>136.21</ele>
      </trkpt>
      <trkpt lat="41.162094" lon="0.745214">
        <ele>136.68</ele>
      </trkpt>
      <trkpt lat="41.162114" lon="0.74523">
        <ele>137.31</ele>
      </trkpt>
      <trkpt lat="41.162286" lon="0.744979">
        <ele>135.4</ele>
      </trkpt>
      <trkpt lat="41.162331" lon="0.7449">
        <ele>134.68</ele>
      </trkpt>
      <trkpt lat="41.162391" lon="0.744729">
        <ele>134.17</ele>
      </trkpt>
      <trkpt lat="41.162479" lon="0.744429">
        <ele>130.79</ele>
      </trkpt>
      <trkpt lat="41.162495" lon="0.744303">
        <ele>129.9</ele>
      </trkpt>
      <trkpt lat="41.162481" lon="0.744088">
        <ele>127.65</ele>
      </trkpt>
      <trkpt lat="41.162398" lon="0.743874">
        <ele>123.82</ele>
      </trkpt>
      <trkpt lat="41.16256" lon="0.743402">
        <ele>121.05</ele>
      </trkpt>
      <trkpt lat="41.162625" lon="0.743015">
        <ele>115.6</ele>
      </trkpt>
      <trkpt lat="41.162625" lon="0.741943">
        <ele>111.15</ele>
      </trkpt>
      <trkpt lat="41.162754" lon="0.741771">
        <ele>111.12</ele>
      </trkpt>
      <trkpt lat="41.163109" lon="0.741857">
        <ele>107.28</ele>
      </trkpt>
      <trkpt lat="41.163143" lon="0.741782">
        <ele>105.26</ele>
      </trkpt>
      <trkpt lat="41.163109" lon="0.741728">
        <ele>104.94</ele>
      </trkpt>
      <trkpt lat="41.162901" lon="0.741585">
        <ele>103.81</ele>
      </trkpt>
      <trkpt lat="41.162632" lon="0.74132">
        <ele>98.41</ele>
      </trkpt>
      <trkpt lat="41.162456" lon="0.741027">
        <ele>96.33</ele>
      </trkpt>
      <trkpt lat="41.162328" lon="0.740656">
        <ele>96.51</ele>
      </trkpt>
      <trkpt lat="41.16214" lon="0.740226">
        <ele>98.49</ele>
      </trkpt>
      <trkpt lat="41.161946" lon="0.739711">
        <ele>98.98</ele>
      </trkpt>
      <trkpt lat="41.161842" lon="0.739085">
        <ele>97.59</ele>
      </trkpt>
      <trkpt lat="41.161688" lon="0.738638">
        <ele>96.11</ele>
      </trkpt>
      <trkpt lat="41.161402" lon="0.738315">
        <ele>93.88</ele>
      </trkpt>
      <trkpt lat="41.161279" lon="0.738111">
        <ele>92.22</ele>
      </trkpt>
      <trkpt lat="41.161246" lon="0.73779">
        <ele>90.24</ele>
      </trkpt>
      <trkpt lat="41.161272" lon="0.737583">
        <ele>88.6</ele>
      </trkpt>
      <trkpt lat="41.161307" lon="0.737454">
        <ele>87.99</ele>
      </trkpt>
      <trkpt lat="41.161354" lon="0.737356">
        <ele>87.63</ele>
      </trkpt>
      <trkpt lat="41.161382" lon="0.737318">
        <ele>87.19</ele>
      </trkpt>
      <trkpt lat="41.161433" lon="0.737248">
        <ele>86.4</ele>
      </trkpt>
      <trkpt lat="41.161531" lon="0.737151">
        <ele>85.21</ele>
      </trkpt>
      <trkpt lat="41.161879" lon="0.736875">
        <ele>84.13</ele>
      </trkpt>
      <trkpt lat="41.16208" lon="0.73672">
        <ele>85.66</ele>
      </trkpt>
      <trkpt lat="41.162215" lon="0.736581">
        <ele>86.51</ele>
      </trkpt>
      <trkpt lat="41.162312" lon="0.73665">
        <ele>86.88</ele>
      </trkpt>
      <trkpt lat="41.162215" lon="0.736581">
        <ele>86.51</ele>
      </trkpt>
      <trkpt lat="41.162124" lon="0.736509">
        <ele>86.91</ele>
      </trkpt>
      <trkpt lat="41.161519" lon="0.735948">
        <ele>87.71</ele>
      </trkpt>
      <trkpt lat="41.161053" lon="0.735452">
        <ele>87</ele>
      </trkpt>
      <trkpt lat="41.160282" lon="0.734752">
        <ele>87.01</ele>
      </trkpt>
      <trkpt lat="41.159987" lon="0.734492">
        <ele>87.32</ele>
      </trkpt>
      <trkpt lat="41.159863" lon="0.7344">
        <ele>87.34</ele>
      </trkpt>
      <trkpt lat="41.159523" lon="0.734147">
        <ele>87.37</ele>
      </trkpt>
      <trkpt lat="41.159412" lon="0.734035">
        <ele>87.67</ele>
      </trkpt>
      <trkpt lat="41.159316" lon="0.733893">
        <ele>88.19</ele>
      </trkpt>
      <trkpt lat="41.159149" lon="0.733593">
        <ele>88.26</ele>
      </trkpt>
      <trkpt lat="41.158785" lon="0.733047">
        <ele>92.05</ele>
      </trkpt>
      <trkpt lat="41.158373" lon="0.732364">
        <ele>99.92</ele>
      </trkpt>
      <trkpt lat="41.158274" lon="0.732176">
        <ele>101.96</ele>
      </trkpt>
      <trkpt lat="41.158191" lon="0.731966">
        <ele>104.11</ele>
      </trkpt>
      <trkpt lat="41.158169" lon="0.731878">
        <ele>104.61</ele>
      </trkpt>
      <trkpt lat="41.158074" lon="0.73124">
        <ele>109.95</ele>
      </trkpt>
      <trkpt lat="41.158037" lon="0.730692">
        <ele>113.15</ele>
      </trkpt>
      <trkpt lat="41.158031" lon="0.730475">
        <ele>114.98</ele>
      </trkpt>
      <trkpt lat="41.158004" lon="0.730029">
        <ele>116.61</ele>
      </trkpt>
      <trkpt lat="41.157975" lon="0.729701">
        <ele>118.41</ele>
      </trkpt>
      <trkpt lat="41.157945" lon="0.729523">
        <ele>120.13</ele>
      </trkpt>
      <trkpt lat="41.157895" lon="0.72939">
        <ele>121.22</ele>
      </trkpt>
      <trkpt lat="41.15782" lon="0.729274">
        <ele>122.08</ele>
      </trkpt>
      <trkpt lat="41.157605" lon="0.729003">
        <ele>125.18</ele>
      </trkpt>
      <trkpt lat="41.157581" lon="0.728969">
        <ele>125.28</ele>
      </trkpt>
      <trkpt lat="41.15755" lon="0.728882">
        <ele>125.51</ele>
      </trkpt>
      <trkpt lat="41.157545" lon="0.72877">
        <ele>126.6</ele>
      </trkpt>
      <trkpt lat="41.15757" lon="0.728705">
        <ele>127.16</ele>
      </trkpt>
      <trkpt lat="41.157638" lon="0.728601">
        <ele>127.44</ele>
      </trkpt>
      <trkpt lat="41.157745" lon="0.72846">
        <ele>127.95</ele>
      </trkpt>
      <trkpt lat="41.157777" lon="0.72839">
        <ele>128.14</ele>
      </trkpt>
      <trkpt lat="41.157789" lon="0.728339">
        <ele>128.81</ele>
      </trkpt>
      <trkpt lat="41.157785" lon="0.727915">
        <ele>130.93</ele>
      </trkpt>
      <trkpt lat="41.157769" lon="0.727842">
        <ele>130.76</ele>
      </trkpt>
      <trkpt lat="41.15772" lon="0.727758">
        <ele>130.28</ele>
      </trkpt>
      <trkpt lat="41.15767" lon="0.72771">
        <ele>130</ele>
      </trkpt>
      <trkpt lat="41.157524" lon="0.727595">
        <ele>130.63</ele>
      </trkpt>
      <trkpt lat="41.157476" lon="0.727527">
        <ele>131.04</ele>
      </trkpt>
      <trkpt lat="41.157442" lon="0.727443">
        <ele>131.06</ele>
      </trkpt>
      <trkpt lat="41.157391" lon="0.727272">
        <ele>131.94</ele>
      </trkpt>
      <trkpt lat="41.157365" lon="0.727144">
        <ele>132.87</ele>
      </trkpt>
      <trkpt lat="41.157359" lon="0.727029">
        <ele>133.62</ele>
      </trkpt>
      <trkpt lat="41.157365" lon="0.726896">
        <ele>133.22</ele>
      </trkpt>
      <trkpt lat="41.157381" lon="0.726788">
        <ele>133.06</ele>
      </trkpt>
      <trkpt lat="41.15739" lon="0.726658">
        <ele>132.62</ele>
      </trkpt>
      <trkpt lat="41.157386" lon="0.726591">
        <ele>133.02</ele>
      </trkpt>
      <trkpt lat="41.157367" lon="0.726476">
        <ele>133.3</ele>
      </trkpt>
      <trkpt lat="41.157362" lon="0.726355">
        <ele>134.11</ele>
      </trkpt>
      <trkpt lat="41.157384" lon="0.726287">
        <ele>134.22</ele>
      </trkpt>
      <trkpt lat="41.157537" lon="0.726045">
        <ele>135.33</ele>
      </trkpt>
      <trkpt lat="41.157653" lon="0.725825">
        <ele>136.68</ele>
      </trkpt>
      <trkpt lat="41.157769" lon="0.725539">
        <ele>135.84</ele>
      </trkpt>
      <trkpt lat="41.157799" lon="0.725443">
        <ele>134.93</ele>
      </trkpt>
      <trkpt lat="41.157819" lon="0.725337">
        <ele>133.7</ele>
      </trkpt>
      <trkpt lat="41.157813" lon="0.725244">
        <ele>133.11</ele>
      </trkpt>
      <trkpt lat="41.15775" lon="0.72495">
        <ele>132.12</ele>
      </trkpt>
      <trkpt lat="41.157653" lon="0.724418">
        <ele>135.68</ele>
      </trkpt>
      <trkpt lat="41.157642" lon="0.724218">
        <ele>137.9</ele>
      </trkpt>
      <trkpt lat="41.157659" lon="0.724134">
        <ele>138.67</ele>
      </trkpt>
      <trkpt lat="41.157754" lon="0.72402">
        <ele>139.53</ele>
      </trkpt>
      <trkpt lat="41.157919" lon="0.723847">
        <ele>141.09</ele>
      </trkpt>
      <trkpt lat="41.158024" lon="0.723779">
        <ele>140.89</ele>
      </trkpt>
      <trkpt lat="41.158262" lon="0.723667">
        <ele>141.37</ele>
      </trkpt>
      <trkpt lat="41.158344" lon="0.723601">
        <ele>141.9</ele>
      </trkpt>
      <trkpt lat="41.158426" lon="0.723483">
        <ele>144.01</ele>
      </trkpt>
      <trkpt lat="41.158476" lon="0.723383">
        <ele>144.02</ele>
      </trkpt>
      <trkpt lat="41.158636" lon="0.722966">
        <ele>145.14</ele>
      </trkpt>
      <trkpt lat="41.158676" lon="0.722808">
        <ele>145.08</ele>
      </trkpt>
      <trkpt lat="41.158744" lon="0.722387">
        <ele>143.36</ele>
      </trkpt>
      <trkpt lat="41.158807" lon="0.722141">
        <ele>143.49</ele>
      </trkpt>
      <trkpt lat="41.159093" lon="0.721545">
        <ele>145.06</ele>
      </trkpt>
      <trkpt lat="41.159303" lon="0.721115">
        <ele>149.49</ele>
      </trkpt>
      <trkpt lat="41.159373" lon="0.720935">
        <ele>150.13</ele>
      </trkpt>
      <trkpt lat="41.159422" lon="0.720735">
        <ele>152.04</ele>
      </trkpt>
      <trkpt lat="41.159481" lon="0.720424">
        <ele>153.83</ele>
      </trkpt>
      <trkpt lat="41.159548" lon="0.720157">
        <ele>155.22</ele>
      </trkpt>
      <trkpt lat="41.159634" lon="0.719901">
        <ele>157.01</ele>
      </trkpt>
      <trkpt lat="41.159737" lon="0.719693">
        <ele>158.45</ele>
      </trkpt>
      <trkpt lat="41.159829" lon="0.719507">
        <ele>159.74</ele>
      </trkpt>
      <trkpt lat="41.159872" lon="0.719433">
        <ele>159.59</ele>
      </trkpt>
      <trkpt lat="41.159908" lon="0.71939">
        <ele>159.63</ele>
      </trkpt>
      <trkpt lat="41.159985" lon="0.719337">
        <ele>160.08</ele>
      </trkpt>
      <trkpt lat="41.160113" lon="0.719268">
        <ele>160.78</ele>
      </trkpt>
      <trkpt lat="41.160138" lon="0.719238">
        <ele>161.28</ele>
      </trkpt>
      <trkpt lat="41.160171" lon="0.719171">
        <ele>162.17</ele>
      </trkpt>
      <trkpt lat="41.160219" lon="0.719006">
        <ele>163.5</ele>
      </trkpt>
      <trkpt lat="41.16026" lon="0.718939">
        <ele>163.38</ele>
      </trkpt>
      <trkpt lat="41.16028" lon="0.718923">
        <ele>163.38</ele>
      </trkpt>
      <trkpt lat="41.160335" lon="0.718909">
        <ele>163.3</ele>
      </trkpt>
      <trkpt lat="41.160607" lon="0.71891">
        <ele>164.12</ele>
      </trkpt>
      <trkpt lat="41.160686" lon="0.718885">
        <ele>164.47</ele>
      </trkpt>
      <trkpt lat="41.160759" lon="0.718839">
        <ele>165.1</ele>
      </trkpt>
      <trkpt lat="41.160881" lon="0.718719">
        <ele>166.89</ele>
      </trkpt>
      <trkpt lat="41.161162" lon="0.71847">
        <ele>168.12</ele>
      </trkpt>
      <trkpt lat="41.161406" lon="0.71824">
        <ele>170.57</ele>
      </trkpt>
      <trkpt lat="41.161794" lon="0.717924">
        <ele>175.1</ele>
      </trkpt>
      <trkpt lat="41.161839" lon="0.717861">
        <ele>175.59</ele>
      </trkpt>
      <trkpt lat="41.161937" lon="0.717629">
        <ele>176.77</ele>
      </trkpt>
      <trkpt lat="41.161959" lon="0.717597">
        <ele>176.56</ele>
      </trkpt>
      <trkpt lat="41.162014" lon="0.717558">
        <ele>175.82</ele>
      </trkpt>
      <trkpt lat="41.162081" lon="0.717554">
        <ele>174.33</ele>
      </trkpt>
      <trkpt lat="41.162151" lon="0.717595">
        <ele>174.14</ele>
      </trkpt>
      <trkpt lat="41.162379" lon="0.717812">
        <ele>175.31</ele>
      </trkpt>
      <trkpt lat="41.162448" lon="0.717837">
        <ele>175.62</ele>
      </trkpt>
      <trkpt lat="41.162527" lon="0.717815">
        <ele>176.1</ele>
      </trkpt>
      <trkpt lat="41.162599" lon="0.717756">
        <ele>176.82</ele>
      </trkpt>
      <trkpt lat="41.162639" lon="0.717709">
        <ele>177.47</ele>
      </trkpt>
      <trkpt lat="41.16267" lon="0.71766">
        <ele>178.16</ele>
      </trkpt>
      <trkpt lat="41.162691" lon="0.717607">
        <ele>178.94</ele>
      </trkpt>
      <trkpt lat="41.162703" lon="0.717553">
        <ele>179.55</ele>
      </trkpt>
      <trkpt lat="41.162725" lon="0.717343">
        <ele>180.12</ele>
      </trkpt>
      <trkpt lat="41.162738" lon="0.71728">
        <ele>179.79</ele>
      </trkpt>
      <trkpt lat="41.162776" lon="0.717197">
        <ele>179.04</ele>
      </trkpt>
      <trkpt lat="41.162808" lon="0.717154">
        <ele>178.69</ele>
      </trkpt>
      <trkpt lat="41.162851" lon="0.717117">
        <ele>178.39</ele>
      </trkpt>
      <trkpt lat="41.162937" lon="0.71707">
        <ele>178.19</ele>
      </trkpt>
      <trkpt lat="41.16302" lon="0.71705">
        <ele>178.58</ele>
      </trkpt>
      <trkpt lat="41.16308" lon="0.717062">
        <ele>179.34</ele>
      </trkpt>
      <trkpt lat="41.163129" lon="0.717097">
        <ele>179.98</ele>
      </trkpt>
      <trkpt lat="41.163168" lon="0.717168">
        <ele>180.64</ele>
      </trkpt>
      <trkpt lat="41.163202" lon="0.717282">
        <ele>180.74</ele>
      </trkpt>
      <trkpt lat="41.163241" lon="0.717455">
        <ele>181.08</ele>
      </trkpt>
      <trkpt lat="41.163278" lon="0.717554">
        <ele>180.98</ele>
      </trkpt>
      <trkpt lat="41.163314" lon="0.71761">
        <ele>180.68</ele>
      </trkpt>
      <trkpt lat="41.163348" lon="0.717641">
        <ele>180.52</ele>
      </trkpt>
      <trkpt lat="41.163417" lon="0.717665">
        <ele>180.46</ele>
      </trkpt>
      <trkpt lat="41.163538" lon="0.717628">
        <ele>181.59</ele>
      </trkpt>
      <trkpt lat="41.163674" lon="0.717557">
        <ele>181.91</ele>
      </trkpt>
      <trkpt lat="41.163766" lon="0.717475">
        <ele>182.35</ele>
      </trkpt>
      <trkpt lat="41.163806" lon="0.717433">
        <ele>182.63</ele>
      </trkpt>
      <trkpt lat="41.164104" lon="0.717029">
        <ele>184.39</ele>
      </trkpt>
      <trkpt lat="41.164289" lon="0.716743">
        <ele>185.39</ele>
      </trkpt>
      <trkpt lat="41.164355" lon="0.716671">
        <ele>185.41</ele>
      </trkpt>
      <trkpt lat="41.164417" lon="0.716637">
        <ele>185.37</ele>
      </trkpt>
      <trkpt lat="41.164454" lon="0.716629">
        <ele>185.95</ele>
      </trkpt>
      <trkpt lat="41.164513" lon="0.716634">
        <ele>186.58</ele>
      </trkpt>
      <trkpt lat="41.164565" lon="0.716677">
        <ele>187.28</ele>
      </trkpt>
      <trkpt lat="41.164605" lon="0.71677">
        <ele>187.93</ele>
      </trkpt>
      <trkpt lat="41.164663" lon="0.716951">
        <ele>187.96</ele>
      </trkpt>
      <trkpt lat="41.164684" lon="0.716995">
        <ele>187.95</ele>
      </trkpt>
      <trkpt lat="41.164735" lon="0.717064">
        <ele>187.86</ele>
      </trkpt>
      <trkpt lat="41.164797" lon="0.717096">
        <ele>188.26</ele>
      </trkpt>
      <trkpt lat="41.164873" lon="0.717103">
        <ele>188.6</ele>
      </trkpt>
      <trkpt lat="41.164944" lon="0.71708">
        <ele>189.25</ele>
      </trkpt>
      <trkpt lat="41.164971" lon="0.71706">
        <ele>189.3</ele>
      </trkpt>
      <trkpt lat="41.164995" lon="0.717024">
        <ele>189.49</ele>
      </trkpt>
      <trkpt lat="41.16502" lon="0.716917">
        <ele>190.49</ele>
      </trkpt>
      <trkpt lat="41.165014" lon="0.716344">
        <ele>193.06</ele>
      </trkpt>
      <trkpt lat="41.165026" lon="0.715826">
        <ele>194.01</ele>
      </trkpt>
      <trkpt lat="41.165038" lon="0.715342">
        <ele>193.38</ele>
      </trkpt>
      <trkpt lat="41.165043" lon="0.715268">
        <ele>193.15</ele>
      </trkpt>
      <trkpt lat="41.165063" lon="0.715162">
        <ele>192.95</ele>
      </trkpt>
      <trkpt lat="41.165107" lon="0.715059">
        <ele>192.94</ele>
      </trkpt>
      <trkpt lat="41.165216" lon="0.714889">
        <ele>194.81</ele>
      </trkpt>
      <trkpt lat="41.165266" lon="0.714784">
        <ele>196.45</ele>
      </trkpt>
      <trkpt lat="41.165296" lon="0.71468">
        <ele>198.18</ele>
      </trkpt>
      <trkpt lat="41.165349" lon="0.71441">
        <ele>200.3</ele>
      </trkpt>
      <trkpt lat="41.165389" lon="0.714286">
        <ele>200.45</ele>
      </trkpt>
      <trkpt lat="41.165454" lon="0.714172">
        <ele>199.95</ele>
      </trkpt>
      <trkpt lat="41.165643" lon="0.713923">
        <ele>200.9</ele>
      </trkpt>
      <trkpt lat="41.165678" lon="0.713849">
        <ele>201.56</ele>
      </trkpt>
      <trkpt lat="41.165713" lon="0.713748">
        <ele>203.26</ele>
      </trkpt>
      <trkpt lat="41.165728" lon="0.713631">
        <ele>204.21</ele>
      </trkpt>
      <trkpt lat="41.165711" lon="0.713544">
        <ele>205.36</ele>
      </trkpt>
      <trkpt lat="41.165637" lon="0.713365">
        <ele>206.48</ele>
      </trkpt>
      <trkpt lat="41.165544" lon="0.713163">
        <ele>208.21</ele>
      </trkpt>
      <trkpt lat="41.16547" lon="0.71304">
        <ele>209.46</ele>
      </trkpt>
      <trkpt lat="41.165334" lon="0.712899">
        <ele>209.91</ele>
      </trkpt>
      <trkpt lat="41.16496" lon="0.712654">
        <ele>213.98</ele>
      </trkpt>
      <trkpt lat="41.164925" lon="0.712612">
        <ele>215.26</ele>
      </trkpt>
      <trkpt lat="41.164911" lon="0.712541">
        <ele>216.98</ele>
      </trkpt>
      <trkpt lat="41.164918" lon="0.712468">
        <ele>218.27</ele>
      </trkpt>
      <trkpt lat="41.164944" lon="0.712382">
        <ele>219.78</ele>
      </trkpt>
      <trkpt lat="41.164996" lon="0.71228">
        <ele>221.57</ele>
      </trkpt>
      <trkpt lat="41.165018" lon="0.712236">
        <ele>222.34</ele>
      </trkpt>
      <trkpt lat="41.165055" lon="0.712131">
        <ele>222.09</ele>
      </trkpt>
      <trkpt lat="41.165072" lon="0.712024">
        <ele>221.72</ele>
      </trkpt>
      <trkpt lat="41.165116" lon="0.711566">
        <ele>217.68</ele>
      </trkpt>
      <trkpt lat="41.16515" lon="0.711313">
        <ele>216.21</ele>
      </trkpt>
      <trkpt lat="41.165221" lon="0.711087">
        <ele>214.83</ele>
      </trkpt>
      <trkpt lat="41.165311" lon="0.710847">
        <ele>213.03</ele>
      </trkpt>
      <trkpt lat="41.165343" lon="0.710715">
        <ele>211.96</ele>
      </trkpt>
      <trkpt lat="41.165323" lon="0.710544">
        <ele>211.1</ele>
      </trkpt>
      <trkpt lat="41.165263" lon="0.710244">
        <ele>211.1</ele>
      </trkpt>
      <trkpt lat="41.165258" lon="0.710118">
        <ele>210.52</ele>
      </trkpt>
      <trkpt lat="41.165271" lon="0.709896">
        <ele>208.21</ele>
      </trkpt>
      <trkpt lat="41.165258" lon="0.709718">
        <ele>206.59</ele>
      </trkpt>
      <trkpt lat="41.165186" lon="0.709338">
        <ele>204.21</ele>
      </trkpt>
      <trkpt lat="41.165093" lon="0.708925">
        <ele>202.67</ele>
      </trkpt>
      <trkpt lat="41.165074" lon="0.708794">
        <ele>201.56</ele>
      </trkpt>
      <trkpt lat="41.165073" lon="0.708688">
        <ele>199.85</ele>
      </trkpt>
      <trkpt lat="41.1651" lon="0.708596">
        <ele>198.23</ele>
      </trkpt>
      <trkpt lat="41.165189" lon="0.708456">
        <ele>196.99</ele>
      </trkpt>
      <trkpt lat="41.165286" lon="0.708282">
        <ele>195.43</ele>
      </trkpt>
      <trkpt lat="41.165352" lon="0.708212">
        <ele>194.55</ele>
      </trkpt>
      <trkpt lat="41.165474" lon="0.708125">
        <ele>193.44</ele>
      </trkpt>
      <trkpt lat="41.165517" lon="0.708064">
        <ele>192.67</ele>
      </trkpt>
      <trkpt lat="41.165545" lon="0.707941">
        <ele>190.74</ele>
      </trkpt>
      <trkpt lat="41.165576" lon="0.707723">
        <ele>191.25</ele>
      </trkpt>
      <trkpt lat="41.165591" lon="0.707681">
        <ele>191.76</ele>
      </trkpt>
      <trkpt lat="41.165621" lon="0.707636">
        <ele>192.69</ele>
      </trkpt>
      <trkpt lat="41.165695" lon="0.707575">
        <ele>194.62</ele>
      </trkpt>
      <trkpt lat="41.165775" lon="0.707536">
        <ele>196.03</ele>
      </trkpt>
      <trkpt lat="41.165847" lon="0.707486">
        <ele>196.9</ele>
      </trkpt>
      <trkpt lat="41.165931" lon="0.707413">
        <ele>197.46</ele>
      </trkpt>
      <trkpt lat="41.166015" lon="0.707336">
        <ele>198.93</ele>
      </trkpt>
      <trkpt lat="41.166095" lon="0.70725">
        <ele>199.01</ele>
      </trkpt>
      <trkpt lat="41.166176" lon="0.707143">
        <ele>201.33</ele>
      </trkpt>
      <trkpt lat="41.166213" lon="0.707048">
        <ele>201.81</ele>
      </trkpt>
      <trkpt lat="41.166283" lon="0.706703">
        <ele>203.43</ele>
      </trkpt>
      <trkpt lat="41.166398" lon="0.706392">
        <ele>207.68</ele>
      </trkpt>
      <trkpt lat="41.166402" lon="0.706362">
        <ele>208.09</ele>
      </trkpt>
      <trkpt lat="41.166393" lon="0.706295">
        <ele>208.52</ele>
      </trkpt>
      <trkpt lat="41.166362" lon="0.706236">
        <ele>208.82</ele>
      </trkpt>
      <trkpt lat="41.166328" lon="0.706205">
        <ele>209.02</ele>
      </trkpt>
      <trkpt lat="41.166248" lon="0.706166">
        <ele>209.34</ele>
      </trkpt>
      <trkpt lat="41.166119" lon="0.706153">
        <ele>211.37</ele>
      </trkpt>
      <trkpt lat="41.16606" lon="0.706147">
        <ele>212.3</ele>
      </trkpt>
      <trkpt lat="41.165824" lon="0.706166">
        <ele>215.83</ele>
      </trkpt>
      <trkpt lat="41.165761" lon="0.706129">
        <ele>217.24</ele>
      </trkpt>
      <trkpt lat="41.165733" lon="0.706079">
        <ele>218.25</ele>
      </trkpt>
      <trkpt lat="41.165737" lon="0.706023">
        <ele>218.96</ele>
      </trkpt>
      <trkpt lat="41.16575" lon="0.705988">
        <ele>219.29</ele>
      </trkpt>
      <trkpt lat="41.165841" lon="0.705831">
        <ele>219.74</ele>
      </trkpt>
      <trkpt lat="41.165912" lon="0.705596">
        <ele>222.65</ele>
      </trkpt>
      <trkpt lat="41.165941" lon="0.705522">
        <ele>222.95</ele>
      </trkpt>
      <trkpt lat="41.166018" lon="0.705423">
        <ele>223.26</ele>
      </trkpt>
      <trkpt lat="41.166087" lon="0.705365">
        <ele>223.08</ele>
      </trkpt>
      <trkpt lat="41.166242" lon="0.705254">
        <ele>225.32</ele>
      </trkpt>
      <trkpt lat="41.166284" lon="0.705187">
        <ele>226.47</ele>
      </trkpt>
      <trkpt lat="41.166301" lon="0.705093">
        <ele>227.37</ele>
      </trkpt>
      <trkpt lat="41.166757" lon="0.705103">
        <ele>226.24</ele>
      </trkpt>
      <trkpt lat="41.16704" lon="0.70511">
        <ele>225.54</ele>
      </trkpt>
      <trkpt lat="41.167123" lon="0.705123">
        <ele>225.72</ele>
      </trkpt>
      <trkpt lat="41.167179" lon="0.705148">
        <ele>225.76</ele>
      </trkpt>
      <trkpt lat="41.167242" lon="0.70519">
        <ele>225.83</ele>
      </trkpt>
      <trkpt lat="41.167292" lon="0.705245">
        <ele>225.51</ele>
      </trkpt>
      <trkpt lat="41.167352" lon="0.705344">
        <ele>225.46</ele>
      </trkpt>
      <trkpt lat="41.167382" lon="0.70542">
        <ele>225.85</ele>
      </trkpt>
      <trkpt lat="41.167401" lon="0.705499">
        <ele>226.15</ele>
      </trkpt>
      <trkpt lat="41.167414" lon="0.705625">
        <ele>226.9</ele>
      </trkpt>
      <trkpt lat="41.167406" lon="0.705709">
        <ele>227.27</ele>
      </trkpt>
      <trkpt lat="41.167374" lon="0.705837">
        <ele>227.48</ele>
      </trkpt>
      <trkpt lat="41.167258" lon="0.706145">
        <ele>228.48</ele>
      </trkpt>
      <trkpt lat="41.16725" lon="0.706185">
        <ele>228.54</ele>
      </trkpt>
      <trkpt lat="41.167255" lon="0.706273">
        <ele>228.24</ele>
      </trkpt>
      <trkpt lat="41.167287" lon="0.706364">
        <ele>227.9</ele>
      </trkpt>
      <trkpt lat="41.167383" lon="0.706499">
        <ele>228.6</ele>
      </trkpt>
      <trkpt lat="41.167779" lon="0.706954">
        <ele>232.74</ele>
      </trkpt>
      <trkpt lat="41.167828" lon="0.706996">
        <ele>233.06</ele>
      </trkpt>
      <trkpt lat="41.167967" lon="0.707045">
        <ele>233.52</ele>
      </trkpt>
      <trkpt lat="41.16837" lon="0.7071">
        <ele>231.43</ele>
      </trkpt>
      <trkpt lat="41.168462" lon="0.707132">
        <ele>231.14</ele>
      </trkpt>
      <trkpt lat="41.168508" lon="0.707156">
        <ele>231.36</ele>
      </trkpt>
      <trkpt lat="41.168553" lon="0.707194">
        <ele>231.33</ele>
      </trkpt>
      <trkpt lat="41.168598" lon="0.70725">
        <ele>231.07</ele>
      </trkpt>
      <trkpt lat="41.168638" lon="0.70732">
        <ele>231</ele>
      </trkpt>
      <trkpt lat="41.16882" lon="0.707688">
        <ele>231.53</ele>
      </trkpt>
      <trkpt lat="41.168878" lon="0.707823">
        <ele>230.36</ele>
      </trkpt>
      <trkpt lat="41.168928" lon="0.707965">
        <ele>229.86</ele>
      </trkpt>
      <trkpt lat="41.168978" lon="0.708157">
        <ele>228.87</ele>
      </trkpt>
      <trkpt lat="41.169067" lon="0.708574">
        <ele>228.45</ele>
      </trkpt>
      <trkpt lat="41.169112" lon="0.70871">
        <ele>228.61</ele>
      </trkpt>
      <trkpt lat="41.169139" lon="0.708761">
        <ele>228.74</ele>
      </trkpt>
      <trkpt lat="41.16918" lon="0.708811">
        <ele>228.82</ele>
      </trkpt>
      <trkpt lat="41.169225" lon="0.70884">
        <ele>228.88</ele>
      </trkpt>
      <trkpt lat="41.169351" lon="0.708863">
        <ele>227.73</ele>
      </trkpt>
      <trkpt lat="41.169429" lon="0.708854">
        <ele>227.11</ele>
      </trkpt>
      <trkpt lat="41.169485" lon="0.70883">
        <ele>226.93</ele>
      </trkpt>
      <trkpt lat="41.169551" lon="0.708788">
        <ele>226.64</ele>
      </trkpt>
      <trkpt lat="41.169829" lon="0.708612">
        <ele>225.43</ele>
      </trkpt>
      <trkpt lat="41.170001" lon="0.708525">
        <ele>225.73</ele>
      </trkpt>
      <trkpt lat="41.170081" lon="0.708513">
        <ele>226.19</ele>
      </trkpt>
      <trkpt lat="41.170314" lon="0.7085">
        <ele>224.63</ele>
      </trkpt>
      <trkpt lat="41.170927" lon="0.708486">
        <ele>220.18</ele>
      </trkpt>
      <trkpt lat="41.171007" lon="0.708503">
        <ele>219.26</ele>
      </trkpt>
      <trkpt lat="41.171062" lon="0.708531">
        <ele>217.89</ele>
      </trkpt>
      <trkpt lat="41.171134" lon="0.708581">
        <ele>214.95</ele>
      </trkpt>
      <trkpt lat="41.171241" lon="0.708674">
        <ele>214.9</ele>
      </trkpt>
      <trkpt lat="41.171335" lon="0.708779">
        <ele>216.89</ele>
      </trkpt>
      <trkpt lat="41.171383" lon="0.708881">
        <ele>218.43</ele>
      </trkpt>
      <trkpt lat="41.171393" lon="0.708926">
        <ele>218.71</ele>
      </trkpt>
      <trkpt lat="41.171396" lon="0.709055">
        <ele>219.28</ele>
      </trkpt>
      <trkpt lat="41.17135" lon="0.709381">
        <ele>220.84</ele>
      </trkpt>
      <trkpt lat="41.171291" lon="0.709629">
        <ele>222</ele>
      </trkpt>
      <trkpt lat="41.171164" lon="0.709979">
        <ele>224.14</ele>
      </trkpt>
      <trkpt lat="41.171146" lon="0.710081">
        <ele>224.45</ele>
      </trkpt>
      <trkpt lat="41.171139" lon="0.710288">
        <ele>225.46</ele>
      </trkpt>
      <trkpt lat="41.171144" lon="0.711399">
        <ele>234.08</ele>
      </trkpt>
      <trkpt lat="41.171139" lon="0.711477">
        <ele>234.47</ele>
      </trkpt>
      <trkpt lat="41.171117" lon="0.71161">
        <ele>235.22</ele>
      </trkpt>
      <trkpt lat="41.170979" lon="0.711981">
        <ele>237.12</ele>
      </trkpt>
      <trkpt lat="41.17094" lon="0.712139">
        <ele>237.89</ele>
      </trkpt>
      <trkpt lat="41.170939" lon="0.712235">
        <ele>238.76</ele>
      </trkpt>
      <trkpt lat="41.17101" lon="0.7126">
        <ele>242.17</ele>
      </trkpt>
      <trkpt lat="41.171018" lon="0.712739">
        <ele>243.83</ele>
      </trkpt>
      <trkpt lat="41.170995" lon="0.712858">
        <ele>245.24</ele>
      </trkpt>
      <trkpt lat="41.170932" lon="0.713007">
        <ele>246.16</ele>
      </trkpt>
      <trkpt lat="41.170897" lon="0.713133">
        <ele>246.07</ele>
      </trkpt>
      <trkpt lat="41.170899" lon="0.713191">
        <ele>246.05</ele>
      </trkpt>
      <trkpt lat="41.17092" lon="0.713304">
        <ele>245.68</ele>
      </trkpt>
      <trkpt lat="41.171069" lon="0.713581">
        <ele>245.19</ele>
      </trkpt>
      <trkpt lat="41.171126" lon="0.713657">
        <ele>245.2</ele>
      </trkpt>
      <trkpt lat="41.171202" lon="0.713715">
        <ele>245.51</ele>
      </trkpt>
      <trkpt lat="41.171566" lon="0.713824">
        <ele>242.39</ele>
      </trkpt>
      <trkpt lat="41.172036" lon="0.713952">
        <ele>240.26</ele>
      </trkpt>
      <trkpt lat="41.172293" lon="0.713981">
        <ele>238.52</ele>
      </trkpt>
      <trkpt lat="41.172408" lon="0.714014">
        <ele>238.22</ele>
      </trkpt>
      <trkpt lat="41.17251" lon="0.714071">
        <ele>237.69</ele>
      </trkpt>
      <trkpt lat="41.172572" lon="0.714126">
        <ele>237.21</ele>
      </trkpt>
      <trkpt lat="41.172662" lon="0.71422">
        <ele>236.77</ele>
      </trkpt>
      <trkpt lat="41.172689" lon="0.71426">
        <ele>236.58</ele>
      </trkpt>
      <trkpt lat="41.172704" lon="0.714302">
        <ele>236.13</ele>
      </trkpt>
      <trkpt lat="41.172897" lon="0.714362">
        <ele>237.71</ele>
      </trkpt>
      <trkpt lat="41.172935" lon="0.714354">
        <ele>238.31</ele>
      </trkpt>
      <trkpt lat="41.172977" lon="0.714319">
        <ele>239.6</ele>
      </trkpt>
      <trkpt lat="41.173018" lon="0.714258">
        <ele>240.97</ele>
      </trkpt>
      <trkpt lat="41.173057" lon="0.714244">
        <ele>241.15</ele>
      </trkpt>
      <trkpt lat="41.1732" lon="0.714227">
        <ele>242.53</ele>
      </trkpt>
      <trkpt lat="41.173242" lon="0.714195">
        <ele>243.54</ele>
      </trkpt>
      <trkpt lat="41.173384" lon="0.714086">
        <ele>246.93</ele>
      </trkpt>
      <trkpt lat="41.173459" lon="0.714034">
        <ele>247.3</ele>
      </trkpt>
      <trkpt lat="41.173512" lon="0.714015">
        <ele>247.65</ele>
      </trkpt>
      <trkpt lat="41.173578" lon="0.714013">
        <ele>248.19</ele>
      </trkpt>
      <trkpt lat="41.173647" lon="0.714033">
        <ele>248.48</ele>
      </trkpt>
      <trkpt lat="41.173723" lon="0.714095">
        <ele>248.35</ele>
      </trkpt>
      <trkpt lat="41.174132" lon="0.714685">
        <ele>247.81</ele>
      </trkpt>
      <trkpt lat="41.174231" lon="0.714827">
        <ele>249.9</ele>
      </trkpt>
      <trkpt lat="41.174288" lon="0.714966">
        <ele>250.01</ele>
      </trkpt>
      <trkpt lat="41.174369" lon="0.715206">
        <ele>251.89</ele>
      </trkpt>
      <trkpt lat="41.174413" lon="0.715307">
        <ele>252.87</ele>
      </trkpt>
      <trkpt lat="41.174483" lon="0.715433">
        <ele>255.25</ele>
      </trkpt>
      <trkpt lat="41.174533" lon="0.715626">
        <ele>255.92</ele>
      </trkpt>
      <trkpt lat="41.174572" lon="0.715726">
        <ele>255.21</ele>
      </trkpt>
      <trkpt lat="41.17476" lon="0.716071">
        <ele>253.61</ele>
      </trkpt>
      <trkpt lat="41.174836" lon="0.716194">
        <ele>254.11</ele>
      </trkpt>
      <trkpt lat="41.174844" lon="0.716233">
        <ele>254.55</ele>
      </trkpt>
      <trkpt lat="41.174822" lon="0.716622">
        <ele>254.11</ele>
      </trkpt>
      <trkpt lat="41.174827" lon="0.716748">
        <ele>253.87</ele>
      </trkpt>
      <trkpt lat="41.174846" lon="0.716856">
        <ele>254.13</ele>
      </trkpt>
      <trkpt lat="41.17487" lon="0.716938">
        <ele>254.39</ele>
      </trkpt>
      <trkpt lat="41.174906" lon="0.71701">
        <ele>254.75</ele>
      </trkpt>
      <trkpt lat="41.174953" lon="0.717081">
        <ele>254.99</ele>
      </trkpt>
      <trkpt lat="41.175057" lon="0.717188">
        <ele>255.68</ele>
      </trkpt>
      <trkpt lat="41.175155" lon="0.717376">
        <ele>255.54</ele>
      </trkpt>
      <trkpt lat="41.175214" lon="0.717447">
        <ele>256.51</ele>
      </trkpt>
      <trkpt lat="41.175287" lon="0.717519">
        <ele>257.21</ele>
      </trkpt>
      <trkpt lat="41.175553" lon="0.717869">
        <ele>262.32</ele>
      </trkpt>
      <trkpt lat="41.175635" lon="0.71794">
        <ele>263.49</ele>
      </trkpt>
      <trkpt lat="41.175724" lon="0.717957">
        <ele>265.63</ele>
      </trkpt>
      <trkpt lat="41.175821" lon="0.717944">
        <ele>267.98</ele>
      </trkpt>
      <trkpt lat="41.175876" lon="0.717969">
        <ele>268.97</ele>
      </trkpt>
      <trkpt lat="41.175898" lon="0.718007">
        <ele>269.5</ele>
      </trkpt>
      <trkpt lat="41.175906" lon="0.718046">
        <ele>269.78</ele>
      </trkpt>
      <trkpt lat="41.175906" lon="0.718118">
        <ele>270.08</ele>
      </trkpt>
      <trkpt lat="41.175895" lon="0.718346">
        <ele>272.24</ele>
      </trkpt>
      <trkpt lat="41.175876" lon="0.718447">
        <ele>273.48</ele>
      </trkpt>
      <trkpt lat="41.175856" lon="0.718518">
        <ele>274.64</ele>
      </trkpt>
      <trkpt lat="41.17583" lon="0.718571">
        <ele>275.46</ele>
      </trkpt>
      <trkpt lat="41.175743" lon="0.718704">
        <ele>275.01</ele>
      </trkpt>
      <trkpt lat="41.17573" lon="0.71875">
        <ele>275.25</ele>
      </trkpt>
      <trkpt lat="41.17573" lon="0.7188">
        <ele>275.8</ele>
      </trkpt>
      <trkpt lat="41.175818" lon="0.719031">
        <ele>278.24</ele>
      </trkpt>
      <trkpt lat="41.175942" lon="0.71937">
        <ele>279.65</ele>
      </trkpt>
      <trkpt lat="41.17604" lon="0.719534">
        <ele>279.73</ele>
      </trkpt>
      <trkpt lat="41.176069" lon="0.719606">
        <ele>279.47</ele>
      </trkpt>
      <trkpt lat="41.176124" lon="0.719814">
        <ele>278.74</ele>
      </trkpt>
      <trkpt lat="41.176181" lon="0.719961">
        <ele>278.03</ele>
      </trkpt>
      <trkpt lat="41.176267" lon="0.72007">
        <ele>278.68</ele>
      </trkpt>
      <trkpt lat="41.176342" lon="0.720144">
        <ele>278.81</ele>
      </trkpt>
      <trkpt lat="41.176391" lon="0.72018">
        <ele>279.3</ele>
      </trkpt>
      <trkpt lat="41.176504" lon="0.720228">
        <ele>280.27</ele>
      </trkpt>
      <trkpt lat="41.176549" lon="0.720264">
        <ele>280.3</ele>
      </trkpt>
      <trkpt lat="41.176577" lon="0.720306">
        <ele>280.15</ele>
      </trkpt>
      <trkpt lat="41.176678" lon="0.72057">
        <ele>281.97</ele>
      </trkpt>
      <trkpt lat="41.176787" lon="0.720953">
        <ele>282.37</ele>
      </trkpt>
      <trkpt lat="41.176824" lon="0.721057">
        <ele>282.76</ele>
      </trkpt>
      <trkpt lat="41.176858" lon="0.721132">
        <ele>283.2</ele>
      </trkpt>
      <trkpt lat="41.176989" lon="0.721347">
        <ele>284.67</ele>
      </trkpt>
      <trkpt lat="41.177064" lon="0.721508">
        <ele>286.24</ele>
      </trkpt>
      <trkpt lat="41.177249" lon="0.722163">
        <ele>287.61</ele>
      </trkpt>
      <trkpt lat="41.177274" lon="0.722215">
        <ele>287.69</ele>
      </trkpt>
      <trkpt lat="41.177296" lon="0.722241">
        <ele>287.8</ele>
      </trkpt>
      <trkpt lat="41.177323" lon="0.722252">
        <ele>288.02</ele>
      </trkpt>
      <trkpt lat="41.177605" lon="0.722359">
        <ele>290.23</ele>
      </trkpt>
      <trkpt lat="41.177846" lon="0.722382">
        <ele>292.61</ele>
      </trkpt>
      <trkpt lat="41.177987" lon="0.722379">
        <ele>294.82</ele>
      </trkpt>
      <trkpt lat="41.17814" lon="0.722353">
        <ele>296.65</ele>
      </trkpt>
      <trkpt lat="41.178261" lon="0.722308">
        <ele>297.92</ele>
      </trkpt>
      <trkpt lat="41.178388" lon="0.722248">
        <ele>299.58</ele>
      </trkpt>
      <trkpt lat="41.178498" lon="0.722226">
        <ele>300.69</ele>
      </trkpt>
      <trkpt lat="41.178804" lon="0.72219">
        <ele>303.46</ele>
      </trkpt>
      <trkpt lat="41.17922" lon="0.722049">
        <ele>305.56</ele>
      </trkpt>
      <trkpt lat="41.179535" lon="0.721798">
        <ele>308.38</ele>
      </trkpt>
      <trkpt lat="41.179627" lon="0.721738">
        <ele>308.95</ele>
      </trkpt>
      <trkpt lat="41.179689" lon="0.721719">
        <ele>308.79</ele>
      </trkpt>
      <trkpt lat="41.179792" lon="0.721721">
        <ele>309.47</ele>
      </trkpt>
      <trkpt lat="41.17988" lon="0.72176">
        <ele>309.6</ele>
      </trkpt>
      <trkpt lat="41.179973" lon="0.721819">
        <ele>309.94</ele>
      </trkpt>
      <trkpt lat="41.180392" lon="0.722315">
        <ele>309.53</ele>
      </trkpt>
      <trkpt lat="41.180609" lon="0.722587">
        <ele>311.14</ele>
      </trkpt>
      <trkpt lat="41.180667" lon="0.72264">
        <ele>311.93</ele>
      </trkpt>
      <trkpt lat="41.181177" lon="0.723031">
        <ele>316.51</ele>
      </trkpt>
      <trkpt lat="41.181419" lon="0.723197">
        <ele>318.46</ele>
      </trkpt>
      <trkpt lat="41.181443" lon="0.723231">
        <ele>318.73</ele>
      </trkpt>
      <trkpt lat="41.181463" lon="0.723282">
        <ele>319.09</ele>
      </trkpt>
      <trkpt lat="41.181527" lon="0.723592">
        <ele>320.39</ele>
      </trkpt>
      <trkpt lat="41.18157" lon="0.723645">
        <ele>321.22</ele>
      </trkpt>
      <trkpt lat="41.181672" lon="0.723702">
        <ele>323.78</ele>
      </trkpt>
      <trkpt lat="41.181732" lon="0.72371">
        <ele>325.55</ele>
      </trkpt>
      <trkpt lat="41.181764" lon="0.723691">
        <ele>326.3</ele>
      </trkpt>
      <trkpt lat="41.181804" lon="0.723637">
        <ele>327.77</ele>
      </trkpt>
      <trkpt lat="41.181863" lon="0.723521">
        <ele>329.45</ele>
      </trkpt>
      <trkpt lat="41.181978" lon="0.723387">
        <ele>332.01</ele>
      </trkpt>
      <trkpt lat="41.182018" lon="0.723352">
        <ele>332.56</ele>
      </trkpt>
      <trkpt lat="41.182104" lon="0.723301">
        <ele>331.94</ele>
      </trkpt>
      <trkpt lat="41.18217" lon="0.723298">
        <ele>332.33</ele>
      </trkpt>
      <trkpt lat="41.182246" lon="0.723358">
        <ele>333.23</ele>
      </trkpt>
      <trkpt lat="41.182423" lon="0.723567">
        <ele>336.42</ele>
      </trkpt>
      <trkpt lat="41.1825" lon="0.723618">
        <ele>337.98</ele>
      </trkpt>
      <trkpt lat="41.182565" lon="0.72365">
        <ele>339.08</ele>
      </trkpt>
      <trkpt lat="41.182796" lon="0.723681">
        <ele>341.03</ele>
      </trkpt>
      <trkpt lat="41.182876" lon="0.723711">
        <ele>343.65</ele>
      </trkpt>
      <trkpt lat="41.182897" lon="0.723738">
        <ele>344.66</ele>
      </trkpt>
      <trkpt lat="41.182908" lon="0.723773">
        <ele>345.59</ele>
      </trkpt>
      <trkpt lat="41.182907" lon="0.72382">
        <ele>346.37</ele>
      </trkpt>
      <trkpt lat="41.182895" lon="0.723857">
        <ele>346.65</ele>
      </trkpt>
      <trkpt lat="41.18287" lon="0.723877">
        <ele>346.24</ele>
      </trkpt>
      <trkpt lat="41.182803" lon="0.723888">
        <ele>344.35</ele>
      </trkpt>
      <trkpt lat="41.182466" lon="0.723841">
        <ele>346.27</ele>
      </trkpt>
      <trkpt lat="41.182431" lon="0.723853">
        <ele>346.89</ele>
      </trkpt>
      <trkpt lat="41.182368" lon="0.723895">
        <ele>347.81</ele>
      </trkpt>
      <trkpt lat="41.182326" lon="0.723952">
        <ele>348.7</ele>
      </trkpt>
      <trkpt lat="41.182287" lon="0.724073">
        <ele>350.54</ele>
      </trkpt>
      <trkpt lat="41.182268" lon="0.724272">
        <ele>352.34</ele>
      </trkpt>
      <trkpt lat="41.18227" lon="0.724374">
        <ele>352.51</ele>
      </trkpt>
      <trkpt lat="41.182288" lon="0.724614">
        <ele>355.22</ele>
      </trkpt>
      <trkpt lat="41.182285" lon="0.724693">
        <ele>355.26</ele>
      </trkpt>
      <trkpt lat="41.182291" lon="0.724754">
        <ele>355.57</ele>
      </trkpt>
      <trkpt lat="41.1826" lon="0.725687">
        <ele>366.24</ele>
      </trkpt>
      <trkpt lat="41.182627" lon="0.725755">
        <ele>366.68</ele>
      </trkpt>
      <trkpt lat="41.182724" lon="0.72589">
        <ele>369.13</ele>
      </trkpt>
      <trkpt lat="41.182751" lon="0.725955">
        <ele>370.34</ele>
      </trkpt>
      <trkpt lat="41.182757" lon="0.725993">
        <ele>370.74</ele>
      </trkpt>
      <trkpt lat="41.182747" lon="0.726124">
        <ele>370.74</ele>
      </trkpt>
      <trkpt lat="41.182761" lon="0.726204">
        <ele>371.04</ele>
      </trkpt>
      <trkpt lat="41.182812" lon="0.726327">
        <ele>371.71</ele>
      </trkpt>
      <trkpt lat="41.182968" lon="0.72663">
        <ele>373.22</ele>
      </trkpt>
      <trkpt lat="41.183019" lon="0.726702">
        <ele>373.35</ele>
      </trkpt>
      <trkpt lat="41.183051" lon="0.726724">
        <ele>373.54</ele>
      </trkpt>
      <trkpt lat="41.183068" lon="0.726726">
        <ele>373.47</ele>
      </trkpt>
      <trkpt lat="41.183082" lon="0.726774">
        <ele>372.81</ele>
      </trkpt>
      <trkpt lat="41.183097" lon="0.726786">
        <ele>372.55</ele>
      </trkpt>
      <trkpt lat="41.183148" lon="0.726792">
        <ele>372.08</ele>
      </trkpt>
      <trkpt lat="41.183233" lon="0.726757">
        <ele>371.68</ele>
      </trkpt>
      <trkpt lat="41.183518" lon="0.726556">
        <ele>371.87</ele>
      </trkpt>
      <trkpt lat="41.183596" lon="0.726542">
        <ele>372.03</ele>
      </trkpt>
      <trkpt lat="41.183676" lon="0.726571">
        <ele>372.7</ele>
      </trkpt>
      <trkpt lat="41.183596" lon="0.726542">
        <ele>372.03</ele>
      </trkpt>
      <trkpt lat="41.183518" lon="0.726556">
        <ele>371.87</ele>
      </trkpt>
      <trkpt lat="41.183233" lon="0.726757">
        <ele>371.68</ele>
      </trkpt>
      <trkpt lat="41.183148" lon="0.726792">
        <ele>372.08</ele>
      </trkpt>
      <trkpt lat="41.183097" lon="0.726786">
        <ele>372.55</ele>
      </trkpt>
      <trkpt lat="41.183082" lon="0.726774">
        <ele>372.81</ele>
      </trkpt>
      <trkpt lat="41.183068" lon="0.726726">
        <ele>373.47</ele>
      </trkpt>
      <trkpt lat="41.183101" lon="0.72673">
        <ele>373.16</ele>
      </trkpt>
      <trkpt lat="41.183187" lon="0.726712">
        <ele>372.71</ele>
      </trkpt>
      <trkpt lat="41.183271" lon="0.726653">
        <ele>373.17</ele>
      </trkpt>
      <trkpt lat="41.183352" lon="0.726575">
        <ele>373.87</ele>
      </trkpt>
      <trkpt lat="41.183505" lon="0.726399">
        <ele>374.94</ele>
      </trkpt>
      <trkpt lat="41.183629" lon="0.726248">
        <ele>376.31</ele>
      </trkpt>
      <trkpt lat="41.183683" lon="0.726165">
        <ele>377.04</ele>
      </trkpt>
      <trkpt lat="41.183706" lon="0.726148">
        <ele>377.17</ele>
      </trkpt>
      <trkpt lat="41.183758" lon="0.726157">
        <ele>377.48</ele>
      </trkpt>
      <trkpt lat="41.183786" lon="0.72618">
        <ele>377.63</ele>
      </trkpt>
      <trkpt lat="41.183851" lon="0.726283">
        <ele>378.05</ele>
      </trkpt>
      <trkpt lat="41.184101" lon="0.726467">
        <ele>377.94</ele>
      </trkpt>
      <trkpt lat="41.184254" lon="0.726603">
        <ele>376.36</ele>
      </trkpt>
      <trkpt lat="41.184349" lon="0.726664">
        <ele>375.29</ele>
      </trkpt>
      <trkpt lat="41.18459" lon="0.726767">
        <ele>374.95</ele>
      </trkpt>
      <trkpt lat="41.18466" lon="0.726806">
        <ele>375.17</ele>
      </trkpt>
      <trkpt lat="41.185182" lon="0.72718">
        <ele>377.51</ele>
      </trkpt>
      <trkpt lat="41.185398" lon="0.727292">
        <ele>379.1</ele>
      </trkpt>
      <trkpt lat="41.185443" lon="0.727303">
        <ele>379.44</ele>
      </trkpt>
      <trkpt lat="41.185839" lon="0.727279">
        <ele>382.07</ele>
      </trkpt>
      <trkpt lat="41.185917" lon="0.727294">
        <ele>382.48</ele>
      </trkpt>
      <trkpt lat="41.186068" lon="0.727297">
        <ele>382.74</ele>
      </trkpt>
      <trkpt lat="41.186224" lon="0.72728">
        <ele>384.05</ele>
      </trkpt>
      <trkpt lat="41.186469" lon="0.72723">
        <ele>386.6</ele>
      </trkpt>
      <trkpt lat="41.186728" lon="0.727205">
        <ele>389.38</ele>
      </trkpt>
      <trkpt lat="41.186839" lon="0.727226">
        <ele>390.1</ele>
      </trkpt>
      <trkpt lat="41.186965" lon="0.72723">
        <ele>391.23</ele>
      </trkpt>
      <trkpt lat="41.187009" lon="0.727241">
        <ele>391.76</ele>
      </trkpt>
      <trkpt lat="41.187095" lon="0.727301">
        <ele>392.3</ele>
      </trkpt>
      <trkpt lat="41.187274" lon="0.727466">
        <ele>393.66</ele>
      </trkpt>
      <trkpt lat="41.187448" lon="0.727593">
        <ele>395.61</ele>
      </trkpt>
      <trkpt lat="41.187616" lon="0.727673">
        <ele>397.29</ele>
      </trkpt>
      <trkpt lat="41.187881" lon="0.727783">
        <ele>400.56</ele>
      </trkpt>
      <trkpt lat="41.187996" lon="0.727818">
        <ele>401.03</ele>
      </trkpt>
      <trkpt lat="41.188087" lon="0.727829">
        <ele>401.62</ele>
      </trkpt>
      <trkpt lat="41.188439" lon="0.727819">
        <ele>403.63</ele>
      </trkpt>
      <trkpt lat="41.188503" lon="0.727821">
        <ele>403.92</ele>
      </trkpt>
      <trkpt lat="41.188541" lon="0.727837">
        <ele>404.02</ele>
      </trkpt>
      <trkpt lat="41.188559" lon="0.727854">
        <ele>403.97</ele>
      </trkpt>
      <trkpt lat="41.188581" lon="0.727898">
        <ele>403.66</ele>
      </trkpt>
      <trkpt lat="41.188719" lon="0.728579">
        <ele>403.75</ele>
      </trkpt>
      <trkpt lat="41.188759" lon="0.728657">
        <ele>404.96</ele>
      </trkpt>
      <trkpt lat="41.188826" lon="0.728699">
        <ele>405.95</ele>
      </trkpt>
      <trkpt lat="41.189022" lon="0.728749">
        <ele>407.93</ele>
      </trkpt>
      <trkpt lat="41.189037" lon="0.728777">
        <ele>408.28</ele>
      </trkpt>
      <trkpt lat="41.18904" lon="0.728817">
        <ele>408.74</ele>
      </trkpt>
      <trkpt lat="41.188981" lon="0.72897">
        <ele>410.36</ele>
      </trkpt>
      <trkpt lat="41.188979" lon="0.729009">
        <ele>410.86</ele>
      </trkpt>
      <trkpt lat="41.188987" lon="0.729038">
        <ele>411.26</ele>
      </trkpt>
      <trkpt lat="41.189009" lon="0.729066">
        <ele>411.64</ele>
      </trkpt>
      <trkpt lat="41.189238" lon="0.729204">
        <ele>414.9</ele>
      </trkpt>
      <trkpt lat="41.189439" lon="0.729307">
        <ele>417.99</ele>
      </trkpt>
      <trkpt lat="41.189517" lon="0.729317">
        <ele>418.77</ele>
      </trkpt>
      <trkpt lat="41.189538" lon="0.729337">
        <ele>419.19</ele>
      </trkpt>
      <trkpt lat="41.189544" lon="0.729383">
        <ele>419.99</ele>
      </trkpt>
      <trkpt lat="41.189534" lon="0.729428">
        <ele>420.78</ele>
      </trkpt>
      <trkpt lat="41.189515" lon="0.729467">
        <ele>421.36</ele>
      </trkpt>
      <trkpt lat="41.189478" lon="0.729497">
        <ele>421.6</ele>
      </trkpt>
      <trkpt lat="41.189404" lon="0.729532">
        <ele>421.64</ele>
      </trkpt>
      <trkpt lat="41.189225" lon="0.729581">
        <ele>422.45</ele>
      </trkpt>
      <trkpt lat="41.189158" lon="0.729614">
        <ele>423.03</ele>
      </trkpt>
      <trkpt lat="41.189103" lon="0.72966">
        <ele>423.47</ele>
      </trkpt>
      <trkpt lat="41.189063" lon="0.729706">
        <ele>423.72</ele>
      </trkpt>
      <trkpt lat="41.189053" lon="0.729745">
        <ele>424.14</ele>
      </trkpt>
      <trkpt lat="41.189055" lon="0.729787">
        <ele>424.72</ele>
      </trkpt>
      <trkpt lat="41.189088" lon="0.729815">
        <ele>425.6</ele>
      </trkpt>
      <trkpt lat="41.18935" lon="0.729853">
        <ele>428.58</ele>
      </trkpt>
      <trkpt lat="41.18977" lon="0.730026">
        <ele>434.49</ele>
      </trkpt>
      <trkpt lat="41.190273" lon="0.730186">
        <ele>439.08</ele>
      </trkpt>
      <trkpt lat="41.190415" lon="0.730247">
        <ele>439.47</ele>
      </trkpt>
      <trkpt lat="41.190482" lon="0.730311">
        <ele>440.33</ele>
      </trkpt>
      <trkpt lat="41.190596" lon="0.730398">
        <ele>440.75</ele>
      </trkpt>
      <trkpt lat="41.190694" lon="0.730461">
        <ele>442.26</ele>
      </trkpt>
      <trkpt lat="41.190766" lon="0.730521">
        <ele>443.55</ele>
      </trkpt>
      <trkpt lat="41.19097" lon="0.730736">
        <ele>443.7</ele>
      </trkpt>
      <trkpt lat="41.191011" lon="0.730755">
        <ele>443.89</ele>
      </trkpt>
      <trkpt lat="41.191138" lon="0.730775">
        <ele>444.56</ele>
      </trkpt>
      <trkpt lat="41.191215" lon="0.730765">
        <ele>445.04</ele>
      </trkpt>
      <trkpt lat="41.19129" lon="0.73074">
        <ele>445.51</ele>
      </trkpt>
      <trkpt lat="41.191444" lon="0.730669">
        <ele>448.24</ele>
      </trkpt>
      <trkpt lat="41.191511" lon="0.730651">
        <ele>449.19</ele>
      </trkpt>
      <trkpt lat="41.191728" lon="0.730648">
        <ele>452</ele>
      </trkpt>
      <trkpt lat="41.191839" lon="0.730693">
        <ele>452.49</ele>
      </trkpt>
      <trkpt lat="41.191896" lon="0.730729">
        <ele>452.53</ele>
      </trkpt>
      <trkpt lat="41.191963" lon="0.730796">
        <ele>452.22</ele>
      </trkpt>
      <trkpt lat="41.191982" lon="0.730841">
        <ele>452.21</ele>
      </trkpt>
      <trkpt lat="41.192008" lon="0.730946">
        <ele>452.71</ele>
      </trkpt>
      <trkpt lat="41.192038" lon="0.730971">
        <ele>452.86</ele>
      </trkpt>
      <trkpt lat="41.192077" lon="0.730989">
        <ele>453</ele>
      </trkpt>
      <trkpt lat="41.19212" lon="0.730992">
        <ele>453.07</ele>
      </trkpt>
      <trkpt lat="41.192203" lon="0.730959">
        <ele>453.76</ele>
      </trkpt>
      <trkpt lat="41.192302" lon="0.730843">
        <ele>452.05</ele>
      </trkpt>
      <trkpt lat="41.192375" lon="0.730776">
        <ele>451.05</ele>
      </trkpt>
      <trkpt lat="41.192417" lon="0.730758">
        <ele>450.76</ele>
      </trkpt>
      <trkpt lat="41.192511" lon="0.730749">
        <ele>450.79</ele>
      </trkpt>
      <trkpt lat="41.192711" lon="0.730764">
        <ele>450.77</ele>
      </trkpt>
      <trkpt lat="41.193019" lon="0.730743">
        <ele>448.73</ele>
      </trkpt>
      <trkpt lat="41.193176" lon="0.730741">
        <ele>448.11</ele>
      </trkpt>
      <trkpt lat="41.19331" lon="0.730798">
        <ele>449.2</ele>
      </trkpt>
      <trkpt lat="41.193665" lon="0.730909">
        <ele>453.06</ele>
      </trkpt>
      <trkpt lat="41.193895" lon="0.730993">
        <ele>454.01</ele>
      </trkpt>
      <trkpt lat="41.194271" lon="0.731169">
        <ele>453.33</ele>
      </trkpt>
      <trkpt lat="41.194358" lon="0.731223">
        <ele>452.68</ele>
      </trkpt>
      <trkpt lat="41.194506" lon="0.73144">
        <ele>452.62</ele>
      </trkpt>
      <trkpt lat="41.194603" lon="0.731555">
        <ele>453.87</ele>
      </trkpt>
      <trkpt lat="41.194675" lon="0.731606">
        <ele>454.77</ele>
      </trkpt>
      <trkpt lat="41.19494" lon="0.731759">
        <ele>456.01</ele>
      </trkpt>
      <trkpt lat="41.195114" lon="0.731908">
        <ele>456.87</ele>
      </trkpt>
      <trkpt lat="41.19527" lon="0.732021">
        <ele>457.65</ele>
      </trkpt>
      <trkpt lat="41.195351" lon="0.732113">
        <ele>458.61</ele>
      </trkpt>
      <trkpt lat="41.19538" lon="0.732206">
        <ele>459.86</ele>
      </trkpt>
      <trkpt lat="41.195387" lon="0.732295">
        <ele>460.32</ele>
      </trkpt>
      <trkpt lat="41.195383" lon="0.732415">
        <ele>460.75</ele>
      </trkpt>
      <trkpt lat="41.195386" lon="0.732501">
        <ele>460.94</ele>
      </trkpt>
      <trkpt lat="41.195407" lon="0.732556">
        <ele>461.05</ele>
      </trkpt>
      <trkpt lat="41.195532" lon="0.7327">
        <ele>461.95</ele>
      </trkpt>
      <trkpt lat="41.195619" lon="0.732762">
        <ele>462.31</ele>
      </trkpt>
      <trkpt lat="41.195669" lon="0.732782">
        <ele>462.43</ele>
      </trkpt>
      <trkpt lat="41.195737" lon="0.732782">
        <ele>462.43</ele>
      </trkpt>
      <trkpt lat="41.195762" lon="0.732774">
        <ele>462.49</ele>
      </trkpt>
      <trkpt lat="41.195853" lon="0.732692">
        <ele>462.78</ele>
      </trkpt>
      <trkpt lat="41.196134" lon="0.732383">
        <ele>463.2</ele>
      </trkpt>
      <trkpt lat="41.196189" lon="0.732359">
        <ele>463.94</ele>
      </trkpt>
      <trkpt lat="41.19626" lon="0.732357">
        <ele>465.03</ele>
      </trkpt>
      <trkpt lat="41.19629" lon="0.732392">
        <ele>465.38</ele>
      </trkpt>
      <trkpt lat="41.196326" lon="0.732465">
        <ele>465.78</ele>
      </trkpt>
      <trkpt lat="41.196354" lon="0.732497">
        <ele>466.3</ele>
      </trkpt>
      <trkpt lat="41.196409" lon="0.732528">
        <ele>467.17</ele>
      </trkpt>
      <trkpt lat="41.196645" lon="0.732592">
        <ele>469</ele>
      </trkpt>
      <trkpt lat="41.196799" lon="0.732608">
        <ele>471.06</ele>
      </trkpt>
      <trkpt lat="41.197086" lon="0.732868">
        <ele>473.95</ele>
      </trkpt>
      <trkpt lat="41.19737" lon="0.733108">
        <ele>476.28</ele>
      </trkpt>
      <trkpt lat="41.197648" lon="0.733324">
        <ele>478.79</ele>
      </trkpt>
      <trkpt lat="41.197827" lon="0.733386">
        <ele>480.14</ele>
      </trkpt>
      <trkpt lat="41.197915" lon="0.733407">
        <ele>479.88</ele>
      </trkpt>
      <trkpt lat="41.198017" lon="0.733412">
        <ele>480.41</ele>
      </trkpt>
      <trkpt lat="41.198114" lon="0.733391">
        <ele>481.42</ele>
      </trkpt>
      <trkpt lat="41.198388" lon="0.733237">
        <ele>483.89</ele>
      </trkpt>
      <trkpt lat="41.198651" lon="0.733076">
        <ele>484.93</ele>
      </trkpt>
      <trkpt lat="41.198863" lon="0.733329">
        <ele>487.31</ele>
      </trkpt>
      <trkpt lat="41.198944" lon="0.733401">
        <ele>488.49</ele>
      </trkpt>
      <trkpt lat="41.19909" lon="0.733501">
        <ele>490.16</ele>
      </trkpt>
      <trkpt lat="41.199502" lon="0.733821">
        <ele>494.68</ele>
      </trkpt>
      <trkpt lat="41.199549" lon="0.733869">
        <ele>495.11</ele>
      </trkpt>
      <trkpt lat="41.199822" lon="0.734222">
        <ele>498.2</ele>
      </trkpt>
      <trkpt lat="41.200088" lon="0.734548">
        <ele>500.49</ele>
      </trkpt>
      <trkpt lat="41.20038" lon="0.734806">
        <ele>502.66</ele>
      </trkpt>
      <trkpt lat="41.200608" lon="0.735041">
        <ele>504.66</ele>
      </trkpt>
      <trkpt lat="41.200738" lon="0.735193">
        <ele>505.53</ele>
      </trkpt>
      <trkpt lat="41.201107" lon="0.735652">
        <ele>506.31</ele>
      </trkpt>
      <trkpt lat="41.201182" lon="0.735733">
        <ele>505.88</ele>
      </trkpt>
      <trkpt lat="41.201356" lon="0.735845">
        <ele>506.45</ele>
      </trkpt>
      <trkpt lat="41.201849" lon="0.736303">
        <ele>507.33</ele>
      </trkpt>
      <trkpt lat="41.20195" lon="0.736421">
        <ele>507.4</ele>
      </trkpt>
      <trkpt lat="41.20214" lon="0.736668">
        <ele>508.9</ele>
      </trkpt>
      <trkpt lat="41.202293" lon="0.736784">
        <ele>511.27</ele>
      </trkpt>
      <trkpt lat="41.202622" lon="0.73709">
        <ele>515.88</ele>
      </trkpt>
      <trkpt lat="41.202984" lon="0.737363">
        <ele>519.75</ele>
      </trkpt>
      <trkpt lat="41.203456" lon="0.737671">
        <ele>523.31</ele>
      </trkpt>
      <trkpt lat="41.203907" lon="0.738166">
        <ele>526.16</ele>
      </trkpt>
      <trkpt lat="41.204187" lon="0.738453">
        <ele>529.47</ele>
      </trkpt>
      <trkpt lat="41.204278" lon="0.738561">
        <ele>529.93</ele>
      </trkpt>
      <trkpt lat="41.204377" lon="0.738694">
        <ele>531.57</ele>
      </trkpt>
      <trkpt lat="41.204581" lon="0.739025">
        <ele>533.68</ele>
      </trkpt>
      <trkpt lat="41.204709" lon="0.739181">
        <ele>535.09</ele>
      </trkpt>
      <trkpt lat="41.204798" lon="0.739308">
        <ele>536.25</ele>
      </trkpt>
      <trkpt lat="41.205055" lon="0.739607">
        <ele>540.83</ele>
      </trkpt>
      <trkpt lat="41.205328" lon="0.740034">
        <ele>544.75</ele>
      </trkpt>
      <trkpt lat="41.205413" lon="0.740181">
        <ele>545.47</ele>
      </trkpt>
      <trkpt lat="41.205515" lon="0.740304">
        <ele>547.51</ele>
      </trkpt>
      <trkpt lat="41.2056" lon="0.740471">
        <ele>549.09</ele>
      </trkpt>
      <trkpt lat="41.205688" lon="0.740591">
        <ele>551.06</ele>
      </trkpt>
      <trkpt lat="41.205768" lon="0.740681">
        <ele>552.26</ele>
      </trkpt>
      <trkpt lat="41.205826" lon="0.740729">
        <ele>552.93</ele>
      </trkpt>
      <trkpt lat="41.205952" lon="0.740805">
        <ele>552.7</ele>
      </trkpt>
      <trkpt lat="41.206045" lon="0.74083">
        <ele>551.71</ele>
      </trkpt>
      <trkpt lat="41.206095" lon="0.740822">
        <ele>551.43</ele>
      </trkpt>
      <trkpt lat="41.20615" lon="0.740785">
        <ele>550.79</ele>
      </trkpt>
      <trkpt lat="41.206182" lon="0.740744">
        <ele>550.78</ele>
      </trkpt>
      <trkpt lat="41.206226" lon="0.740645">
        <ele>551.44</ele>
      </trkpt>
      <trkpt lat="41.206355" lon="0.74028">
        <ele>551.85</ele>
      </trkpt>
      <trkpt lat="41.206392" lon="0.740196">
        <ele>552.29</ele>
      </trkpt>
      <trkpt lat="41.20644" lon="0.740113">
        <ele>552.79</ele>
      </trkpt>
      <trkpt lat="41.206485" lon="0.740053">
        <ele>552.88</ele>
      </trkpt>
      <trkpt lat="41.206552" lon="0.739992">
        <ele>553.78</ele>
      </trkpt>
      <trkpt lat="41.206719" lon="0.73994">
        <ele>553.96</ele>
      </trkpt>
      <trkpt lat="41.20687" lon="0.739831">
        <ele>553.95</ele>
      </trkpt>
      <trkpt lat="41.206981" lon="0.73972">
        <ele>554.31</ele>
      </trkpt>
      <trkpt lat="41.207223" lon="0.739368">
        <ele>556.36</ele>
      </trkpt>
      <trkpt lat="41.207301" lon="0.739298">
        <ele>556.39</ele>
      </trkpt>
      <trkpt lat="41.207394" lon="0.739263">
        <ele>555.62</ele>
      </trkpt>
      <trkpt lat="41.207572" lon="0.739259">
        <ele>555.07</ele>
      </trkpt>
      <trkpt lat="41.207698" lon="0.739242">
        <ele>556.11</ele>
      </trkpt>
      <trkpt lat="41.207888" lon="0.739191">
        <ele>556.71</ele>
      </trkpt>
      <trkpt lat="41.2081" lon="0.739106">
        <ele>558.35</ele>
      </trkpt>
      <trkpt lat="41.208276" lon="0.739113">
        <ele>558.78</ele>
      </trkpt>
      <trkpt lat="41.208368" lon="0.739093">
        <ele>558.9</ele>
      </trkpt>
      <trkpt lat="41.208467" lon="0.739045">
        <ele>560.88</ele>
      </trkpt>
      <trkpt lat="41.208522" lon="0.739034">
        <ele>561.8</ele>
      </trkpt>
      <trkpt lat="41.208583" lon="0.739042">
        <ele>562.22</ele>
      </trkpt>
      <trkpt lat="41.208638" lon="0.739066">
        <ele>562.09</ele>
      </trkpt>
      <trkpt lat="41.208715" lon="0.739125">
        <ele>562.75</ele>
      </trkpt>
      <trkpt lat="41.208799" lon="0.739189">
        <ele>563.48</ele>
      </trkpt>
      <trkpt lat="41.208983" lon="0.739381">
        <ele>565.51</ele>
      </trkpt>
      <trkpt lat="41.209034" lon="0.739417">
        <ele>565.92</ele>
      </trkpt>
      <trkpt lat="41.209116" lon="0.739457">
        <ele>567.06</ele>
      </trkpt>
      <trkpt lat="41.209605" lon="0.739639">
        <ele>569.76</ele>
      </trkpt>
      <trkpt lat="41.209896" lon="0.739783">
        <ele>574.09</ele>
      </trkpt>
      <trkpt lat="41.210202" lon="0.739972">
        <ele>578.57</ele>
      </trkpt>
      <trkpt lat="41.210274" lon="0.740038">
        <ele>579.3</ele>
      </trkpt>
      <trkpt lat="41.21041" lon="0.740117">
        <ele>580.57</ele>
      </trkpt>
      <trkpt lat="41.210506" lon="0.740142">
        <ele>581.35</ele>
      </trkpt>
      <trkpt lat="41.210872" lon="0.740087">
        <ele>584.93</ele>
      </trkpt>
      <trkpt lat="41.21113" lon="0.740092">
        <ele>587.59</ele>
      </trkpt>
      <trkpt lat="41.211273" lon="0.740112">
        <ele>588.8</ele>
      </trkpt>
      <trkpt lat="41.211375" lon="0.740126">
        <ele>589.65</ele>
      </trkpt>
      <trkpt lat="41.211478" lon="0.740098">
        <ele>590.71</ele>
      </trkpt>
      <trkpt lat="41.21152" lon="0.740054">
        <ele>592.19</ele>
      </trkpt>
      <trkpt lat="41.21183" lon="0.739646">
        <ele>593</ele>
      </trkpt>
      <trkpt lat="41.211993" lon="0.739406">
        <ele>594.35</ele>
      </trkpt>
      <trkpt lat="41.212164" lon="0.73914">
        <ele>597.32</ele>
      </trkpt>
      <trkpt lat="41.212246" lon="0.739053">
        <ele>598.7</ele>
      </trkpt>
      <trkpt lat="41.212472" lon="0.738884">
        <ele>600.37</ele>
      </trkpt>
      <trkpt lat="41.212563" lon="0.738781">
        <ele>601.18</ele>
      </trkpt>
      <trkpt lat="41.212588" lon="0.738714">
        <ele>602.17</ele>
      </trkpt>
      <trkpt lat="41.212622" lon="0.738548">
        <ele>603.46</ele>
      </trkpt>
      <trkpt lat="41.212641" lon="0.738501">
        <ele>602.95</ele>
      </trkpt>
      <trkpt lat="41.212675" lon="0.73845">
        <ele>602.43</ele>
      </trkpt>
      <trkpt lat="41.21275" lon="0.73838">
        <ele>601.95</ele>
      </trkpt>
      <trkpt lat="41.213011" lon="0.738246">
        <ele>599.73</ele>
      </trkpt>
      <trkpt lat="41.21333" lon="0.738215">
        <ele>597.86</ele>
      </trkpt>
      <trkpt lat="41.2134" lon="0.738181">
        <ele>597.9</ele>
      </trkpt>
      <trkpt lat="41.213476" lon="0.738126">
        <ele>597.97</ele>
      </trkpt>
      <trkpt lat="41.213449" lon="0.738055">
        <ele>597.71</ele>
      </trkpt>
      <trkpt lat="41.213336" lon="0.737797">
        <ele>596.38</ele>
      </trkpt>
      <trkpt lat="41.213221" lon="0.737577">
        <ele>595.18</ele>
      </trkpt>
      <trkpt lat="41.213033" lon="0.737192">
        <ele>595.21</ele>
      </trkpt>
      <trkpt lat="41.212876" lon="0.736929">
        <ele>595.07</ele>
      </trkpt>
      <trkpt lat="41.212594" lon="0.736604">
        <ele>591.84</ele>
      </trkpt>
      <trkpt lat="41.212543" lon="0.736514">
        <ele>591.42</ele>
      </trkpt>
      <trkpt lat="41.212495" lon="0.736393">
        <ele>591.02</ele>
      </trkpt>
      <trkpt lat="41.212445" lon="0.736226">
        <ele>589.78</ele>
      </trkpt>
      <trkpt lat="41.212425" lon="0.736056">
        <ele>588.82</ele>
      </trkpt>
      <trkpt lat="41.212361" lon="0.735871">
        <ele>587.94</ele>
      </trkpt>
      <trkpt lat="41.212329" lon="0.735746">
        <ele>587.52</ele>
      </trkpt>
      <trkpt lat="41.212305" lon="0.735608">
        <ele>586.87</ele>
      </trkpt>
      <trkpt lat="41.212251" lon="0.735377">
        <ele>585.19</ele>
      </trkpt>
      <trkpt lat="41.212236" lon="0.735215">
        <ele>584.95</ele>
      </trkpt>
      <trkpt lat="41.212202" lon="0.735056">
        <ele>584.79</ele>
      </trkpt>
      <trkpt lat="41.212183" lon="0.734921">
        <ele>584.99</ele>
      </trkpt>
      <trkpt lat="41.212181" lon="0.734805">
        <ele>584.3</ele>
      </trkpt>
      <trkpt lat="41.212198" lon="0.73469">
        <ele>584.28</ele>
      </trkpt>
      <trkpt lat="41.212249" lon="0.734589">
        <ele>584.4</ele>
      </trkpt>
      <trkpt lat="41.21234" lon="0.73447">
        <ele>582.72</ele>
      </trkpt>
      <trkpt lat="41.212427" lon="0.734411">
        <ele>581.8</ele>
      </trkpt>
      <trkpt lat="41.212614" lon="0.734308">
        <ele>580.6</ele>
      </trkpt>
      <trkpt lat="41.212692" lon="0.73428">
        <ele>580.27</ele>
      </trkpt>
      <trkpt lat="41.212763" lon="0.734285">
        <ele>580.33</ele>
      </trkpt>
      <trkpt lat="41.212816" lon="0.734306">
        <ele>580.57</ele>
      </trkpt>
      <trkpt lat="41.212893" lon="0.734366">
        <ele>580.52</ele>
      </trkpt>
      <trkpt lat="41.21303" lon="0.734512">
        <ele>581.22</ele>
      </trkpt>
      <trkpt lat="41.213149" lon="0.734594">
        <ele>581.34</ele>
      </trkpt>
      <trkpt lat="41.213284" lon="0.734673">
        <ele>581.1</ele>
      </trkpt>
      <trkpt lat="41.213448" lon="0.734752">
        <ele>579.96</ele>
      </trkpt>
      <trkpt lat="41.21349" lon="0.734791">
        <ele>579.45</ele>
      </trkpt>
      <trkpt lat="41.213525" lon="0.734851">
        <ele>578.91</ele>
      </trkpt>
      <trkpt lat="41.213605" lon="0.735037">
        <ele>578.86</ele>
      </trkpt>
      <trkpt lat="41.213775" lon="0.735282">
        <ele>577.15</ele>
      </trkpt>
      <trkpt lat="41.213858" lon="0.735352">
        <ele>577.09</ele>
      </trkpt>
      <trkpt lat="41.213995" lon="0.735443">
        <ele>576.72</ele>
      </trkpt>
      <trkpt lat="41.214043" lon="0.735457">
        <ele>576.52</ele>
      </trkpt>
      <trkpt lat="41.214089" lon="0.735452">
        <ele>576.1</ele>
      </trkpt>
      <trkpt lat="41.214141" lon="0.735425">
        <ele>575.63</ele>
      </trkpt>
      <trkpt lat="41.214195" lon="0.735371">
        <ele>575.28</ele>
      </trkpt>
      <trkpt lat="41.214229" lon="0.735306">
        <ele>575</ele>
      </trkpt>
      <trkpt lat="41.21425" lon="0.735212">
        <ele>575.12</ele>
      </trkpt>
      <trkpt lat="41.214269" lon="0.73506">
        <ele>575.5</ele>
      </trkpt>
      <trkpt lat="41.214348" lon="0.734851">
        <ele>575.51</ele>
      </trkpt>
      <trkpt lat="41.214458" lon="0.734702">
        <ele>574.66</ele>
      </trkpt>
      <trkpt lat="41.214536" lon="0.734615">
        <ele>573.83</ele>
      </trkpt>
      <trkpt lat="41.21464" lon="0.734518">
        <ele>573.11</ele>
      </trkpt>
      <trkpt lat="41.214816" lon="0.734315">
        <ele>569.63</ele>
      </trkpt>
      <trkpt lat="41.214954" lon="0.734204">
        <ele>567.92</ele>
      </trkpt>
      <trkpt lat="41.21499" lon="0.734165">
        <ele>567.56</ele>
      </trkpt>
      <trkpt lat="41.215" lon="0.734132">
        <ele>567.2</ele>
      </trkpt>
      <trkpt lat="41.214998" lon="0.73409">
        <ele>566.54</ele>
      </trkpt>
      <trkpt lat="41.214951" lon="0.734008">
        <ele>566.38</ele>
      </trkpt>
      <trkpt lat="41.214998" lon="0.73409">
        <ele>566.54</ele>
      </trkpt>
      <trkpt lat="41.215029" lon="0.734027">
        <ele>567.42</ele>
      </trkpt>
      <trkpt lat="41.215072" lon="0.733974">
        <ele>567.93</ele>
      </trkpt>
      <trkpt lat="41.215111" lon="0.733956">
        <ele>568.1</ele>
      </trkpt>
      <trkpt lat="41.215183" lon="0.733986">
        <ele>568.29</ele>
      </trkpt>
      <trkpt lat="41.215239" lon="0.733987">
        <ele>568.05</ele>
      </trkpt>
      <trkpt lat="41.215403" lon="0.733966">
        <ele>566.02</ele>
      </trkpt>
      <trkpt lat="41.215441" lon="0.733854">
        <ele>564.07</ele>
      </trkpt>
      <trkpt lat="41.215348" lon="0.733749">
        <ele>564.05</ele>
      </trkpt>
      <trkpt lat="41.215369" lon="0.733676">
        <ele>562.75</ele>
      </trkpt>
      <trkpt lat="41.215367" lon="0.733648">
        <ele>562.39</ele>
      </trkpt>
      <trkpt lat="41.215322" lon="0.733542">
        <ele>561.21</ele>
      </trkpt>
      <trkpt lat="41.215319" lon="0.733513">
        <ele>560.73</ele>
      </trkpt>
      <trkpt lat="41.215339" lon="0.733417">
        <ele>558.9</ele>
      </trkpt>
      <trkpt lat="41.215382" lon="0.733369">
        <ele>557.72</ele>
      </trkpt>
      <trkpt lat="41.215386" lon="0.733318">
        <ele>556.81</ele>
      </trkpt>
      <trkpt lat="41.215422" lon="0.733322">
        <ele>556.59</ele>
      </trkpt>
      <trkpt lat="41.215411" lon="0.733289">
        <ele>556.16</ele>
      </trkpt>
      <trkpt lat="41.215422" lon="0.733322">
        <ele>556.59</ele>
      </trkpt>
      <trkpt lat="41.215471" lon="0.733326">
        <ele>556.29</ele>
      </trkpt>
      <trkpt lat="41.215533" lon="0.733317">
        <ele>555.66</ele>
      </trkpt>
      <trkpt lat="41.215593" lon="0.733294">
        <ele>555.71</ele>
      </trkpt>
      <trkpt lat="41.215668" lon="0.73324">
        <ele>556.09</ele>
      </trkpt>
      <trkpt lat="41.215951" lon="0.732975">
        <ele>556.53</ele>
      </trkpt>
      <trkpt lat="41.216311" lon="0.732609">
        <ele>558.59</ele>
      </trkpt>
      <trkpt lat="41.216522" lon="0.732384">
        <ele>561.66</ele>
      </trkpt>
      <trkpt lat="41.216389" lon="0.732246">
        <ele>563.35</ele>
      </trkpt>
      <trkpt lat="41.2161" lon="0.731958">
        <ele>563.54</ele>
      </trkpt>
      <trkpt lat="41.21607" lon="0.731918">
        <ele>563.46</ele>
      </trkpt>
      <trkpt lat="41.216024" lon="0.731786">
        <ele>563.62</ele>
      </trkpt>
      <trkpt lat="41.216005" lon="0.73162">
        <ele>564.01</ele>
      </trkpt>
      <trkpt lat="41.215993" lon="0.731571">
        <ele>563.85</ele>
      </trkpt>
      <trkpt lat="41.21591" lon="0.731397">
        <ele>561.71</ele>
      </trkpt>
      <trkpt lat="41.215879" lon="0.731319">
        <ele>561.16</ele>
      </trkpt>
      <trkpt lat="41.215872" lon="0.731282">
        <ele>560.91</ele>
      </trkpt>
      <trkpt lat="41.215911" lon="0.731131">
        <ele>562.48</ele>
      </trkpt>
      <trkpt lat="41.215939" lon="0.731075">
        <ele>563.33</ele>
      </trkpt>
      <trkpt lat="41.215942" lon="0.730975">
        <ele>563.12</ele>
      </trkpt>
      <trkpt lat="41.215974" lon="0.73085">
        <ele>561.97</ele>
      </trkpt>
      <trkpt lat="41.216093" lon="0.730568">
        <ele>558.39</ele>
      </trkpt>
      <trkpt lat="41.216213" lon="0.73034">
        <ele>556.73</ele>
      </trkpt>
      <trkpt lat="41.216263" lon="0.730111">
        <ele>554.85</ele>
      </trkpt>
      <trkpt lat="41.216285" lon="0.729968">
        <ele>553.85</ele>
      </trkpt>
      <trkpt lat="41.21629" lon="0.729879">
        <ele>553.9</ele>
      </trkpt>
      <trkpt lat="41.21637" lon="0.729808">
        <ele>554.02</ele>
      </trkpt>
      <trkpt lat="41.216662" lon="0.729388">
        <ele>552.46</ele>
      </trkpt>
      <trkpt lat="41.216733" lon="0.729347">
        <ele>551.63</ele>
      </trkpt>
      <trkpt lat="41.216777" lon="0.729262">
        <ele>551.86</ele>
      </trkpt>
      <trkpt lat="41.216865" lon="0.729081">
        <ele>549.32</ele>
      </trkpt>
      <trkpt lat="41.217081" lon="0.728535">
        <ele>543.63</ele>
      </trkpt>
      <trkpt lat="41.217082" lon="0.728527">
        <ele>543.6</ele>
      </trkpt>
      <trkpt lat="41.217151" lon="0.728113">
        <ele>541.98</ele>
      </trkpt>
      <trkpt lat="41.217187" lon="0.727974">
        <ele>541.15</ele>
      </trkpt>
      <trkpt lat="41.217243" lon="0.727827">
        <ele>540.8</ele>
      </trkpt>
      <trkpt lat="41.217322" lon="0.727689">
        <ele>540.11</ele>
      </trkpt>
      <trkpt lat="41.217502" lon="0.727403">
        <ele>539.89</ele>
      </trkpt>
      <trkpt lat="41.217746" lon="0.727099">
        <ele>539.27</ele>
      </trkpt>
      <trkpt lat="41.217771" lon="0.727035">
        <ele>539.92</ele>
      </trkpt>
      <trkpt lat="41.217819" lon="0.726808">
        <ele>538.55</ele>
      </trkpt>
      <trkpt lat="41.217851" lon="0.726711">
        <ele>537.64</ele>
      </trkpt>
      <trkpt lat="41.21796" lon="0.726459">
        <ele>535.85</ele>
      </trkpt>
      <trkpt lat="41.217999" lon="0.726205">
        <ele>535.7</ele>
      </trkpt>
      <trkpt lat="41.218022" lon="0.725986">
        <ele>534.83</ele>
      </trkpt>
      <trkpt lat="41.21804" lon="0.725642">
        <ele>533.58</ele>
      </trkpt>
      <trkpt lat="41.218064" lon="0.725507">
        <ele>531.95</ele>
      </trkpt>
      <trkpt lat="41.21815" lon="0.725342">
        <ele>529.3</ele>
      </trkpt>
      <trkpt lat="41.218255" lon="0.725183">
        <ele>528.53</ele>
      </trkpt>
      <trkpt lat="41.218257" lon="0.725133">
        <ele>529.14</ele>
      </trkpt>
      <trkpt lat="41.218278" lon="0.725071">
        <ele>529.97</ele>
      </trkpt>
      <trkpt lat="41.218352" lon="0.724905">
        <ele>530.64</ele>
      </trkpt>
      <trkpt lat="41.218391" lon="0.724839">
        <ele>530.88</ele>
      </trkpt>
      <trkpt lat="41.218536" lon="0.724669">
        <ele>531.51</ele>
      </trkpt>
      <trkpt lat="41.218625" lon="0.72454">
        <ele>532.48</ele>
      </trkpt>
      <trkpt lat="41.218667" lon="0.724427">
        <ele>533.86</ele>
      </trkpt>
      <trkpt lat="41.218724" lon="0.724175">
        <ele>536.11</ele>
      </trkpt>
      <trkpt lat="41.218745" lon="0.72411">
        <ele>536.06</ele>
      </trkpt>
      <trkpt lat="41.218795" lon="0.724021">
        <ele>535.95</ele>
      </trkpt>
      <trkpt lat="41.218848" lon="0.72393">
        <ele>535.75</ele>
      </trkpt>
      <trkpt lat="41.218899" lon="0.723704">
        <ele>535.84</ele>
      </trkpt>
      <trkpt lat="41.218949" lon="0.723524">
        <ele>536.87</ele>
      </trkpt>
      <trkpt lat="41.219163" lon="0.723144">
        <ele>535.36</ele>
      </trkpt>
      <trkpt lat="41.219233" lon="0.723038">
        <ele>535.14</ele>
      </trkpt>
      <trkpt lat="41.219317" lon="0.722947">
        <ele>535.05</ele>
      </trkpt>
      <trkpt lat="41.219489" lon="0.722792">
        <ele>533.63</ele>
      </trkpt>
      <trkpt lat="41.219517" lon="0.722748">
        <ele>533.23</ele>
      </trkpt>
      <trkpt lat="41.219544" lon="0.722687">
        <ele>533.3</ele>
      </trkpt>
      <trkpt lat="41.219613" lon="0.722493">
        <ele>533.84</ele>
      </trkpt>
      <trkpt lat="41.219673" lon="0.722408">
        <ele>532.77</ele>
      </trkpt>
      <trkpt lat="41.2198" lon="0.722295">
        <ele>531.09</ele>
      </trkpt>
      <trkpt lat="41.21986" lon="0.722259">
        <ele>529.27</ele>
      </trkpt>
      <trkpt lat="41.219877" lon="0.722204">
        <ele>528.86</ele>
      </trkpt>
      <trkpt lat="41.219913" lon="0.722094">
        <ele>528.03</ele>
      </trkpt>
      <trkpt lat="41.219953" lon="0.721635">
        <ele>528.01</ele>
      </trkpt>
      <trkpt lat="41.220042" lon="0.721545">
        <ele>524.94</ele>
      </trkpt>
      <trkpt lat="41.220086" lon="0.721204">
        <ele>527.15</ele>
      </trkpt>
      <trkpt lat="41.220181" lon="0.721092">
        <ele>526.56</ele>
      </trkpt>
      <trkpt lat="41.220333" lon="0.721033">
        <ele>524.47</ele>
      </trkpt>
      <trkpt lat="41.220389" lon="0.720975">
        <ele>523.85</ele>
      </trkpt>
      <trkpt lat="41.220437" lon="0.720889">
        <ele>523.24</ele>
      </trkpt>
      <trkpt lat="41.220527" lon="0.720602">
        <ele>523.92</ele>
      </trkpt>
      <trkpt lat="41.220572" lon="0.720494">
        <ele>524.25</ele>
      </trkpt>
      <trkpt lat="41.220625" lon="0.720482">
        <ele>524.07</ele>
      </trkpt>
      <trkpt lat="41.22067" lon="0.720485">
        <ele>523.7</ele>
      </trkpt>
      <trkpt lat="41.220709" lon="0.720521">
        <ele>523.1</ele>
      </trkpt>
      <trkpt lat="41.220869" lon="0.720667">
        <ele>520.65</ele>
      </trkpt>
      <trkpt lat="41.221254" lon="0.720919">
        <ele>524</ele>
      </trkpt>
      <trkpt lat="41.22137" lon="0.720978">
        <ele>525.54</ele>
      </trkpt>
      <trkpt lat="41.221436" lon="0.721076">
        <ele>524.15</ele>
      </trkpt>
      <trkpt lat="41.22165" lon="0.721315">
        <ele>523.29</ele>
      </trkpt>
      <trkpt lat="41.221731" lon="0.721379">
        <ele>523.93</ele>
      </trkpt>
      <trkpt lat="41.221767" lon="0.721393">
        <ele>524.75</ele>
      </trkpt>
      <trkpt lat="41.221793" lon="0.721368">
        <ele>526.11</ele>
      </trkpt>
      <trkpt lat="41.221766" lon="0.721256">
        <ele>527.66</ele>
      </trkpt>
      <trkpt lat="41.221773" lon="0.721183">
        <ele>529.17</ele>
      </trkpt>
      <trkpt lat="41.221767" lon="0.721149">
        <ele>528.98</ele>
      </trkpt>
      <trkpt lat="41.221742" lon="0.721007">
        <ele>528.2</ele>
      </trkpt>
      <trkpt lat="41.221748" lon="0.720978">
        <ele>528.01</ele>
      </trkpt>
      <trkpt lat="41.221807" lon="0.721027">
        <ele>526.47</ele>
      </trkpt>
      <trkpt lat="41.221828" lon="0.721017">
        <ele>525.65</ele>
      </trkpt>
      <trkpt lat="41.221826" lon="0.720989">
        <ele>525.01</ele>
      </trkpt>
      <trkpt lat="41.22179" lon="0.720966">
        <ele>526.12</ele>
      </trkpt>
      <trkpt lat="41.221797" lon="0.720909">
        <ele>524.9</ele>
      </trkpt>
      <trkpt lat="41.221841" lon="0.720894">
        <ele>521.68</ele>
      </trkpt>
      <trkpt lat="41.221863" lon="0.720833">
        <ele>518.45</ele>
      </trkpt>
      <trkpt lat="41.221924" lon="0.720676">
        <ele>515.5</ele>
      </trkpt>
      <trkpt lat="41.222003" lon="0.720524">
        <ele>509.88</ele>
      </trkpt>
      <trkpt lat="41.222067" lon="0.720315">
        <ele>507.92</ele>
      </trkpt>
      <trkpt lat="41.222144" lon="0.72012">
        <ele>505.38</ele>
      </trkpt>
      <trkpt lat="41.222226" lon="0.719812">
        <ele>500.14</ele>
      </trkpt>
      <trkpt lat="41.222265" lon="0.719721">
        <ele>498.62</ele>
      </trkpt>
      <trkpt lat="41.222433" lon="0.71943">
        <ele>493.84</ele>
      </trkpt>
      <trkpt lat="41.222459" lon="0.719412">
        <ele>493.03</ele>
      </trkpt>
      <trkpt lat="41.222561" lon="0.71949">
        <ele>489.3</ele>
      </trkpt>
      <trkpt lat="41.222613" lon="0.719417">
        <ele>487.59</ele>
      </trkpt>
      <trkpt lat="41.222651" lon="0.719568">
        <ele>484.93</ele>
      </trkpt>
      <trkpt lat="41.222708" lon="0.71956">
        <ele>482.79</ele>
      </trkpt>
      <trkpt lat="41.222817" lon="0.719407">
        <ele>479.47</ele>
      </trkpt>
      <trkpt lat="41.222812" lon="0.719273">
        <ele>479.35</ele>
      </trkpt>
      <trkpt lat="41.22269" lon="0.718926">
        <ele>474.91</ele>
      </trkpt>
      <trkpt lat="41.222715" lon="0.718768">
        <ele>470.57</ele>
      </trkpt>
      <trkpt lat="41.222717" lon="0.71866">
        <ele>468.89</ele>
      </trkpt>
      <trkpt lat="41.222679" lon="0.718444">
        <ele>465.34</ele>
      </trkpt>
      <trkpt lat="41.222625" lon="0.71828">
        <ele>462.19</ele>
      </trkpt>
      <trkpt lat="41.22261" lon="0.71815">
        <ele>460.23</ele>
      </trkpt>
      <trkpt lat="41.222637" lon="0.717934">
        <ele>455.14</ele>
      </trkpt>
      <trkpt lat="41.222689" lon="0.717944">
        <ele>452.08</ele>
      </trkpt>
      <trkpt lat="41.222701" lon="0.718065">
        <ele>452.19</ele>
      </trkpt>
      <trkpt lat="41.22274" lon="0.718225">
        <ele>454.08</ele>
      </trkpt>
      <trkpt lat="41.222777" lon="0.718078">
        <ele>446.48</ele>
      </trkpt>
      <trkpt lat="41.222824" lon="0.717823">
        <ele>441.66</ele>
      </trkpt>
      <trkpt lat="41.222819" lon="0.717709">
        <ele>439.42</ele>
      </trkpt>
      <trkpt lat="41.222767" lon="0.717627">
        <ele>439.2</ele>
      </trkpt>
      <trkpt lat="41.222776" lon="0.717593">
        <ele>437.85</ele>
      </trkpt>
      <trkpt lat="41.222861" lon="0.717552">
        <ele>434.16</ele>
      </trkpt>
      <trkpt lat="41.222846" lon="0.717454">
        <ele>432.29</ele>
      </trkpt>
      <trkpt lat="41.222934" lon="0.717467">
        <ele>430.26</ele>
      </trkpt>
      <trkpt lat="41.222932" lon="0.717324">
        <ele>427.53</ele>
      </trkpt>
      <trkpt lat="41.222984" lon="0.717318">
        <ele>425.59</ele>
      </trkpt>
      <trkpt lat="41.223043" lon="0.717333">
        <ele>423.81</ele>
      </trkpt>
      <trkpt lat="41.223244" lon="0.717465">
        <ele>417.57</ele>
      </trkpt>
      <trkpt lat="41.223283" lon="0.717575">
        <ele>416.67</ele>
      </trkpt>
      <trkpt lat="41.223293" lon="0.717634">
        <ele>415.95</ele>
      </trkpt>
      <trkpt lat="41.223279" lon="0.717707">
        <ele>416.05</ele>
      </trkpt>
      <trkpt lat="41.223326" lon="0.717732">
        <ele>414.1</ele>
      </trkpt>
      <trkpt lat="41.223358" lon="0.717736">
        <ele>412.84</ele>
      </trkpt>
      <trkpt lat="41.223386" lon="0.717696">
        <ele>411.98</ele>
      </trkpt>
      <trkpt lat="41.223379" lon="0.717503">
        <ele>412.09</ele>
      </trkpt>
      <trkpt lat="41.22344" lon="0.717523">
        <ele>409.53</ele>
      </trkpt>
      <trkpt lat="41.223507" lon="0.71764">
        <ele>405.65</ele>
      </trkpt>
      <trkpt lat="41.223553" lon="0.717627">
        <ele>402.77</ele>
      </trkpt>
      <trkpt lat="41.223529" lon="0.717474">
        <ele>403.62</ele>
      </trkpt>
      <trkpt lat="41.223556" lon="0.717428">
        <ele>401.53</ele>
      </trkpt>
      <trkpt lat="41.22362" lon="0.717464">
        <ele>398.15</ele>
      </trkpt>
      <trkpt lat="41.223632" lon="0.717601">
        <ele>397.64</ele>
      </trkpt>
      <trkpt lat="41.223652" lon="0.717765">
        <ele>394.45</ele>
      </trkpt>
      <trkpt lat="41.223686" lon="0.717856">
        <ele>391.55</ele>
      </trkpt>
      <trkpt lat="41.22375" lon="0.717849">
        <ele>389.04</ele>
      </trkpt>
      <trkpt lat="41.223757" lon="0.717825">
        <ele>388.91</ele>
      </trkpt>
      <trkpt lat="41.223782" lon="0.717738">
        <ele>388.44</ele>
      </trkpt>
      <trkpt lat="41.223843" lon="0.717448">
        <ele>386.82</ele>
      </trkpt>
      <trkpt lat="41.22377" lon="0.717255">
        <ele>386.03</ele>
      </trkpt>
      <trkpt lat="41.223713" lon="0.717154">
        <ele>385.71</ele>
      </trkpt>
      <trkpt lat="41.223686" lon="0.716922">
        <ele>381.05</ele>
      </trkpt>
      <trkpt lat="41.223713" lon="0.716667">
        <ele>376.84</ele>
      </trkpt>
      <trkpt lat="41.22375" lon="0.716514">
        <ele>374.39</ele>
      </trkpt>
      <trkpt lat="41.223725" lon="0.716236">
        <ele>370.18</ele>
      </trkpt>
      <trkpt lat="41.22374" lon="0.716197">
        <ele>368.82</ele>
      </trkpt>
      <trkpt lat="41.223797" lon="0.716168">
        <ele>366.91</ele>
      </trkpt>
      <trkpt lat="41.223861" lon="0.716112">
        <ele>363.88</ele>
      </trkpt>
      <trkpt lat="41.223946" lon="0.71597">
        <ele>359.39</ele>
      </trkpt>
      <trkpt lat="41.223962" lon="0.715868">
        <ele>357.82</ele>
      </trkpt>
      <trkpt lat="41.224" lon="0.715722">
        <ele>354.68</ele>
      </trkpt>
      <trkpt lat="41.224042" lon="0.715692">
        <ele>354.11</ele>
      </trkpt>
      <trkpt lat="41.22408" lon="0.715682">
        <ele>353.89</ele>
      </trkpt>
      <trkpt lat="41.224106" lon="0.715658">
        <ele>352.81</ele>
      </trkpt>
      <trkpt lat="41.224135" lon="0.715476">
        <ele>351.07</ele>
      </trkpt>
      <trkpt lat="41.224169" lon="0.71551">
        <ele>350.87</ele>
      </trkpt>
      <trkpt lat="41.224193" lon="0.715609">
        <ele>349.84</ele>
      </trkpt>
      <trkpt lat="41.224194" lon="0.71569">
        <ele>349.48</ele>
      </trkpt>
      <trkpt lat="41.224208" lon="0.715779">
        <ele>348.91</ele>
      </trkpt>
      <trkpt lat="41.224194" lon="0.71569">
        <ele>349.48</ele>
      </trkpt>
      <trkpt lat="41.224193" lon="0.715609">
        <ele>349.84</ele>
      </trkpt>
      <trkpt lat="41.224223" lon="0.715515">
        <ele>349.33</ele>
      </trkpt>
      <trkpt lat="41.224329" lon="0.715335">
        <ele>346.09</ele>
      </trkpt>
      <trkpt lat="41.224565" lon="0.71508">
        <ele>339.31</ele>
      </trkpt>
      <trkpt lat="41.22472" lon="0.714982">
        <ele>334</ele>
      </trkpt>
      <trkpt lat="41.224985" lon="0.714845">
        <ele>325.2</ele>
      </trkpt>
      <trkpt lat="41.225166" lon="0.71481">
        <ele>319.62</ele>
      </trkpt>
      <trkpt lat="41.225155" lon="0.714848">
        <ele>320.21</ele>
      </trkpt>
      <trkpt lat="41.225128" lon="0.715057">
        <ele>322.39</ele>
      </trkpt>
      <trkpt lat="41.225099" lon="0.715162">
        <ele>323.4</ele>
      </trkpt>
      <trkpt lat="41.225073" lon="0.715199">
        <ele>323.55</ele>
      </trkpt>
      <trkpt lat="41.225034" lon="0.715233">
        <ele>324</ele>
      </trkpt>
      <trkpt lat="41.224924" lon="0.715295">
        <ele>326.12</ele>
      </trkpt>
      <trkpt lat="41.224874" lon="0.715336">
        <ele>327.31</ele>
      </trkpt>
      <trkpt lat="41.224924" lon="0.715295">
        <ele>326.12</ele>
      </trkpt>
      <trkpt lat="41.225034" lon="0.715233">
        <ele>324</ele>
      </trkpt>
      <trkpt lat="41.225073" lon="0.715199">
        <ele>323.55</ele>
      </trkpt>
      <trkpt lat="41.225099" lon="0.715162">
        <ele>323.4</ele>
      </trkpt>
      <trkpt lat="41.225128" lon="0.715057">
        <ele>322.39</ele>
      </trkpt>
      <trkpt lat="41.225155" lon="0.714848">
        <ele>320.21</ele>
      </trkpt>
      <trkpt lat="41.225166" lon="0.71481">
        <ele>319.62</ele>
      </trkpt>
      <trkpt lat="41.225192" lon="0.714762">
        <ele>318.47</ele>
      </trkpt>
      <trkpt lat="41.225259" lon="0.714692">
        <ele>316.2</ele>
      </trkpt>
      <trkpt lat="41.225306" lon="0.714667">
        <ele>315.16</ele>
      </trkpt>
      <trkpt lat="41.225403" lon="0.714649">
        <ele>313.51</ele>
      </trkpt>
      <trkpt lat="41.225449" lon="0.714664">
        <ele>312.83</ele>
      </trkpt>
      <trkpt lat="41.225498" lon="0.714704">
        <ele>312.04</ele>
      </trkpt>
      <trkpt lat="41.225548" lon="0.714783">
        <ele>311.19</ele>
      </trkpt>
      <trkpt lat="41.225555" lon="0.714946">
        <ele>310.11</ele>
      </trkpt>
      <trkpt lat="41.225526" lon="0.715155">
        <ele>308.52</ele>
      </trkpt>
      <trkpt lat="41.22547" lon="0.715464">
        <ele>306.46</ele>
      </trkpt>
      <trkpt lat="41.22538" lon="0.715653">
        <ele>306.31</ele>
      </trkpt>
      <trkpt lat="41.225344" lon="0.715776">
        <ele>306.72</ele>
      </trkpt>
      <trkpt lat="41.225346" lon="0.715926">
        <ele>307.16</ele>
      </trkpt>
      <trkpt lat="41.225452" lon="0.716093">
        <ele>305.76</ele>
      </trkpt>
      <trkpt lat="41.225551" lon="0.7162">
        <ele>305.29</ele>
      </trkpt>
      <trkpt lat="41.225598" lon="0.716229">
        <ele>305.23</ele>
      </trkpt>
      <trkpt lat="41.225648" lon="0.716243">
        <ele>304.82</ele>
      </trkpt>
      <trkpt lat="41.225828" lon="0.71624">
        <ele>302.46</ele>
      </trkpt>
      <trkpt lat="41.225951" lon="0.716229">
        <ele>300.7</ele>
      </trkpt>
      <trkpt lat="41.226081" lon="0.716289">
        <ele>299.14</ele>
      </trkpt>
      <trkpt lat="41.226184" lon="0.716377">
        <ele>297.97</ele>
      </trkpt>
      <trkpt lat="41.226307" lon="0.716458">
        <ele>295.86</ele>
      </trkpt>
      <trkpt lat="41.226415" lon="0.716458">
        <ele>293.46</ele>
      </trkpt>
      <trkpt lat="41.226503" lon="0.716403">
        <ele>291.69</ele>
      </trkpt>
      <trkpt lat="41.226577" lon="0.716262">
        <ele>288.94</ele>
      </trkpt>
      <trkpt lat="41.226739" lon="0.716151">
        <ele>286.85</ele>
      </trkpt>
      <trkpt lat="41.226889" lon="0.716115">
        <ele>285.76</ele>
      </trkpt>
      <trkpt lat="41.227196" lon="0.716086">
        <ele>281.6</ele>
      </trkpt>
      <trkpt lat="41.227288" lon="0.716061">
        <ele>279.88</ele>
      </trkpt>
      <trkpt lat="41.227341" lon="0.715978">
        <ele>277.99</ele>
      </trkpt>
      <trkpt lat="41.227341" lon="0.715958">
        <ele>277.76</ele>
      </trkpt>
      <trkpt lat="41.227341" lon="0.715886">
        <ele>276.93</ele>
      </trkpt>
      <trkpt lat="41.227284" lon="0.715779">
        <ele>276.88</ele>
      </trkpt>
      <trkpt lat="41.227279" lon="0.715721">
        <ele>276.67</ele>
      </trkpt>
      <trkpt lat="41.227364" lon="0.715608">
        <ele>275.18</ele>
      </trkpt>
      <trkpt lat="41.227539" lon="0.715492">
        <ele>272.75</ele>
      </trkpt>
      <trkpt lat="41.227714" lon="0.715486">
        <ele>272.17</ele>
      </trkpt>
      <trkpt lat="41.227863" lon="0.715513">
        <ele>271.52</ele>
      </trkpt>
      <trkpt lat="41.228258" lon="0.716351">
        <ele>262.57</ele>
      </trkpt>
      <trkpt lat="41.228301" lon="0.716474">
        <ele>261.21</ele>
      </trkpt>
      <trkpt lat="41.228355" lon="0.716479">
        <ele>261.47</ele>
      </trkpt>
      <trkpt lat="41.228437" lon="0.716416">
        <ele>260.05</ele>
      </trkpt>
      <trkpt lat="41.228658" lon="0.716197">
        <ele>256.78</ele>
      </trkpt>
      <trkpt lat="41.228722" lon="0.716153">
        <ele>256.05</ele>
      </trkpt>
      <trkpt lat="41.228796" lon="0.716121">
        <ele>254.62</ele>
      </trkpt>
      <trkpt lat="41.228936" lon="0.716081">
        <ele>252.75</ele>
      </trkpt>
      <trkpt lat="41.229147" lon="0.716065">
        <ele>250.78</ele>
      </trkpt>
      <trkpt lat="41.229218" lon="0.71605">
        <ele>250.15</ele>
      </trkpt>
      <trkpt lat="41.229389" lon="0.715963">
        <ele>248.99</ele>
      </trkpt>
      <trkpt lat="41.229529" lon="0.715905">
        <ele>248.16</ele>
      </trkpt>
      <trkpt lat="41.229842" lon="0.715847">
        <ele>244.94</ele>
      </trkpt>
      <trkpt lat="41.22997" lon="0.715834">
        <ele>243.6</ele>
      </trkpt>
      <trkpt lat="41.230014" lon="0.715867">
        <ele>243.17</ele>
      </trkpt>
      <trkpt lat="41.230032" lon="0.71588">
        <ele>243</ele>
      </trkpt>
      <trkpt lat="41.23009" lon="0.715958">
        <ele>243</ele>
      </trkpt>
      <trkpt lat="41.230114" lon="0.716016">
        <ele>243</ele>
      </trkpt>
      <trkpt lat="41.23014" lon="0.716141">
        <ele>243.58</ele>
      </trkpt>
      <trkpt lat="41.230157" lon="0.716186">
        <ele>243.94</ele>
      </trkpt>
      <trkpt lat="41.230187" lon="0.716226">
        <ele>244.21</ele>
      </trkpt>
      <trkpt lat="41.230221" lon="0.716253">
        <ele>244.48</ele>
      </trkpt>
      <trkpt lat="41.230278" lon="0.716281">
        <ele>244.94</ele>
      </trkpt>
      <trkpt lat="41.230375" lon="0.716289">
        <ele>246.07</ele>
      </trkpt>
      <trkpt lat="41.230648" lon="0.716281">
        <ele>247.88</ele>
      </trkpt>
      <trkpt lat="41.230681" lon="0.7163">
        <ele>248.25</ele>
      </trkpt>
      <trkpt lat="41.230705" lon="0.716337">
        <ele>248.86</ele>
      </trkpt>
      <trkpt lat="41.230713" lon="0.716376">
        <ele>249.39</ele>
      </trkpt>
      <trkpt lat="41.230711" lon="0.716425">
        <ele>250.03</ele>
      </trkpt>
      <trkpt lat="41.230685" lon="0.716486">
        <ele>250.5</ele>
      </trkpt>
      <trkpt lat="41.230598" lon="0.716602">
        <ele>251.26</ele>
      </trkpt>
      <trkpt lat="41.230516" lon="0.716739">
        <ele>251.55</ele>
      </trkpt>
      <trkpt lat="41.230566" lon="0.716738">
        <ele>252.37</ele>
      </trkpt>
      <trkpt lat="41.230657" lon="0.716735">
        <ele>253.86</ele>
      </trkpt>
      <trkpt lat="41.230766" lon="0.716805">
        <ele>257.05</ele>
      </trkpt>
      <trkpt lat="41.230849" lon="0.716954">
        <ele>259.18</ele>
      </trkpt>
      <trkpt lat="41.230948" lon="0.717">
        <ele>261.16</ele>
      </trkpt>
      <trkpt lat="41.231028" lon="0.717006">
        <ele>262.03</ele>
      </trkpt>
      <trkpt lat="41.231166" lon="0.716911">
        <ele>263.15</ele>
      </trkpt>
      <trkpt lat="41.231277" lon="0.716809">
        <ele>263.3</ele>
      </trkpt>
      <trkpt lat="41.231444" lon="0.716792">
        <ele>263.99</ele>
      </trkpt>
      <trkpt lat="41.231823" lon="0.716642">
        <ele>263.65</ele>
      </trkpt>
      <trkpt lat="41.231933" lon="0.716569">
        <ele>264.19</ele>
      </trkpt>
      <trkpt lat="41.232046" lon="0.71652">
        <ele>264.48</ele>
      </trkpt>
      <trkpt lat="41.232126" lon="0.71645">
        <ele>264.6</ele>
      </trkpt>
      <trkpt lat="41.232214" lon="0.716393">
        <ele>265.57</ele>
      </trkpt>
      <trkpt lat="41.232364" lon="0.716275">
        <ele>271.36</ele>
      </trkpt>
      <trkpt lat="41.232472" lon="0.716245">
        <ele>273.47</ele>
      </trkpt>
      <trkpt lat="41.232538" lon="0.716134">
        <ele>276.94</ele>
      </trkpt>
      <trkpt lat="41.232574" lon="0.716003">
        <ele>279.77</ele>
      </trkpt>
      <trkpt lat="41.232621" lon="0.715865">
        <ele>281.74</ele>
      </trkpt>
      <trkpt lat="41.232747" lon="0.715639">
        <ele>285.46</ele>
      </trkpt>
      <trkpt lat="41.232825" lon="0.715517">
        <ele>287.93</ele>
      </trkpt>
      <trkpt lat="41.232834" lon="0.715401">
        <ele>289.35</ele>
      </trkpt>
      <trkpt lat="41.232846" lon="0.715041">
        <ele>290.82</ele>
      </trkpt>
      <trkpt lat="41.232861" lon="0.714915">
        <ele>290.74</ele>
      </trkpt>
      <trkpt lat="41.232976" lon="0.714453">
        <ele>292.34</ele>
      </trkpt>
      <trkpt lat="41.233021" lon="0.71409">
        <ele>295.67</ele>
      </trkpt>
      <trkpt lat="41.233066" lon="0.713727">
        <ele>301.19</ele>
      </trkpt>
      <trkpt lat="41.233061" lon="0.713588">
        <ele>302.61</ele>
      </trkpt>
      <trkpt lat="41.233122" lon="0.713464">
        <ele>304.72</ele>
      </trkpt>
      <trkpt lat="41.233174" lon="0.713856">
        <ele>302.23</ele>
      </trkpt>
      <trkpt lat="41.233389" lon="0.714041">
        <ele>304.56</ele>
      </trkpt>
      <trkpt lat="41.233604" lon="0.714226">
        <ele>300.99</ele>
      </trkpt>
      <trkpt lat="41.233705" lon="0.714705">
        <ele>299.29</ele>
      </trkpt>
      <trkpt lat="41.23397" lon="0.714991">
        <ele>299.46</ele>
      </trkpt>
      <trkpt lat="41.233977" lon="0.715227">
        <ele>300.72</ele>
      </trkpt>
      <trkpt lat="41.233945" lon="0.715479">
        <ele>301.78</ele>
      </trkpt>
      <trkpt lat="41.234078" lon="0.715748">
        <ele>304.64</ele>
      </trkpt>
      <trkpt lat="41.234065" lon="0.716177">
        <ele>304.38</ele>
      </trkpt>
      <trkpt lat="41.234324" lon="0.716589">
        <ele>301.99</ele>
      </trkpt>
      <trkpt lat="41.234337" lon="0.717177">
        <ele>306.87</ele>
      </trkpt>
      <trkpt lat="41.234603" lon="0.71764">
        <ele>299.98</ele>
      </trkpt>
      <trkpt lat="41.234691" lon="0.717972">
        <ele>302.19</ele>
      </trkpt>
      <trkpt lat="41.23478" lon="0.718304">
        <ele>301.06</ele>
      </trkpt>
      <trkpt lat="41.235009" lon="0.718447">
        <ele>301.67</ele>
      </trkpt>
      <trkpt lat="41.235467" lon="0.718733">
        <ele>295.85</ele>
      </trkpt>
      <trkpt lat="41.235696" lon="0.718876">
        <ele>297.25</ele>
      </trkpt>
      <trkpt lat="41.235874" lon="0.71922">
        <ele>297.58</ele>
      </trkpt>
      <trkpt lat="41.23615" lon="0.719234">
        <ele>298</ele>
      </trkpt>
      <trkpt lat="41.236373" lon="0.719246">
        <ele>298.33</ele>
      </trkpt>
      <trkpt lat="41.236563" lon="0.71959">
        <ele>299.67</ele>
      </trkpt>
      <trkpt lat="41.236506" lon="0.71996">
        <ele>300.22</ele>
      </trkpt>
      <trkpt lat="41.236868" lon="0.720907">
        <ele>308.91</ele>
      </trkpt>
      <trkpt lat="41.236863" lon="0.721036">
        <ele>311.33</ele>
      </trkpt>
      <trkpt lat="41.236683" lon="0.721222">
        <ele>311.45</ele>
      </trkpt>
      <trkpt lat="41.236723" lon="0.721747">
        <ele>314.35</ele>
      </trkpt>
      <trkpt lat="41.236752" lon="0.721945">
        <ele>314.98</ele>
      </trkpt>
      <trkpt lat="41.236819" lon="0.722214">
        <ele>317.51</ele>
      </trkpt>
      <trkpt lat="41.236885" lon="0.722483">
        <ele>316.91</ele>
      </trkpt>
      <trkpt lat="41.237416" lon="0.722626">
        <ele>315.37</ele>
      </trkpt>
      <trkpt lat="41.238118" lon="0.723433">
        <ele>309.92</ele>
      </trkpt>
      <trkpt lat="41.238301" lon="0.723593">
        <ele>309.93</ele>
      </trkpt>
      <trkpt lat="41.238485" lon="0.723752">
        <ele>306.36</ele>
      </trkpt>
      <trkpt lat="41.238826" lon="0.723895">
        <ele>306.27</ele>
      </trkpt>
      <trkpt lat="41.238867" lon="0.723997">
        <ele>306.34</ele>
      </trkpt>
      <trkpt lat="41.238856" lon="0.724358">
        <ele>306.03</ele>
      </trkpt>
      <trkpt lat="41.238833" lon="0.725081">
        <ele>308.52</ele>
      </trkpt>
      <trkpt lat="41.238911" lon="0.725414">
        <ele>310.87</ele>
      </trkpt>
      <trkpt lat="41.238956" lon="0.725609">
        <ele>310.46</ele>
      </trkpt>
      <trkpt lat="41.239066" lon="0.726081">
        <ele>309.47</ele>
      </trkpt>
      <trkpt lat="41.239534" lon="0.72644">
        <ele>304.56</ele>
      </trkpt>
      <trkpt lat="41.239768" lon="0.726619">
        <ele>300.21</ele>
      </trkpt>
      <trkpt lat="41.239974" lon="0.726691">
        <ele>296.16</ele>
      </trkpt>
      <trkpt lat="41.240179" lon="0.726762">
        <ele>294.91</ele>
      </trkpt>
      <trkpt lat="41.240396" lon="0.727144">
        <ele>295.19</ele>
      </trkpt>
      <trkpt lat="41.240451" lon="0.727242">
        <ele>295.27</ele>
      </trkpt>
      <trkpt lat="41.241028" lon="0.72803">
        <ele>284.49</ele>
      </trkpt>
      <trkpt lat="41.241119" lon="0.728114">
        <ele>285.15</ele>
      </trkpt>
      <trkpt lat="41.241209" lon="0.728164">
        <ele>285.48</ele>
      </trkpt>
      <trkpt lat="41.241242" lon="0.728201">
        <ele>285.26</ele>
      </trkpt>
      <trkpt lat="41.241252" lon="0.728239">
        <ele>284.79</ele>
      </trkpt>
      <trkpt lat="41.241198" lon="0.728441">
        <ele>286.96</ele>
      </trkpt>
      <trkpt lat="41.241216" lon="0.7285">
        <ele>287.86</ele>
      </trkpt>
      <trkpt lat="41.241258" lon="0.72854">
        <ele>288.1</ele>
      </trkpt>
      <trkpt lat="41.241335" lon="0.728614">
        <ele>288.56</ele>
      </trkpt>
      <trkpt lat="41.24135" lon="0.728649">
        <ele>289.44</ele>
      </trkpt>
      <trkpt lat="41.241343" lon="0.728679">
        <ele>290.39</ele>
      </trkpt>
      <trkpt lat="41.241313" lon="0.728704">
        <ele>291.35</ele>
      </trkpt>
      <trkpt lat="41.241273" lon="0.728711">
        <ele>291.93</ele>
      </trkpt>
      <trkpt lat="41.241097" lon="0.72858">
        <ele>290.57</ele>
      </trkpt>
      <trkpt lat="41.241057" lon="0.728584">
        <ele>290.34</ele>
      </trkpt>
      <trkpt lat="41.241019" lon="0.728618">
        <ele>290.61</ele>
      </trkpt>
      <trkpt lat="41.240996" lon="0.728684">
        <ele>291.28</ele>
      </trkpt>
      <trkpt lat="41.240988" lon="0.728764">
        <ele>292.38</ele>
      </trkpt>
      <trkpt lat="41.240997" lon="0.728825">
        <ele>293.41</ele>
      </trkpt>
      <trkpt lat="41.24103" lon="0.728924">
        <ele>294.99</ele>
      </trkpt>
      <trkpt lat="41.241096" lon="0.729034">
        <ele>296.27</ele>
      </trkpt>
      <trkpt lat="41.241199" lon="0.72928">
        <ele>299.17</ele>
      </trkpt>
      <trkpt lat="41.241123" lon="0.729264">
        <ele>299.15</ele>
      </trkpt>
      <trkpt lat="41.241199" lon="0.729421">
        <ele>301.33</ele>
      </trkpt>
      <trkpt lat="41.241431" lon="0.729641">
        <ele>303.65</ele>
      </trkpt>
      <trkpt lat="41.24168" lon="0.72958">
        <ele>304.59</ele>
      </trkpt>
      <trkpt lat="41.2418" lon="0.729608">
        <ele>306.86</ele>
      </trkpt>
      <trkpt lat="41.241901" lon="0.729781">
        <ele>308.33</ele>
      </trkpt>
      <trkpt lat="41.242038" lon="0.729874">
        <ele>309.37</ele>
      </trkpt>
      <trkpt lat="41.242242" lon="0.729944">
        <ele>310.71</ele>
      </trkpt>
      <trkpt lat="41.242375" lon="0.729893">
        <ele>310.27</ele>
      </trkpt>
      <trkpt lat="41.242495" lon="0.72993">
        <ele>312.5</ele>
      </trkpt>
      <trkpt lat="41.242614" lon="0.729986">
        <ele>315.35</ele>
      </trkpt>
      <trkpt lat="41.242741" lon="0.730033">
        <ele>316.57</ele>
      </trkpt>
      <trkpt lat="41.243074" lon="0.73011">
        <ele>318.21</ele>
      </trkpt>
      <trkpt lat="41.243383" lon="0.730182">
        <ele>319.74</ele>
      </trkpt>
      <trkpt lat="41.243499" lon="0.730131">
        <ele>316.62</ele>
      </trkpt>
      <trkpt lat="41.243618" lon="0.73015">
        <ele>320.16</ele>
      </trkpt>
      <trkpt lat="41.243717" lon="0.730229">
        <ele>322.27</ele>
      </trkpt>
      <trkpt lat="41.243843" lon="0.730346">
        <ele>321.78</ele>
      </trkpt>
      <trkpt lat="41.243945" lon="0.73049">
        <ele>323.15</ele>
      </trkpt>
      <trkpt lat="41.244064" lon="0.73057">
        <ele>322.78</ele>
      </trkpt>
      <trkpt lat="41.244184" lon="0.730691">
        <ele>324.98</ele>
      </trkpt>
      <trkpt lat="41.244328" lon="0.730785">
        <ele>326.13</ele>
      </trkpt>
      <trkpt lat="41.24444" lon="0.730925">
        <ele>325.77</ele>
      </trkpt>
      <trkpt lat="41.244524" lon="0.731093">
        <ele>324.59</ele>
      </trkpt>
      <trkpt lat="41.244581" lon="0.731326">
        <ele>324.86</ele>
      </trkpt>
      <trkpt lat="41.244629" lon="0.731487">
        <ele>323.64</ele>
      </trkpt>
      <trkpt lat="41.244657" lon="0.731482">
        <ele>322.57</ele>
      </trkpt>
      <trkpt lat="41.244688" lon="0.731495">
        <ele>321.92</ele>
      </trkpt>
      <trkpt lat="41.244749" lon="0.731622">
        <ele>321.47</ele>
      </trkpt>
      <trkpt lat="41.244794" lon="0.731682">
        <ele>318.86</ele>
      </trkpt>
      <trkpt lat="41.244823" lon="0.7317">
        <ele>318.75</ele>
      </trkpt>
      <trkpt lat="41.24485" lon="0.7317">
        <ele>318.54</ele>
      </trkpt>
      <trkpt lat="41.244995" lon="0.731572">
        <ele>317.39</ele>
      </trkpt>
      <trkpt lat="41.244891" lon="0.731517">
        <ele>317.16</ele>
      </trkpt>
      <trkpt lat="41.244841" lon="0.731442">
        <ele>316.91</ele>
      </trkpt>
      <trkpt lat="41.244809" lon="0.731355">
        <ele>316.6</ele>
      </trkpt>
      <trkpt lat="41.244736" lon="0.731045">
        <ele>319.59</ele>
      </trkpt>
      <trkpt lat="41.244596" lon="0.73045">
        <ele>316</ele>
      </trkpt>
      <trkpt lat="41.244736" lon="0.731045">
        <ele>319.59</ele>
      </trkpt>
      <trkpt lat="41.244809" lon="0.731355">
        <ele>316.6</ele>
      </trkpt>
      <trkpt lat="41.244841" lon="0.731442">
        <ele>316.91</ele>
      </trkpt>
      <trkpt lat="41.244891" lon="0.731517">
        <ele>317.16</ele>
      </trkpt>
      <trkpt lat="41.244995" lon="0.731572">
        <ele>317.39</ele>
      </trkpt>
      <trkpt lat="41.245083" lon="0.731538">
        <ele>317.59</ele>
      </trkpt>
      <trkpt lat="41.245149" lon="0.731455">
        <ele>317.91</ele>
      </trkpt>
      <trkpt lat="41.245199" lon="0.731347">
        <ele>318.64</ele>
      </trkpt>
      <trkpt lat="41.245272" lon="0.731391">
        <ele>320.3</ele>
      </trkpt>
      <trkpt lat="41.245293" lon="0.731388">
        <ele>320.78</ele>
      </trkpt>
      <trkpt lat="41.245378" lon="0.731323">
        <ele>322.61</ele>
      </trkpt>
      <trkpt lat="41.245514" lon="0.731194">
        <ele>323.61</ele>
      </trkpt>
      <trkpt lat="41.245703" lon="0.731146">
        <ele>325.06</ele>
      </trkpt>
      <trkpt lat="41.245817" lon="0.731131">
        <ele>326.39</ele>
      </trkpt>
      <trkpt lat="41.245977" lon="0.731093">
        <ele>326.28</ele>
      </trkpt>
      <trkpt lat="41.246215" lon="0.731066">
        <ele>326.81</ele>
      </trkpt>
      <trkpt lat="41.246296" lon="0.731098">
        <ele>326.99</ele>
      </trkpt>
      <trkpt lat="41.24633" lon="0.731159">
        <ele>327.97</ele>
      </trkpt>
      <trkpt lat="41.246349" lon="0.731232">
        <ele>328.42</ele>
      </trkpt>
      <trkpt lat="41.24634" lon="0.731317">
        <ele>328.91</ele>
      </trkpt>
      <trkpt lat="41.246304" lon="0.731399">
        <ele>330.69</ele>
      </trkpt>
      <trkpt lat="41.24626" lon="0.731439">
        <ele>331.97</ele>
      </trkpt>
      <trkpt lat="41.246215" lon="0.731463">
        <ele>332.87</ele>
      </trkpt>
      <trkpt lat="41.246164" lon="0.731467">
        <ele>333.17</ele>
      </trkpt>
      <trkpt lat="41.246002" lon="0.731429">
        <ele>333.45</ele>
      </trkpt>
      <trkpt lat="41.24595" lon="0.731426">
        <ele>333.73</ele>
      </trkpt>
      <trkpt lat="41.246002" lon="0.731429">
        <ele>333.45</ele>
      </trkpt>
      <trkpt lat="41.246164" lon="0.731467">
        <ele>333.17</ele>
      </trkpt>
      <trkpt lat="41.246138" lon="0.731633">
        <ele>336.99</ele>
      </trkpt>
      <trkpt lat="41.246149" lon="0.731872">
        <ele>340.35</ele>
      </trkpt>
      <trkpt lat="41.246137" lon="0.732037">
        <ele>342.7</ele>
      </trkpt>
      <trkpt lat="41.246073" lon="0.732192">
        <ele>343.1</ele>
      </trkpt>
      <trkpt lat="41.246134" lon="0.732235">
        <ele>343.93</ele>
      </trkpt>
      <trkpt lat="41.246091" lon="0.732271">
        <ele>343.32</ele>
      </trkpt>
      <trkpt lat="41.246134" lon="0.732235">
        <ele>343.93</ele>
      </trkpt>
      <trkpt lat="41.246246" lon="0.732396">
        <ele>344.99</ele>
      </trkpt>
      <trkpt lat="41.246498" lon="0.732607">
        <ele>347.34</ele>
      </trkpt>
      <trkpt lat="41.246733" lon="0.73287">
        <ele>347.68</ele>
      </trkpt>
      <trkpt lat="41.246908" lon="0.733079">
        <ele>349.09</ele>
      </trkpt>
      <trkpt lat="41.246914" lon="0.733097">
        <ele>349.06</ele>
      </trkpt>
    </trkseg>
  </trk>
</gpx>
