<?xml version="1.0" encoding="UTF-8"?>
<gpx creator="Wikiloc - https://www.wikiloc.com" version="1.1" schemaLocation="http://www.topografix.com/GPX/1/1 http://www.topografix.com/GPX/1/1/gpx.xsd http://www.garmin.com/xmlschemas/GpxExtensions/v3 http://www.garmin.com/xmlschemas/GpxExtensionsv3.xsd http://www.garmin.com/xmlschemas/TrackPointExtension/v1 http://www.garmin.com/xmlschemas/TrackPointExtensionv1.xsd http://www.garmin.com/xmlschemas/PowerExtension/v1 http://www.garmin.com/xmlschemas/PowerExtensionv1.xsd http://www.topografix.com/GPX/gpx_style/0/2 http://www.topografix.com/GPX/gpx_style/0/2/gpx_style.xsd" xmlns="http://www.topografix.com/GPX/1/1" xmlns:xsi="http://www.w3.org/2001/XMLSchema-instance" xsi:schemaLocation="http://www.topografix.com/GPX/1/1 http://www.topografix.com/GPX/1/1/gpx.xsd http://www.garmin.com/xmlschemas/GpxExtensions/v3 http://www.garmin.com/xmlschemas/GpxExtensionsv3.xsd http://www.garmin.com/xmlschemas/TrackPointExtension/v1 http://www.garmin.com/xmlschemas/TrackPointExtensionv1.xsd http://www.garmin.com/xmlschemas/PowerExtension/v1 http://www.garmin.com/xmlschemas/PowerExtensionv1.xsd http://www.topografix.com/GPX/gpx_style/0/2 http://www.topografix.com/GPX/gpx_style/0/2/gpx_style.xsd" xmlns:gpxtpx="http://www.garmin.com/xmlschemas/TrackPointExtension/v1" xmlns:gpxx="http://www.garmin.com/xmlschemas/GpxExtensions/v3" xmlns:gpxpx="http://www.garmin.com/xmlschemas/PowerExtension/v1" xmlns:gpx_style="http://www.topografix.com/GPX/gpx_style/0/2">
  <metadata>
    <name>Wikiloc - els Guiamets-Masroig-Bellmunt-Guiamets</name>
    <author>
      <name>gpx.studio</name>
      <link href="https://gpx.studio"/>
    </author>
    <link href="https://www.wikiloc.com/hiking-trails/els-guiamets-masroig-bellmunt-guiamets-131402823">
      <text>els Guiamets-Masroig-Bellmunt-Guiamets - Wikiloc on Wikiloc</text>
    </link>
    <time>2023-04-12T19:45:44.000Z</time>
  </metadata>
  <trk>
    <name>els Guiamets-Masroig-Bellmunt-Guiamets - Wikiloc</name>
    <trkseg>
      <trkpt lat="41.10225" lon="0.752467">
        <ele>224.77</ele>
        <time>2023-04-12T08:39:49.000Z</time>
      </trkpt>
      <trkpt lat="41.102281" lon="0.75248">
        <ele>224.61</ele>
        <time>2023-04-12T08:39:49.329Z</time>
      </trkpt>
    </trkseg>
  </trk>
  <trk>
    <name>els Guiamets-Masroig-Bellmunt-Guiamets - Wikiloc</name>
    <trkseg>
      <trkpt lat="41.102281" lon="0.75248">
        <ele>224.61</ele>
        <time>2023-04-12T08:39:49.329Z</time>
      </trkpt>
      <trkpt lat="41.102244" lon="0.752608">
        <ele>224.83</ele>
        <time>2023-04-12T08:39:50.374Z</time>
      </trkpt>
      <trkpt lat="41.102281" lon="0.75248">
        <ele>224.61</ele>
        <time>2023-04-12T08:39:51.419Z</time>
      </trkpt>
      <trkpt lat="41.10232" lon="0.752264">
        <ele>224.22</ele>
        <time>2023-04-12T08:39:53.112Z</time>
      </trkpt>
      <trkpt lat="41.102338" lon="0.752118">
        <ele>223.85</ele>
        <time>2023-04-12T08:39:54.239Z</time>
      </trkpt>
      <trkpt lat="41.102494" lon="0.752139">
        <ele>222.93</ele>
        <time>2023-04-12T08:39:55.825Z</time>
      </trkpt>
      <trkpt lat="41.10251" lon="0.752213">
        <ele>222.54</ele>
        <time>2023-04-12T08:39:56.411Z</time>
      </trkpt>
      <trkpt lat="41.102494" lon="0.752139">
        <ele>222.93</ele>
        <time>2023-04-12T08:39:56.997Z</time>
      </trkpt>
      <trkpt lat="41.10243" lon="0.751914">
        <ele>222.82</ele>
        <time>2023-04-12T08:39:58.829Z</time>
      </trkpt>
      <trkpt lat="41.1024" lon="0.751854">
        <ele>222.79</ele>
        <time>2023-04-12T08:39:59.377Z</time>
      </trkpt>
      <trkpt lat="41.102363" lon="0.751669">
        <ele>222.23</ele>
        <time>2023-04-12T08:40:00.835Z</time>
      </trkpt>
      <trkpt lat="41.102337" lon="0.751625">
        <ele>221.98</ele>
        <time>2023-04-12T08:40:01.261Z</time>
      </trkpt>
      <trkpt lat="41.102271" lon="0.75159">
        <ele>221.78</ele>
        <time>2023-04-12T08:40:01.979Z</time>
      </trkpt>
      <trkpt lat="41.102106" lon="0.751525">
        <ele>220.44</ele>
        <time>2023-04-12T08:40:03.719Z</time>
      </trkpt>
      <trkpt lat="41.101895" lon="0.751465">
        <ele>220.05</ele>
        <time>2023-04-12T08:40:05.901Z</time>
      </trkpt>
      <trkpt lat="41.101809" lon="0.750953">
        <ele>217.77</ele>
        <time>2023-04-12T08:40:09.898Z</time>
      </trkpt>
      <trkpt lat="41.102349" lon="0.750908">
        <ele>213.26</ele>
        <time>2023-04-12T08:40:15.369Z</time>
      </trkpt>
      <trkpt lat="41.102618" lon="0.750885">
        <ele>213.05</ele>
        <time>2023-04-12T08:40:18.095Z</time>
      </trkpt>
      <trkpt lat="41.102909" lon="0.750778">
        <ele>209.64</ele>
        <time>2023-04-12T08:40:21.148Z</time>
      </trkpt>
      <trkpt lat="41.103039" lon="0.751057">
        <ele>210.65</ele>
        <time>2023-04-12T08:40:23.647Z</time>
      </trkpt>
      <trkpt lat="41.102925" lon="0.751357">
        <ele>211.41</ele>
        <time>2023-04-12T08:40:26.207Z</time>
      </trkpt>
      <trkpt lat="41.103039" lon="0.751593">
        <ele>203.47</ele>
        <time>2023-04-12T08:40:28.342Z</time>
      </trkpt>
      <trkpt lat="41.103233" lon="0.751357">
        <ele>201.38</ele>
        <time>2023-04-12T08:40:31.002Z</time>
      </trkpt>
      <trkpt lat="41.103265" lon="0.751035">
        <ele>204.18</ele>
        <time>2023-04-12T08:40:33.476Z</time>
      </trkpt>
      <trkpt lat="41.103233" lon="0.750628">
        <ele>199.66</ele>
        <time>2023-04-12T08:40:36.593Z</time>
      </trkpt>
      <trkpt lat="41.103006" lon="0.750413">
        <ele>203.6</ele>
        <time>2023-04-12T08:40:39.412Z</time>
      </trkpt>
      <trkpt lat="41.10278" lon="0.750199">
        <ele>197.51</ele>
        <time>2023-04-12T08:40:42.219Z</time>
      </trkpt>
      <trkpt lat="41.103006" lon="0.75022">
        <ele>196.88</ele>
        <time>2023-04-12T08:40:44.509Z</time>
      </trkpt>
      <trkpt lat="41.103152" lon="0.75007">
        <ele>189.51</ele>
        <time>2023-04-12T08:40:46.375Z</time>
      </trkpt>
      <trkpt lat="41.103346" lon="0.750199">
        <ele>188.73</ele>
        <time>2023-04-12T08:40:48.568Z</time>
      </trkpt>
      <trkpt lat="41.103621" lon="0.750091">
        <ele>184.1</ele>
        <time>2023-04-12T08:40:51.467Z</time>
      </trkpt>
      <trkpt lat="41.103896" lon="0.750714">
        <ele>183.04</ele>
        <time>2023-04-12T08:40:56.967Z</time>
      </trkpt>
      <trkpt lat="41.104057" lon="0.751593">
        <ele>182.7</ele>
        <time>2023-04-12T08:41:03.858Z</time>
      </trkpt>
      <trkpt lat="41.104065" lon="0.751586">
        <ele>182.61</ele>
        <time>2023-04-12T08:41:03.954Z</time>
      </trkpt>
      <trkpt lat="41.10495" lon="0.750776">
        <ele>172.42</ele>
        <time>2023-04-12T08:41:14.822Z</time>
      </trkpt>
      <trkpt lat="41.104995" lon="0.750735">
        <ele>172.02</ele>
        <time>2023-04-12T08:41:15.373Z</time>
      </trkpt>
      <trkpt lat="41.104882" lon="0.750413">
        <ele>170.35</ele>
        <time>2023-04-12T08:41:18.078Z</time>
      </trkpt>
      <trkpt lat="41.104769" lon="0.750091">
        <ele>166.57</ele>
        <time>2023-04-12T08:41:20.783Z</time>
      </trkpt>
      <trkpt lat="41.104656" lon="0.749769">
        <ele>167.29</ele>
        <time>2023-04-12T08:41:23.488Z</time>
      </trkpt>
      <trkpt lat="41.10472" lon="0.749405">
        <ele>164.85</ele>
        <time>2023-04-12T08:41:26.335Z</time>
      </trkpt>
      <trkpt lat="41.105108" lon="0.749297">
        <ele>160.69</ele>
        <time>2023-04-12T08:41:30.342Z</time>
      </trkpt>
      <trkpt lat="41.105318" lon="0.748954">
        <ele>158.18</ele>
        <time>2023-04-12T08:41:33.708Z</time>
      </trkpt>
      <trkpt lat="41.105577" lon="0.748804">
        <ele>156.13</ele>
        <time>2023-04-12T08:41:36.564Z</time>
      </trkpt>
      <trkpt lat="41.105593" lon="0.748755">
        <ele>156.13</ele>
        <time>2023-04-12T08:41:36.970Z</time>
      </trkpt>
      <trkpt lat="41.105706" lon="0.748396">
        <ele>156.16</ele>
        <time>2023-04-12T08:41:39.933Z</time>
      </trkpt>
      <trkpt lat="41.105854" lon="0.748106">
        <ele>153.08</ele>
        <time>2023-04-12T08:41:42.600Z</time>
      </trkpt>
      <trkpt lat="41.105921" lon="0.748037">
        <ele>152.45</ele>
        <time>2023-04-12T08:41:43.457Z</time>
      </trkpt>
      <trkpt lat="41.106024" lon="0.747946">
        <ele>150.3</ele>
        <time>2023-04-12T08:41:44.707Z</time>
      </trkpt>
      <trkpt lat="41.10624" lon="0.747624">
        <ele>150.08</ele>
        <time>2023-04-12T08:41:47.990Z</time>
      </trkpt>
      <trkpt lat="41.106256" lon="0.747651">
        <ele>150.2</ele>
        <time>2023-04-12T08:41:48.251Z</time>
      </trkpt>
      <trkpt lat="41.106539" lon="0.748144">
        <ele>152.37</ele>
        <time>2023-04-12T08:41:52.971Z</time>
      </trkpt>
      <trkpt lat="41.106721" lon="0.748538">
        <ele>155.07</ele>
        <time>2023-04-12T08:41:56.491Z</time>
      </trkpt>
      <trkpt lat="41.106963" lon="0.74885">
        <ele>158.52</ele>
        <time>2023-04-12T08:41:56.491Z</time>
      </trkpt>
      <trkpt lat="41.106963" lon="0.74885">
        <ele>158.52</ele>
        <time>2023-04-12T08:41:56.491Z</time>
      </trkpt>
      <trkpt lat="41.10722" lon="0.74918">
        <ele>162.18</ele>
        <time>2023-04-12T08:41:56.491Z</time>
      </trkpt>
      <trkpt lat="41.107339" lon="0.74949">
        <ele>164.94</ele>
        <time>2023-04-12T08:41:56.491Z</time>
      </trkpt>
      <trkpt lat="41.10763" lon="0.749834">
        <ele>166.7</ele>
        <time>2023-04-12T08:41:56.491Z</time>
      </trkpt>
      <trkpt lat="41.108213" lon="0.750284">
        <ele>171.5</ele>
        <time>2023-04-12T08:41:56.491Z</time>
      </trkpt>
      <trkpt lat="41.108827" lon="0.750413">
        <ele>173.93</ele>
        <time>2023-04-12T08:41:56.491Z</time>
      </trkpt>
      <trkpt lat="41.109086" lon="0.750156">
        <ele>176.9</ele>
        <time>2023-04-12T08:41:56.491Z</time>
      </trkpt>
      <trkpt lat="41.109571" lon="0.749963">
        <ele>182.25</ele>
        <time>2023-04-12T08:41:56.491Z</time>
      </trkpt>
      <trkpt lat="41.109959" lon="0.749748">
        <ele>185.86</ele>
        <time>2023-04-12T08:41:56.491Z</time>
      </trkpt>
      <trkpt lat="41.110118" lon="0.74976">
        <ele>185.92</ele>
        <time>2023-04-12T08:41:56.491Z</time>
      </trkpt>
      <trkpt lat="41.110233" lon="0.749769">
        <ele>185.95</ele>
        <time>2023-04-12T08:41:56.491Z</time>
      </trkpt>
      <trkpt lat="41.110686" lon="0.749448">
        <ele>189.24</ele>
        <time>2023-04-12T08:41:56.491Z</time>
      </trkpt>
      <trkpt lat="41.111059" lon="0.749147">
        <ele>193.67</ele>
        <time>2023-04-12T08:41:56.491Z</time>
      </trkpt>
      <trkpt lat="41.111139" lon="0.749083">
        <ele>194.62</ele>
        <time>2023-04-12T08:41:56.491Z</time>
      </trkpt>
      <trkpt lat="41.111166" lon="0.748666">
        <ele>194.43</ele>
        <time>2023-04-12T08:41:56.491Z</time>
      </trkpt>
      <trkpt lat="41.110776" lon="0.748347">
        <ele>195.32</ele>
        <time>2023-04-12T08:41:56.491Z</time>
      </trkpt>
      <trkpt lat="41.110451" lon="0.74808">
        <ele>196.06</ele>
        <time>2023-04-12T08:41:56.491Z</time>
      </trkpt>
      <trkpt lat="41.110366" lon="0.747934">
        <ele>196.26</ele>
        <time>2023-04-12T08:41:56.491Z</time>
      </trkpt>
      <trkpt lat="41.110353" lon="0.747911">
        <ele>196.29</ele>
        <time>2023-04-12T08:41:56.491Z</time>
      </trkpt>
      <trkpt lat="41.110689" lon="0.746929">
        <ele>206.35</ele>
        <time>2023-04-12T08:41:56.491Z</time>
      </trkpt>
      <trkpt lat="41.1108" lon="0.746602">
        <ele>208.13</ele>
        <time>2023-04-12T08:41:56.491Z</time>
      </trkpt>
      <trkpt lat="41.111298" lon="0.746103">
        <ele>211.85</ele>
        <time>2023-04-12T08:41:56.491Z</time>
      </trkpt>
      <trkpt lat="41.112101" lon="0.745536">
        <ele>215.65</ele>
        <time>2023-04-12T08:41:56.491Z</time>
      </trkpt>
      <trkpt lat="41.112162" lon="0.745579">
        <ele>215.58</ele>
        <time>2023-04-12T08:41:56.491Z</time>
      </trkpt>
      <trkpt lat="41.112101" lon="0.745536">
        <ele>215.65</ele>
        <time>2023-04-12T08:41:56.491Z</time>
      </trkpt>
      <trkpt lat="41.112345" lon="0.74474">
        <ele>215.05</ele>
        <time>2023-04-12T08:41:56.491Z</time>
      </trkpt>
      <trkpt lat="41.112457" lon="0.743269">
        <ele>213.28</ele>
        <time>2023-04-12T08:41:56.491Z</time>
      </trkpt>
      <trkpt lat="41.1125" lon="0.74254">
        <ele>212.8</ele>
        <time>2023-04-12T08:41:56.491Z</time>
      </trkpt>
      <trkpt lat="41.112587" lon="0.74108">
        <ele>208.64</ele>
        <time>2023-04-12T08:41:56.491Z</time>
      </trkpt>
      <trkpt lat="41.11264" lon="0.74018">
        <ele>203.01</ele>
        <time>2023-04-12T08:41:56.491Z</time>
      </trkpt>
      <trkpt lat="41.112935" lon="0.73937">
        <ele>199.56</ele>
        <time>2023-04-12T08:41:56.491Z</time>
      </trkpt>
      <trkpt lat="41.112955" lon="0.738345">
        <ele>198.06</ele>
        <time>2023-04-12T08:41:56.491Z</time>
      </trkpt>
      <trkpt lat="41.112972" lon="0.737981">
        <ele>198</ele>
        <time>2023-04-12T08:41:56.491Z</time>
      </trkpt>
      <trkpt lat="41.113051" lon="0.736294">
        <ele>192.01</ele>
        <time>2023-04-12T08:41:56.491Z</time>
      </trkpt>
      <trkpt lat="41.113057" lon="0.736159">
        <ele>191.53</ele>
        <time>2023-04-12T08:41:56.491Z</time>
      </trkpt>
      <trkpt lat="41.112864" lon="0.73591">
        <ele>189.66</ele>
        <time>2023-04-12T08:41:56.491Z</time>
      </trkpt>
      <trkpt lat="41.112671" lon="0.73566">
        <ele>184.72</ele>
        <time>2023-04-12T08:41:56.491Z</time>
      </trkpt>
      <trkpt lat="41.112284" lon="0.735161">
        <ele>178.41</ele>
        <time>2023-04-12T08:41:56.491Z</time>
      </trkpt>
      <trkpt lat="41.112" lon="0.734594">
        <ele>176.34</ele>
        <time>2023-04-12T08:41:56.491Z</time>
      </trkpt>
      <trkpt lat="41.111598" lon="0.734126">
        <ele>171.83</ele>
        <time>2023-04-12T08:41:56.491Z</time>
      </trkpt>
      <trkpt lat="41.11142" lon="0.733919">
        <ele>172.96</ele>
        <time>2023-04-12T08:41:56.491Z</time>
      </trkpt>
      <trkpt lat="41.111458" lon="0.733844">
        <ele>172.7</ele>
        <time>2023-04-12T08:41:56.491Z</time>
      </trkpt>
      <trkpt lat="41.111573" lon="0.733609">
        <ele>171.91</ele>
        <time>2023-04-12T08:41:56.491Z</time>
      </trkpt>
      <trkpt lat="41.112073" lon="0.733132">
        <ele>164.67</ele>
        <time>2023-04-12T08:41:56.491Z</time>
      </trkpt>
      <trkpt lat="41.112526" lon="0.732805">
        <ele>154.61</ele>
        <time>2023-04-12T08:41:56.491Z</time>
      </trkpt>
      <trkpt lat="41.112574" lon="0.732771">
        <ele>153.55</ele>
        <time>2023-04-12T08:41:56.491Z</time>
      </trkpt>
      <trkpt lat="41.112511" lon="0.732478">
        <ele>152.33</ele>
        <time>2023-04-12T08:41:56.491Z</time>
      </trkpt>
      <trkpt lat="41.112449" lon="0.732185">
        <ele>154.54</ele>
        <time>2023-04-12T08:41:56.491Z</time>
      </trkpt>
      <trkpt lat="41.112386" lon="0.731892">
        <ele>153.7</ele>
        <time>2023-04-12T08:41:56.491Z</time>
      </trkpt>
      <trkpt lat="41.112307" lon="0.731408">
        <ele>151.69</ele>
        <time>2023-04-12T08:41:56.491Z</time>
      </trkpt>
      <trkpt lat="41.112294" lon="0.730806">
        <ele>149.67</ele>
        <time>2023-04-12T08:41:56.491Z</time>
      </trkpt>
      <trkpt lat="41.112332" lon="0.73054">
        <ele>146.66</ele>
        <time>2023-04-12T08:41:56.491Z</time>
      </trkpt>
      <trkpt lat="41.112336" lon="0.730512">
        <ele>146.34</ele>
        <time>2023-04-12T08:41:56.491Z</time>
      </trkpt>
      <trkpt lat="41.112444" lon="0.730474">
        <ele>143.59</ele>
        <time>2023-04-12T08:41:56.491Z</time>
      </trkpt>
      <trkpt lat="41.112561" lon="0.730399">
        <ele>143.02</ele>
        <time>2023-04-12T08:41:56.491Z</time>
      </trkpt>
      <trkpt lat="41.112659" lon="0.730233">
        <ele>144.73</ele>
        <time>2023-04-12T08:41:56.491Z</time>
      </trkpt>
      <trkpt lat="41.112718" lon="0.730091">
        <ele>145.77</ele>
        <time>2023-04-12T08:41:56.491Z</time>
      </trkpt>
      <trkpt lat="41.112755" lon="0.729759">
        <ele>145.59</ele>
        <time>2023-04-12T08:41:56.491Z</time>
      </trkpt>
      <trkpt lat="41.112749" lon="0.729571">
        <ele>145.32</ele>
        <time>2023-04-12T08:41:56.491Z</time>
      </trkpt>
      <trkpt lat="41.112728" lon="0.729432">
        <ele>145.1</ele>
        <time>2023-04-12T08:41:56.491Z</time>
      </trkpt>
      <trkpt lat="41.112623" lon="0.729112">
        <ele>145.41</ele>
        <time>2023-04-12T08:41:56.491Z</time>
      </trkpt>
      <trkpt lat="41.112535" lon="0.728934">
        <ele>144.94</ele>
        <time>2023-04-12T08:41:56.491Z</time>
      </trkpt>
      <trkpt lat="41.112151" lon="0.728419">
        <ele>142.04</ele>
        <time>2023-04-12T08:41:56.491Z</time>
      </trkpt>
      <trkpt lat="41.111888" lon="0.727872">
        <ele>142.37</ele>
        <time>2023-04-12T08:41:56.491Z</time>
      </trkpt>
      <trkpt lat="41.111793" lon="0.727733">
        <ele>141.92</ele>
        <time>2023-04-12T08:41:56.491Z</time>
      </trkpt>
      <trkpt lat="41.111621" lon="0.727542">
        <ele>141.55</ele>
        <time>2023-04-12T08:41:56.491Z</time>
      </trkpt>
      <trkpt lat="41.111316" lon="0.727252">
        <ele>142.14</ele>
        <time>2023-04-12T08:41:56.491Z</time>
      </trkpt>
      <trkpt lat="41.111156" lon="0.727045">
        <ele>142.14</ele>
        <time>2023-04-12T08:41:56.491Z</time>
      </trkpt>
      <trkpt lat="41.111072" lon="0.726865">
        <ele>140.84</ele>
        <time>2023-04-12T08:41:56.491Z</time>
      </trkpt>
      <trkpt lat="41.111049" lon="0.72672">
        <ele>141.77</ele>
        <time>2023-04-12T08:41:56.491Z</time>
      </trkpt>
      <trkpt lat="41.111039" lon="0.72655">
        <ele>141.88</ele>
        <time>2023-04-12T08:41:56.491Z</time>
      </trkpt>
      <trkpt lat="41.111053" lon="0.726398">
        <ele>142.89</ele>
        <time>2023-04-12T08:41:56.491Z</time>
      </trkpt>
      <trkpt lat="41.111106" lon="0.726236">
        <ele>143.66</ele>
        <time>2023-04-12T08:41:56.491Z</time>
      </trkpt>
      <trkpt lat="41.111168" lon="0.726158">
        <ele>143.8</ele>
        <time>2023-04-12T08:41:56.491Z</time>
      </trkpt>
      <trkpt lat="41.111359" lon="0.726065">
        <ele>144.18</ele>
        <time>2023-04-12T08:41:56.491Z</time>
      </trkpt>
      <trkpt lat="41.111457" lon="0.726062">
        <ele>144.78</ele>
        <time>2023-04-12T08:41:56.491Z</time>
      </trkpt>
      <trkpt lat="41.11186" lon="0.726158">
        <ele>144.47</ele>
        <time>2023-04-12T08:41:56.491Z</time>
      </trkpt>
      <trkpt lat="41.112118" lon="0.726151">
        <ele>144.66</ele>
        <time>2023-04-12T08:41:56.491Z</time>
      </trkpt>
      <trkpt lat="41.112211" lon="0.726109">
        <ele>144.26</ele>
        <time>2023-04-12T08:41:56.491Z</time>
      </trkpt>
      <trkpt lat="41.112321" lon="0.725993">
        <ele>143.8</ele>
        <time>2023-04-12T08:41:56.491Z</time>
      </trkpt>
      <trkpt lat="41.112569" lon="0.725578">
        <ele>145.44</ele>
        <time>2023-04-12T08:41:56.491Z</time>
      </trkpt>
      <trkpt lat="41.112602" lon="0.725481">
        <ele>145.99</ele>
        <time>2023-04-12T08:41:56.491Z</time>
      </trkpt>
      <trkpt lat="41.11264" lon="0.725274">
        <ele>144.64</ele>
        <time>2023-04-12T08:41:56.491Z</time>
      </trkpt>
      <trkpt lat="41.112679" lon="0.724839">
        <ele>144.24</ele>
        <time>2023-04-12T08:41:56.491Z</time>
      </trkpt>
      <trkpt lat="41.11269" lon="0.724351">
        <ele>145.12</ele>
        <time>2023-04-12T08:41:56.491Z</time>
      </trkpt>
      <trkpt lat="41.112725" lon="0.724181">
        <ele>145.35</ele>
        <time>2023-04-12T08:41:56.491Z</time>
      </trkpt>
      <trkpt lat="41.112928" lon="0.723612">
        <ele>145.2</ele>
        <time>2023-04-12T08:41:56.491Z</time>
      </trkpt>
      <trkpt lat="41.112974" lon="0.723434">
        <ele>144.88</ele>
        <time>2023-04-12T08:41:56.491Z</time>
      </trkpt>
      <trkpt lat="41.113129" lon="0.72256">
        <ele>144.09</ele>
        <time>2023-04-12T08:41:56.491Z</time>
      </trkpt>
      <trkpt lat="41.113251" lon="0.722108">
        <ele>144.08</ele>
        <time>2023-04-12T08:41:56.491Z</time>
      </trkpt>
      <trkpt lat="41.113637" lon="0.720683">
        <ele>144.02</ele>
        <time>2023-04-12T08:41:56.491Z</time>
      </trkpt>
      <trkpt lat="41.113966" lon="0.719815">
        <ele>143.59</ele>
        <time>2023-04-12T08:41:56.491Z</time>
      </trkpt>
      <trkpt lat="41.114024" lon="0.719629">
        <ele>143.96</ele>
        <time>2023-04-12T08:41:56.491Z</time>
      </trkpt>
      <trkpt lat="41.114097" lon="0.719439">
        <ele>143.56</ele>
        <time>2023-04-12T08:41:56.491Z</time>
      </trkpt>
      <trkpt lat="41.114146" lon="0.719355">
        <ele>143.94</ele>
        <time>2023-04-12T08:41:56.491Z</time>
      </trkpt>
      <trkpt lat="41.11423" lon="0.719307">
        <ele>144.05</ele>
        <time>2023-04-12T08:41:56.491Z</time>
      </trkpt>
      <trkpt lat="41.114325" lon="0.719323">
        <ele>144.5</ele>
        <time>2023-04-12T08:41:56.491Z</time>
      </trkpt>
      <trkpt lat="41.114599" lon="0.719435">
        <ele>143.66</ele>
        <time>2023-04-12T08:41:56.491Z</time>
      </trkpt>
      <trkpt lat="41.114691" lon="0.719502">
        <ele>143.04</ele>
        <time>2023-04-12T08:41:56.491Z</time>
      </trkpt>
      <trkpt lat="41.114837" lon="0.719782">
        <ele>142.21</ele>
        <time>2023-04-12T08:41:56.491Z</time>
      </trkpt>
      <trkpt lat="41.115003" lon="0.719979">
        <ele>142.3</ele>
        <time>2023-04-12T08:41:56.491Z</time>
      </trkpt>
      <trkpt lat="41.115074" lon="0.720094">
        <ele>142.56</ele>
        <time>2023-04-12T08:41:56.491Z</time>
      </trkpt>
      <trkpt lat="41.115187" lon="0.720376">
        <ele>142.07</ele>
        <time>2023-04-12T08:41:56.491Z</time>
      </trkpt>
      <trkpt lat="41.115271" lon="0.720967">
        <ele>141.69</ele>
        <time>2023-04-12T08:41:56.491Z</time>
      </trkpt>
      <trkpt lat="41.115318" lon="0.721145">
        <ele>141.82</ele>
        <time>2023-04-12T08:41:56.491Z</time>
      </trkpt>
      <trkpt lat="41.115335" lon="0.721403">
        <ele>142.12</ele>
        <time>2023-04-12T08:41:56.491Z</time>
      </trkpt>
      <trkpt lat="41.115364" lon="0.721538">
        <ele>142.39</ele>
        <time>2023-04-12T08:41:56.491Z</time>
      </trkpt>
      <trkpt lat="41.115416" lon="0.721632">
        <ele>142.56</ele>
        <time>2023-04-12T08:41:56.491Z</time>
      </trkpt>
      <trkpt lat="41.115473" lon="0.721682">
        <ele>142.78</ele>
        <time>2023-04-12T08:41:56.491Z</time>
      </trkpt>
      <trkpt lat="41.115577" lon="0.721707">
        <ele>143.07</ele>
        <time>2023-04-12T08:41:56.491Z</time>
      </trkpt>
      <trkpt lat="41.115648" lon="0.721699">
        <ele>143.51</ele>
        <time>2023-04-12T08:41:56.491Z</time>
      </trkpt>
      <trkpt lat="41.115786" lon="0.721652">
        <ele>144.03</ele>
        <time>2023-04-12T08:41:56.491Z</time>
      </trkpt>
      <trkpt lat="41.115882" lon="0.721587">
        <ele>144.24</ele>
        <time>2023-04-12T08:41:56.491Z</time>
      </trkpt>
      <trkpt lat="41.115928" lon="0.721513">
        <ele>144.41</ele>
        <time>2023-04-12T08:41:56.491Z</time>
      </trkpt>
      <trkpt lat="41.115976" lon="0.721436">
        <ele>144.59</ele>
        <time>2023-04-12T08:41:56.491Z</time>
      </trkpt>
      <trkpt lat="41.116201" lon="0.720763">
        <ele>144.95</ele>
        <time>2023-04-12T08:41:56.491Z</time>
      </trkpt>
      <trkpt lat="41.116216" lon="0.720611">
        <ele>144.75</ele>
        <time>2023-04-12T08:41:56.491Z</time>
      </trkpt>
      <trkpt lat="41.116167" lon="0.720143">
        <ele>144.59</ele>
        <time>2023-04-12T08:41:56.491Z</time>
      </trkpt>
      <trkpt lat="41.116197" lon="0.719999">
        <ele>144.62</ele>
        <time>2023-04-12T08:41:56.491Z</time>
      </trkpt>
      <trkpt lat="41.116386" lon="0.719818">
        <ele>144.77</ele>
        <time>2023-04-12T08:41:56.491Z</time>
      </trkpt>
      <trkpt lat="41.116408" lon="0.719714">
        <ele>144.87</ele>
        <time>2023-04-12T08:41:56.491Z</time>
      </trkpt>
      <trkpt lat="41.116391" lon="0.719399">
        <ele>144.15</ele>
        <time>2023-04-12T08:41:56.491Z</time>
      </trkpt>
      <trkpt lat="41.116459" lon="0.719041">
        <ele>143.22</ele>
        <time>2023-04-12T08:41:56.491Z</time>
      </trkpt>
      <trkpt lat="41.116495" lon="0.718969">
        <ele>143.13</ele>
        <time>2023-04-12T08:41:56.491Z</time>
      </trkpt>
      <trkpt lat="41.116538" lon="0.718935">
        <ele>142.97</ele>
        <time>2023-04-12T08:41:56.491Z</time>
      </trkpt>
      <trkpt lat="41.11662" lon="0.718919">
        <ele>142.85</ele>
        <time>2023-04-12T08:41:56.491Z</time>
      </trkpt>
      <trkpt lat="41.116816" lon="0.718945">
        <ele>143.38</ele>
        <time>2023-04-12T08:41:56.491Z</time>
      </trkpt>
      <trkpt lat="41.117075" lon="0.718931">
        <ele>143.29</ele>
        <time>2023-04-12T08:41:56.491Z</time>
      </trkpt>
      <trkpt lat="41.117164" lon="0.718883">
        <ele>143.56</ele>
        <time>2023-04-12T08:41:56.491Z</time>
      </trkpt>
      <trkpt lat="41.117219" lon="0.718824">
        <ele>143.69</ele>
        <time>2023-04-12T08:41:56.491Z</time>
      </trkpt>
      <trkpt lat="41.117321" lon="0.71866">
        <ele>143.39</ele>
        <time>2023-04-12T08:41:56.491Z</time>
      </trkpt>
      <trkpt lat="41.117444" lon="0.718415">
        <ele>143.33</ele>
        <time>2023-04-12T08:41:56.491Z</time>
      </trkpt>
      <trkpt lat="41.117815" lon="0.717536">
        <ele>143.89</ele>
        <time>2023-04-12T08:41:56.491Z</time>
      </trkpt>
      <trkpt lat="41.117915" lon="0.717355">
        <ele>143.51</ele>
        <time>2023-04-12T08:41:56.491Z</time>
      </trkpt>
      <trkpt lat="41.117972" lon="0.717285">
        <ele>143.43</ele>
        <time>2023-04-12T08:41:56.491Z</time>
      </trkpt>
      <trkpt lat="41.11806" lon="0.717178">
        <ele>143.31</ele>
        <time>2023-04-12T08:41:56.491Z</time>
      </trkpt>
      <trkpt lat="41.118107" lon="0.717159">
        <ele>142.89</ele>
        <time>2023-04-12T08:41:56.491Z</time>
      </trkpt>
      <trkpt lat="41.118134" lon="0.717148">
        <ele>142.68</ele>
        <time>2023-04-12T08:41:56.491Z</time>
      </trkpt>
      <trkpt lat="41.118204" lon="0.717154">
        <ele>142.31</ele>
        <time>2023-04-12T08:41:56.491Z</time>
      </trkpt>
      <trkpt lat="41.118727" lon="0.717379">
        <ele>142.32</ele>
        <time>2023-04-12T08:41:56.491Z</time>
      </trkpt>
      <trkpt lat="41.118944" lon="0.717518">
        <ele>141.73</ele>
        <time>2023-04-12T08:41:56.491Z</time>
      </trkpt>
      <trkpt lat="41.119007" lon="0.717583">
        <ele>141.55</ele>
        <time>2023-04-12T08:41:56.491Z</time>
      </trkpt>
      <trkpt lat="41.119048" lon="0.717683">
        <ele>140.88</ele>
        <time>2023-04-12T08:41:56.491Z</time>
      </trkpt>
      <trkpt lat="41.119037" lon="0.717841">
        <ele>140.38</ele>
        <time>2023-04-12T08:41:56.491Z</time>
      </trkpt>
      <trkpt lat="41.118933" lon="0.718193">
        <ele>139.85</ele>
        <time>2023-04-12T08:41:56.491Z</time>
      </trkpt>
      <trkpt lat="41.118855" lon="0.71858">
        <ele>140.01</ele>
        <time>2023-04-12T08:41:56.491Z</time>
      </trkpt>
      <trkpt lat="41.118657" lon="0.719127">
        <ele>141.49</ele>
        <time>2023-04-12T08:41:56.491Z</time>
      </trkpt>
      <trkpt lat="41.118639" lon="0.719288">
        <ele>141.77</ele>
        <time>2023-04-12T08:41:56.491Z</time>
      </trkpt>
      <trkpt lat="41.118656" lon="0.71939">
        <ele>141.93</ele>
        <time>2023-04-12T08:41:56.491Z</time>
      </trkpt>
      <trkpt lat="41.118763" lon="0.71968">
        <ele>142.25</ele>
        <time>2023-04-12T08:41:56.491Z</time>
      </trkpt>
      <trkpt lat="41.11884" lon="0.719748">
        <ele>143.14</ele>
        <time>2023-04-12T08:41:56.491Z</time>
      </trkpt>
      <trkpt lat="41.11892" lon="0.719732">
        <ele>144.65</ele>
        <time>2023-04-12T08:41:56.491Z</time>
      </trkpt>
      <trkpt lat="41.119198" lon="0.719457">
        <ele>144.61</ele>
        <time>2023-04-12T08:41:56.491Z</time>
      </trkpt>
      <trkpt lat="41.119323" lon="0.719362">
        <ele>144.4</ele>
        <time>2023-04-12T08:41:56.491Z</time>
      </trkpt>
      <trkpt lat="41.119407" lon="0.719327">
        <ele>143.69</ele>
        <time>2023-04-12T08:41:56.491Z</time>
      </trkpt>
      <trkpt lat="41.119468" lon="0.719327">
        <ele>143.55</ele>
        <time>2023-04-12T08:41:56.491Z</time>
      </trkpt>
      <trkpt lat="41.119526" lon="0.719352">
        <ele>142.33</ele>
        <time>2023-04-12T08:41:56.491Z</time>
      </trkpt>
      <trkpt lat="41.119594" lon="0.719423">
        <ele>140.81</ele>
        <time>2023-04-12T08:41:56.491Z</time>
      </trkpt>
      <trkpt lat="41.119666" lon="0.719585">
        <ele>140.23</ele>
        <time>2023-04-12T08:41:56.491Z</time>
      </trkpt>
      <trkpt lat="41.11971" lon="0.719739">
        <ele>140.13</ele>
        <time>2023-04-12T08:41:56.491Z</time>
      </trkpt>
      <trkpt lat="41.11979" lon="0.720247">
        <ele>140</ele>
        <time>2023-04-12T08:41:56.491Z</time>
      </trkpt>
      <trkpt lat="41.119797" lon="0.720434">
        <ele>138.8</ele>
        <time>2023-04-12T08:41:56.491Z</time>
      </trkpt>
      <trkpt lat="41.119727" lon="0.720811">
        <ele>139.09</ele>
        <time>2023-04-12T08:41:56.491Z</time>
      </trkpt>
      <trkpt lat="41.11965" lon="0.720983">
        <ele>138.94</ele>
        <time>2023-04-12T08:41:56.491Z</time>
      </trkpt>
      <trkpt lat="41.11938" lon="0.72138">
        <ele>139.3</ele>
        <time>2023-04-12T08:41:56.491Z</time>
      </trkpt>
      <trkpt lat="41.119298" lon="0.721536">
        <ele>139.13</ele>
        <time>2023-04-12T08:41:56.491Z</time>
      </trkpt>
      <trkpt lat="41.119085" lon="0.722004">
        <ele>141</ele>
        <time>2023-04-12T08:41:56.491Z</time>
      </trkpt>
      <trkpt lat="41.119055" lon="0.722094">
        <ele>141.34</ele>
        <time>2023-04-12T08:41:56.491Z</time>
      </trkpt>
      <trkpt lat="41.119047" lon="0.722186">
        <ele>141.47</ele>
        <time>2023-04-12T08:41:56.491Z</time>
      </trkpt>
      <trkpt lat="41.119093" lon="0.722284">
        <ele>142.22</ele>
        <time>2023-04-12T08:41:56.491Z</time>
      </trkpt>
      <trkpt lat="41.119157" lon="0.722313">
        <ele>143.02</ele>
        <time>2023-04-12T08:41:56.491Z</time>
      </trkpt>
      <trkpt lat="41.119425" lon="0.722316">
        <ele>142.2</ele>
        <time>2023-04-12T08:41:56.491Z</time>
      </trkpt>
      <trkpt lat="41.119709" lon="0.722354">
        <ele>142.52</ele>
        <time>2023-04-12T08:41:56.491Z</time>
      </trkpt>
      <trkpt lat="41.119973" lon="0.722527">
        <ele>141.41</ele>
        <time>2023-04-12T08:41:56.491Z</time>
      </trkpt>
      <trkpt lat="41.12007" lon="0.722647">
        <ele>140.69</ele>
        <time>2023-04-12T08:41:56.491Z</time>
      </trkpt>
      <trkpt lat="41.120115" lon="0.722811">
        <ele>139.95</ele>
        <time>2023-04-12T08:41:56.491Z</time>
      </trkpt>
      <trkpt lat="41.120124" lon="0.723169">
        <ele>139.65</ele>
        <time>2023-04-12T08:41:56.491Z</time>
      </trkpt>
      <trkpt lat="41.120083" lon="0.723296">
        <ele>139.8</ele>
        <time>2023-04-12T08:41:56.491Z</time>
      </trkpt>
      <trkpt lat="41.12001" lon="0.723347">
        <ele>139.54</ele>
        <time>2023-04-12T08:41:56.491Z</time>
      </trkpt>
      <trkpt lat="41.119865" lon="0.723346">
        <ele>139.53</ele>
        <time>2023-04-12T08:41:56.491Z</time>
      </trkpt>
      <trkpt lat="41.119779" lon="0.723345">
        <ele>139.53</ele>
        <time>2023-04-12T08:41:56.491Z</time>
      </trkpt>
      <trkpt lat="41.119623" lon="0.723384">
        <ele>139.47</ele>
        <time>2023-04-12T08:41:56.491Z</time>
      </trkpt>
      <trkpt lat="41.119505" lon="0.723487">
        <ele>139.63</ele>
        <time>2023-04-12T08:41:56.491Z</time>
      </trkpt>
      <trkpt lat="41.119341" lon="0.723673">
        <ele>140.46</ele>
        <time>2023-04-12T08:41:56.491Z</time>
      </trkpt>
      <trkpt lat="41.119297" lon="0.723746">
        <ele>140.72</ele>
        <time>2023-04-12T08:41:56.491Z</time>
      </trkpt>
      <trkpt lat="41.119285" lon="0.723843">
        <ele>141.25</ele>
        <time>2023-04-12T08:41:56.491Z</time>
      </trkpt>
      <trkpt lat="41.119302" lon="0.723906">
        <ele>141.35</ele>
        <time>2023-04-12T08:41:56.491Z</time>
      </trkpt>
      <trkpt lat="41.119348" lon="0.723974">
        <ele>141.69</ele>
        <time>2023-04-12T08:41:56.491Z</time>
      </trkpt>
      <trkpt lat="41.119687" lon="0.724185">
        <ele>140.76</ele>
        <time>2023-04-12T08:41:56.491Z</time>
      </trkpt>
      <trkpt lat="41.11978" lon="0.724276">
        <ele>140.65</ele>
        <time>2023-04-12T08:41:56.491Z</time>
      </trkpt>
      <trkpt lat="41.119838" lon="0.724407">
        <ele>140.12</ele>
        <time>2023-04-12T08:41:56.491Z</time>
      </trkpt>
      <trkpt lat="41.119849" lon="0.724475">
        <ele>140</ele>
        <time>2023-04-12T08:41:56.491Z</time>
      </trkpt>
      <trkpt lat="41.119837" lon="0.72465">
        <ele>139.27</ele>
        <time>2023-04-12T08:41:56.491Z</time>
      </trkpt>
      <trkpt lat="41.119796" lon="0.724866">
        <ele>139.36</ele>
        <time>2023-04-12T08:41:56.491Z</time>
      </trkpt>
      <trkpt lat="41.119727" lon="0.725071">
        <ele>139.78</ele>
        <time>2023-04-12T08:41:56.491Z</time>
      </trkpt>
      <trkpt lat="41.119643" lon="0.725192">
        <ele>139.37</ele>
        <time>2023-04-12T08:41:56.491Z</time>
      </trkpt>
      <trkpt lat="41.119508" lon="0.725278">
        <ele>139.42</ele>
        <time>2023-04-12T08:41:56.491Z</time>
      </trkpt>
      <trkpt lat="41.119412" lon="0.725293">
        <ele>139.87</ele>
        <time>2023-04-12T08:41:56.491Z</time>
      </trkpt>
      <trkpt lat="41.119098" lon="0.725282">
        <ele>139.89</ele>
        <time>2023-04-12T08:41:56.491Z</time>
      </trkpt>
      <trkpt lat="41.118989" lon="0.725331">
        <ele>139.65</ele>
        <time>2023-04-12T08:41:56.491Z</time>
      </trkpt>
      <trkpt lat="41.118943" lon="0.725409">
        <ele>140.04</ele>
        <time>2023-04-12T08:41:56.491Z</time>
      </trkpt>
      <trkpt lat="41.118936" lon="0.725485">
        <ele>140.09</ele>
        <time>2023-04-12T08:41:56.491Z</time>
      </trkpt>
      <trkpt lat="41.118956" lon="0.725573">
        <ele>140.39</ele>
        <time>2023-04-12T08:41:56.491Z</time>
      </trkpt>
      <trkpt lat="41.119029" lon="0.725735">
        <ele>140.66</ele>
        <time>2023-04-12T08:41:56.491Z</time>
      </trkpt>
      <trkpt lat="41.119073" lon="0.725792">
        <ele>140.64</ele>
        <time>2023-04-12T08:41:56.491Z</time>
      </trkpt>
      <trkpt lat="41.119506" lon="0.726077">
        <ele>140.41</ele>
        <time>2023-04-12T08:41:56.491Z</time>
      </trkpt>
      <trkpt lat="41.11961" lon="0.726205">
        <ele>139.74</ele>
        <time>2023-04-12T08:41:56.491Z</time>
      </trkpt>
      <trkpt lat="41.119657" lon="0.726355">
        <ele>139.05</ele>
        <time>2023-04-12T08:41:56.491Z</time>
      </trkpt>
      <trkpt lat="41.119652" lon="0.726505">
        <ele>138.33</ele>
        <time>2023-04-12T08:41:56.491Z</time>
      </trkpt>
      <trkpt lat="41.119611" lon="0.726673">
        <ele>138.62</ele>
        <time>2023-04-12T08:41:56.491Z</time>
      </trkpt>
      <trkpt lat="41.119397" lon="0.727324">
        <ele>139.37</ele>
        <time>2023-04-12T08:41:56.491Z</time>
      </trkpt>
      <trkpt lat="41.119358" lon="0.727481">
        <ele>139.67</ele>
        <time>2023-04-12T08:41:56.491Z</time>
      </trkpt>
      <trkpt lat="41.119355" lon="0.727689">
        <ele>139.71</ele>
        <time>2023-04-12T08:41:56.491Z</time>
      </trkpt>
      <trkpt lat="41.119352" lon="0.727931">
        <ele>139.98</ele>
        <time>2023-04-12T08:41:56.491Z</time>
      </trkpt>
      <trkpt lat="41.119402" lon="0.728355">
        <ele>140.34</ele>
        <time>2023-04-12T08:41:56.491Z</time>
      </trkpt>
      <trkpt lat="41.119438" lon="0.728435">
        <ele>140.58</ele>
        <time>2023-04-12T08:41:56.491Z</time>
      </trkpt>
      <trkpt lat="41.11948" lon="0.728468">
        <ele>141.5</ele>
        <time>2023-04-12T08:41:56.491Z</time>
      </trkpt>
      <trkpt lat="41.119548" lon="0.728453">
        <ele>143.47</ele>
        <time>2023-04-12T08:41:56.491Z</time>
      </trkpt>
      <trkpt lat="41.119597" lon="0.728391">
        <ele>143.74</ele>
        <time>2023-04-12T08:41:56.491Z</time>
      </trkpt>
      <trkpt lat="41.119906" lon="0.727698">
        <ele>142.79</ele>
        <time>2023-04-12T08:41:56.491Z</time>
      </trkpt>
      <trkpt lat="41.120076" lon="0.727471">
        <ele>141.54</ele>
        <time>2023-04-12T08:41:56.491Z</time>
      </trkpt>
      <trkpt lat="41.120203" lon="0.727389">
        <ele>141.14</ele>
        <time>2023-04-12T08:41:56.491Z</time>
      </trkpt>
      <trkpt lat="41.120255" lon="0.727388">
        <ele>140.87</ele>
        <time>2023-04-12T08:41:56.491Z</time>
      </trkpt>
      <trkpt lat="41.120312" lon="0.727413">
        <ele>139.84</ele>
        <time>2023-04-12T08:41:56.491Z</time>
      </trkpt>
      <trkpt lat="41.120368" lon="0.727469">
        <ele>139.19</ele>
        <time>2023-04-12T08:41:56.491Z</time>
      </trkpt>
      <trkpt lat="41.120542" lon="0.727785">
        <ele>138.96</ele>
        <time>2023-04-12T08:41:56.491Z</time>
      </trkpt>
      <trkpt lat="41.120585" lon="0.727963">
        <ele>138.88</ele>
        <time>2023-04-12T08:41:56.491Z</time>
      </trkpt>
      <trkpt lat="41.120611" lon="0.728292">
        <ele>138.66</ele>
        <time>2023-04-12T08:41:56.491Z</time>
      </trkpt>
      <trkpt lat="41.120605" lon="0.72853">
        <ele>138.84</ele>
        <time>2023-04-12T08:41:56.491Z</time>
      </trkpt>
      <trkpt lat="41.120563" lon="0.728697">
        <ele>138.06</ele>
        <time>2023-04-12T08:41:56.491Z</time>
      </trkpt>
      <trkpt lat="41.120511" lon="0.728835">
        <ele>136.97</ele>
        <time>2023-04-12T08:41:56.491Z</time>
      </trkpt>
      <trkpt lat="41.120264" lon="0.7294">
        <ele>137.44</ele>
        <time>2023-04-12T08:41:56.491Z</time>
      </trkpt>
      <trkpt lat="41.120225" lon="0.729519">
        <ele>137.26</ele>
        <time>2023-04-12T08:41:56.491Z</time>
      </trkpt>
      <trkpt lat="41.120199" lon="0.729656">
        <ele>137.63</ele>
        <time>2023-04-12T08:41:56.491Z</time>
      </trkpt>
      <trkpt lat="41.120162" lon="0.730354">
        <ele>138.56</ele>
        <time>2023-04-12T08:41:56.491Z</time>
      </trkpt>
      <trkpt lat="41.120051" lon="0.730728">
        <ele>138.19</ele>
        <time>2023-04-12T08:41:56.491Z</time>
      </trkpt>
      <trkpt lat="41.120035" lon="0.73083">
        <ele>138.52</ele>
        <time>2023-04-12T08:41:56.491Z</time>
      </trkpt>
      <trkpt lat="41.120059" lon="0.73118">
        <ele>139.07</ele>
        <time>2023-04-12T08:41:56.491Z</time>
      </trkpt>
      <trkpt lat="41.120059" lon="0.731442">
        <ele>138.43</ele>
        <time>2023-04-12T08:41:56.491Z</time>
      </trkpt>
      <trkpt lat="41.120014" lon="0.732055">
        <ele>138.62</ele>
        <time>2023-04-12T08:41:56.491Z</time>
      </trkpt>
      <trkpt lat="41.119935" lon="0.732281">
        <ele>138.95</ele>
        <time>2023-04-12T08:41:56.491Z</time>
      </trkpt>
      <trkpt lat="41.119731" lon="0.732715">
        <ele>138.92</ele>
        <time>2023-04-12T08:41:56.491Z</time>
      </trkpt>
      <trkpt lat="41.119693" lon="0.732811">
        <ele>139.4</ele>
        <time>2023-04-12T08:41:56.491Z</time>
      </trkpt>
      <trkpt lat="41.119677" lon="0.732902">
        <ele>139.65</ele>
        <time>2023-04-12T08:41:56.491Z</time>
      </trkpt>
      <trkpt lat="41.119684" lon="0.732969">
        <ele>139.97</ele>
        <time>2023-04-12T08:41:56.491Z</time>
      </trkpt>
      <trkpt lat="41.119721" lon="0.733045">
        <ele>139.98</ele>
        <time>2023-04-12T08:41:56.491Z</time>
      </trkpt>
      <trkpt lat="41.11978" lon="0.733095">
        <ele>141.13</ele>
        <time>2023-04-12T08:41:56.491Z</time>
      </trkpt>
      <trkpt lat="41.119865" lon="0.733111">
        <ele>141.41</ele>
        <time>2023-04-12T08:41:56.491Z</time>
      </trkpt>
      <trkpt lat="41.119943" lon="0.733092">
        <ele>141.44</ele>
        <time>2023-04-12T08:41:56.491Z</time>
      </trkpt>
      <trkpt lat="41.120181" lon="0.732955">
        <ele>141.01</ele>
        <time>2023-04-12T08:41:56.491Z</time>
      </trkpt>
      <trkpt lat="41.120258" lon="0.732958">
        <ele>140.63</ele>
        <time>2023-04-12T08:41:56.491Z</time>
      </trkpt>
      <trkpt lat="41.120341" lon="0.733037">
        <ele>139.63</ele>
        <time>2023-04-12T08:41:56.491Z</time>
      </trkpt>
      <trkpt lat="41.120762" lon="0.733912">
        <ele>140</ele>
        <time>2023-04-12T08:41:56.491Z</time>
      </trkpt>
      <trkpt lat="41.120851" lon="0.734049">
        <ele>140.49</ele>
        <time>2023-04-12T08:41:56.491Z</time>
      </trkpt>
      <trkpt lat="41.120979" lon="0.734173">
        <ele>138.99</ele>
        <time>2023-04-12T08:41:56.491Z</time>
      </trkpt>
      <trkpt lat="41.121319" lon="0.734364">
        <ele>138.85</ele>
        <time>2023-04-12T08:41:56.491Z</time>
      </trkpt>
      <trkpt lat="41.121388" lon="0.734372">
        <ele>140.01</ele>
        <time>2023-04-12T08:41:56.491Z</time>
      </trkpt>
      <trkpt lat="41.121445" lon="0.73435">
        <ele>140.78</ele>
        <time>2023-04-12T08:41:56.491Z</time>
      </trkpt>
      <trkpt lat="41.121466" lon="0.734326">
        <ele>140.84</ele>
        <time>2023-04-12T08:41:56.491Z</time>
      </trkpt>
      <trkpt lat="41.1216" lon="0.734173">
        <ele>141.19</ele>
        <time>2023-04-12T08:41:56.491Z</time>
      </trkpt>
      <trkpt lat="41.121882" lon="0.733776">
        <ele>140.7</ele>
        <time>2023-04-12T08:41:56.491Z</time>
      </trkpt>
      <trkpt lat="41.121935" lon="0.733616">
        <ele>140.39</ele>
        <time>2023-04-12T08:41:56.491Z</time>
      </trkpt>
      <trkpt lat="41.121907" lon="0.733423">
        <ele>140.39</ele>
        <time>2023-04-12T08:41:56.491Z</time>
      </trkpt>
      <trkpt lat="41.121626" lon="0.732693">
        <ele>140.1</ele>
        <time>2023-04-12T08:41:56.491Z</time>
      </trkpt>
      <trkpt lat="41.121575" lon="0.732417">
        <ele>140.48</ele>
        <time>2023-04-12T08:41:56.491Z</time>
      </trkpt>
      <trkpt lat="41.12153" lon="0.73218">
        <ele>140.8</ele>
        <time>2023-04-12T08:41:56.491Z</time>
      </trkpt>
      <trkpt lat="41.121542" lon="0.731979">
        <ele>141.31</ele>
        <time>2023-04-12T08:41:56.491Z</time>
      </trkpt>
      <trkpt lat="41.121521" lon="0.731506">
        <ele>146.83</ele>
        <time>2023-04-12T08:41:56.491Z</time>
      </trkpt>
      <trkpt lat="41.121519" lon="0.731471">
        <ele>147.24</ele>
        <time>2023-04-12T08:41:56.491Z</time>
      </trkpt>
      <trkpt lat="41.121567" lon="0.731384">
        <ele>146.85</ele>
        <time>2023-04-12T08:41:56.491Z</time>
      </trkpt>
      <trkpt lat="41.121618" lon="0.731409">
        <ele>146.43</ele>
        <time>2023-04-12T08:41:56.491Z</time>
      </trkpt>
      <trkpt lat="41.121791" lon="0.731706">
        <ele>148.92</ele>
        <time>2023-04-12T08:41:56.491Z</time>
      </trkpt>
      <trkpt lat="41.121903" lon="0.731824">
        <ele>150.96</ele>
        <time>2023-04-12T08:41:56.491Z</time>
      </trkpt>
      <trkpt lat="41.122037" lon="0.731916">
        <ele>153.11</ele>
        <time>2023-04-12T08:41:56.491Z</time>
      </trkpt>
      <trkpt lat="41.122284" lon="0.732022">
        <ele>157.75</ele>
        <time>2023-04-12T08:41:56.491Z</time>
      </trkpt>
      <trkpt lat="41.122686" lon="0.732253">
        <ele>162.15</ele>
        <time>2023-04-12T08:41:56.491Z</time>
      </trkpt>
      <trkpt lat="41.123129" lon="0.732433">
        <ele>169.85</ele>
        <time>2023-04-12T08:41:56.491Z</time>
      </trkpt>
      <trkpt lat="41.123598" lon="0.732701">
        <ele>175.81</ele>
        <time>2023-04-12T08:41:56.491Z</time>
      </trkpt>
      <trkpt lat="41.123744" lon="0.732747">
        <ele>176.46</ele>
        <time>2023-04-12T08:41:56.491Z</time>
      </trkpt>
      <trkpt lat="41.123823" lon="0.732741">
        <ele>177</ele>
        <time>2023-04-12T08:41:56.491Z</time>
      </trkpt>
      <trkpt lat="41.124163" lon="0.732641">
        <ele>177.37</ele>
        <time>2023-04-12T08:41:56.491Z</time>
      </trkpt>
      <trkpt lat="41.124305" lon="0.73265">
        <ele>177.63</ele>
        <time>2023-04-12T08:41:56.491Z</time>
      </trkpt>
      <trkpt lat="41.124399" lon="0.732682">
        <ele>177.42</ele>
        <time>2023-04-12T08:41:56.491Z</time>
      </trkpt>
      <trkpt lat="41.124619" lon="0.732813">
        <ele>177.21</ele>
        <time>2023-04-12T08:41:56.491Z</time>
      </trkpt>
      <trkpt lat="41.124722" lon="0.732842">
        <ele>178.12</ele>
        <time>2023-04-12T08:41:56.491Z</time>
      </trkpt>
      <trkpt lat="41.125073" lon="0.732781">
        <ele>180.15</ele>
        <time>2023-04-12T08:41:56.491Z</time>
      </trkpt>
      <trkpt lat="41.12516" lon="0.732797">
        <ele>180.06</ele>
        <time>2023-04-12T08:41:56.491Z</time>
      </trkpt>
      <trkpt lat="41.125345" lon="0.732891">
        <ele>181.14</ele>
        <time>2023-04-12T08:41:56.491Z</time>
      </trkpt>
      <trkpt lat="41.125326" lon="0.732954">
        <ele>181.87</ele>
        <time>2023-04-12T08:41:56.491Z</time>
      </trkpt>
      <trkpt lat="41.125366" lon="0.732785">
        <ele>180.45</ele>
        <time>2023-04-12T08:41:56.491Z</time>
      </trkpt>
      <trkpt lat="41.125553" lon="0.732746">
        <ele>182.18</ele>
        <time>2023-04-12T08:41:56.491Z</time>
      </trkpt>
      <trkpt lat="41.125685" lon="0.732613">
        <ele>183.44</ele>
        <time>2023-04-12T08:41:56.491Z</time>
      </trkpt>
      <trkpt lat="41.125834" lon="0.732602">
        <ele>186.49</ele>
        <time>2023-04-12T08:41:56.491Z</time>
      </trkpt>
      <trkpt lat="41.125906" lon="0.732482">
        <ele>187.98</ele>
        <time>2023-04-12T08:41:56.491Z</time>
      </trkpt>
      <trkpt lat="41.125965" lon="0.732377">
        <ele>188.4</ele>
        <time>2023-04-12T08:41:56.491Z</time>
      </trkpt>
      <trkpt lat="41.126028" lon="0.732339">
        <ele>189.15</ele>
        <time>2023-04-12T08:41:56.491Z</time>
      </trkpt>
      <trkpt lat="41.126116" lon="0.732085">
        <ele>188.96</ele>
        <time>2023-04-12T08:41:56.491Z</time>
      </trkpt>
      <trkpt lat="41.126217" lon="0.731792">
        <ele>189.46</ele>
        <time>2023-04-12T08:41:56.491Z</time>
      </trkpt>
      <trkpt lat="41.12628" lon="0.731545">
        <ele>190.01</ele>
        <time>2023-04-12T08:41:56.491Z</time>
      </trkpt>
      <trkpt lat="41.126438" lon="0.731614">
        <ele>194.07</ele>
        <time>2023-04-12T08:41:56.491Z</time>
      </trkpt>
      <trkpt lat="41.126453" lon="0.731539">
        <ele>193.98</ele>
        <time>2023-04-12T08:41:56.491Z</time>
      </trkpt>
      <trkpt lat="41.126496" lon="0.731429">
        <ele>194.58</ele>
        <time>2023-04-12T08:41:56.491Z</time>
      </trkpt>
      <trkpt lat="41.126507" lon="0.731608">
        <ele>195.15</ele>
        <time>2023-04-12T08:41:56.491Z</time>
      </trkpt>
      <trkpt lat="41.126506" lon="0.731669">
        <ele>195.4</ele>
        <time>2023-04-12T08:41:56.491Z</time>
      </trkpt>
      <trkpt lat="41.126507" lon="0.731608">
        <ele>195.15</ele>
        <time>2023-04-12T08:41:56.491Z</time>
      </trkpt>
      <trkpt lat="41.126496" lon="0.731429">
        <ele>194.58</ele>
        <time>2023-04-12T08:41:56.491Z</time>
      </trkpt>
      <trkpt lat="41.126538" lon="0.731398">
        <ele>194.84</ele>
        <time>2023-04-12T08:41:56.491Z</time>
      </trkpt>
      <trkpt lat="41.126607" lon="0.731409">
        <ele>194.95</ele>
        <time>2023-04-12T08:41:56.491Z</time>
      </trkpt>
      <trkpt lat="41.126833" lon="0.731423">
        <ele>192.76</ele>
        <time>2023-04-12T08:41:56.491Z</time>
      </trkpt>
      <trkpt lat="41.126832" lon="0.731408">
        <ele>192.82</ele>
        <time>2023-04-12T08:41:56.491Z</time>
      </trkpt>
      <trkpt lat="41.12681" lon="0.731606">
        <ele>191.65</ele>
        <time>2023-04-12T08:41:56.491Z</time>
      </trkpt>
      <trkpt lat="41.126859" lon="0.731895">
        <ele>186.31</ele>
        <time>2023-04-12T08:41:56.491Z</time>
      </trkpt>
      <trkpt lat="41.126839" lon="0.732295">
        <ele>184.17</ele>
        <time>2023-04-12T08:41:56.491Z</time>
      </trkpt>
      <trkpt lat="41.126891" lon="0.732299">
        <ele>183.7</ele>
        <time>2023-04-12T08:41:56.491Z</time>
      </trkpt>
      <trkpt lat="41.126919" lon="0.732042">
        <ele>183.9</ele>
        <time>2023-04-12T08:41:56.491Z</time>
      </trkpt>
      <trkpt lat="41.127045" lon="0.731317">
        <ele>184.57</ele>
        <time>2023-04-12T08:41:56.491Z</time>
      </trkpt>
      <trkpt lat="41.127195" lon="0.730451">
        <ele>183.01</ele>
        <time>2023-04-12T08:41:56.491Z</time>
      </trkpt>
      <trkpt lat="41.127233" lon="0.730231">
        <ele>182.62</ele>
        <time>2023-04-12T08:41:56.491Z</time>
      </trkpt>
      <trkpt lat="41.127304" lon="0.729936">
        <ele>183.07</ele>
        <time>2023-04-12T08:41:56.491Z</time>
      </trkpt>
      <trkpt lat="41.12744" lon="0.729609">
        <ele>181.93</ele>
        <time>2023-04-12T08:41:56.491Z</time>
      </trkpt>
      <trkpt lat="41.127505" lon="0.729499">
        <ele>182.31</ele>
        <time>2023-04-12T08:41:56.491Z</time>
      </trkpt>
      <trkpt lat="41.127684" lon="0.729252">
        <ele>183.94</ele>
        <time>2023-04-12T08:41:56.491Z</time>
      </trkpt>
      <trkpt lat="41.128005" lon="0.728807">
        <ele>184.02</ele>
        <time>2023-04-12T08:41:56.491Z</time>
      </trkpt>
      <trkpt lat="41.128041" lon="0.728758">
        <ele>184.03</ele>
        <time>2023-04-12T08:41:56.491Z</time>
      </trkpt>
      <trkpt lat="41.128128" lon="0.728759">
        <ele>184.04</ele>
        <time>2023-04-12T08:41:56.491Z</time>
      </trkpt>
      <trkpt lat="41.128572" lon="0.728471">
        <ele>183.61</ele>
        <time>2023-04-12T08:41:56.491Z</time>
      </trkpt>
      <trkpt lat="41.128773" lon="0.728164">
        <ele>183.52</ele>
        <time>2023-04-12T08:41:56.491Z</time>
      </trkpt>
      <trkpt lat="41.128903" lon="0.727819">
        <ele>184.83</ele>
        <time>2023-04-12T08:41:56.491Z</time>
      </trkpt>
      <trkpt lat="41.12898" lon="0.727616">
        <ele>185.61</ele>
        <time>2023-04-12T08:41:56.491Z</time>
      </trkpt>
      <trkpt lat="41.12929" lon="0.72746">
        <ele>185.63</ele>
        <time>2023-04-12T08:41:56.491Z</time>
      </trkpt>
      <trkpt lat="41.12981" lon="0.727125">
        <ele>183.24</ele>
        <time>2023-04-12T08:41:56.491Z</time>
      </trkpt>
      <trkpt lat="41.130034" lon="0.727061">
        <ele>182.04</ele>
        <time>2023-04-12T08:41:56.491Z</time>
      </trkpt>
      <trkpt lat="41.130569" lon="0.727184">
        <ele>180.38</ele>
        <time>2023-04-12T08:41:56.491Z</time>
      </trkpt>
      <trkpt lat="41.130615" lon="0.727139">
        <ele>179.87</ele>
        <time>2023-04-12T08:41:56.491Z</time>
      </trkpt>
      <trkpt lat="41.130594" lon="0.726797">
        <ele>180.74</ele>
        <time>2023-04-12T08:41:56.491Z</time>
      </trkpt>
      <trkpt lat="41.130658" lon="0.72669">
        <ele>179.45</ele>
        <time>2023-04-12T08:41:56.491Z</time>
      </trkpt>
      <trkpt lat="41.130776" lon="0.726502">
        <ele>180.85</ele>
        <time>2023-04-12T08:41:56.491Z</time>
      </trkpt>
      <trkpt lat="41.131239" lon="0.726058">
        <ele>187.27</ele>
        <time>2023-04-12T08:41:56.491Z</time>
      </trkpt>
      <trkpt lat="41.131596" lon="0.726236">
        <ele>185.76</ele>
        <time>2023-04-12T08:41:56.491Z</time>
      </trkpt>
      <trkpt lat="41.131789" lon="0.726071">
        <ele>185.04</ele>
        <time>2023-04-12T08:41:56.491Z</time>
      </trkpt>
      <trkpt lat="41.132176" lon="0.725742">
        <ele>187.83</ele>
        <time>2023-04-12T08:41:56.491Z</time>
      </trkpt>
      <trkpt lat="41.132414" lon="0.725722">
        <ele>186.72</ele>
        <time>2023-04-12T08:41:56.491Z</time>
      </trkpt>
      <trkpt lat="41.132726" lon="0.725801">
        <ele>188.96</ele>
        <time>2023-04-12T08:41:56.491Z</time>
      </trkpt>
      <trkpt lat="41.132992" lon="0.725751">
        <ele>187.91</ele>
        <time>2023-04-12T08:41:56.491Z</time>
      </trkpt>
      <trkpt lat="41.133247" lon="0.725702">
        <ele>186.9</ele>
        <time>2023-04-12T08:41:56.491Z</time>
      </trkpt>
      <trkpt lat="41.133515" lon="0.725551">
        <ele>185.28</ele>
        <time>2023-04-12T08:41:56.491Z</time>
      </trkpt>
      <trkpt lat="41.134051" lon="0.725248">
        <ele>188.45</ele>
        <time>2023-04-12T08:41:56.491Z</time>
      </trkpt>
      <trkpt lat="41.134337" lon="0.72524">
        <ele>189.1</ele>
        <time>2023-04-12T08:41:56.491Z</time>
      </trkpt>
      <trkpt lat="41.134908" lon="0.725225">
        <ele>185.62</ele>
        <time>2023-04-12T08:41:56.491Z</time>
      </trkpt>
      <trkpt lat="41.135194" lon="0.725217">
        <ele>186.48</ele>
        <time>2023-04-12T08:41:56.491Z</time>
      </trkpt>
      <trkpt lat="41.135524" lon="0.725209">
        <ele>192.41</ele>
        <time>2023-04-12T08:41:56.491Z</time>
      </trkpt>
      <trkpt lat="41.13595" lon="0.725604">
        <ele>187.64</ele>
        <time>2023-04-12T08:41:56.491Z</time>
      </trkpt>
      <trkpt lat="41.136163" lon="0.725801">
        <ele>189.84</ele>
        <time>2023-04-12T08:41:56.491Z</time>
      </trkpt>
      <trkpt lat="41.13661" lon="0.725762">
        <ele>182.58</ele>
        <time>2023-04-12T08:41:56.491Z</time>
      </trkpt>
      <trkpt lat="41.137" lon="0.725396">
        <ele>174.09</ele>
        <time>2023-04-12T08:41:56.491Z</time>
      </trkpt>
      <trkpt lat="41.137119" lon="0.725229">
        <ele>171.22</ele>
        <time>2023-04-12T08:41:56.491Z</time>
      </trkpt>
      <trkpt lat="41.137458" lon="0.724754">
        <ele>163.06</ele>
        <time>2023-04-12T08:41:56.491Z</time>
      </trkpt>
      <trkpt lat="41.137829" lon="0.724142">
        <ele>158.66</ele>
        <time>2023-04-12T08:41:56.491Z</time>
      </trkpt>
      <trkpt lat="41.137894" lon="0.723819">
        <ele>154.83</ele>
        <time>2023-04-12T08:41:56.491Z</time>
      </trkpt>
      <trkpt lat="41.137958" lon="0.723497">
        <ele>154.01</ele>
        <time>2023-04-12T08:41:56.491Z</time>
      </trkpt>
      <trkpt lat="41.138023" lon="0.723174">
        <ele>148.96</ele>
        <time>2023-04-12T08:41:56.491Z</time>
      </trkpt>
      <trkpt lat="41.138291" lon="0.723016">
        <ele>147.25</ele>
        <time>2023-04-12T08:41:56.491Z</time>
      </trkpt>
      <trkpt lat="41.138514" lon="0.722463">
        <ele>141.97</ele>
        <time>2023-04-12T08:41:56.491Z</time>
      </trkpt>
      <trkpt lat="41.138685" lon="0.722206">
        <ele>141.84</ele>
        <time>2023-04-12T08:41:56.491Z</time>
      </trkpt>
      <trkpt lat="41.138856" lon="0.721949">
        <ele>137.96</ele>
        <time>2023-04-12T08:41:56.491Z</time>
      </trkpt>
      <trkpt lat="41.1396" lon="0.721534">
        <ele>127.46</ele>
        <time>2023-04-12T08:41:56.491Z</time>
      </trkpt>
      <trkpt lat="41.139816" lon="0.721317">
        <ele>123.61</ele>
        <time>2023-04-12T08:41:56.491Z</time>
      </trkpt>
      <trkpt lat="41.139914" lon="0.721218">
        <ele>120.16</ele>
        <time>2023-04-12T08:41:56.491Z</time>
      </trkpt>
      <trkpt lat="41.140031" lon="0.7211">
        <ele>116.04</ele>
        <time>2023-04-12T08:41:56.491Z</time>
      </trkpt>
      <trkpt lat="41.140284" lon="0.721218">
        <ele>114.72</ele>
        <time>2023-04-12T08:41:56.491Z</time>
      </trkpt>
      <trkpt lat="41.140656" lon="0.72106">
        <ele>117.79</ele>
        <time>2023-04-12T08:41:56.491Z</time>
      </trkpt>
      <trkpt lat="41.140904" lon="0.721212">
        <ele>117.04</ele>
        <time>2023-04-12T08:41:56.491Z</time>
      </trkpt>
      <trkpt lat="41.141152" lon="0.721363">
        <ele>113.93</ele>
        <time>2023-04-12T08:41:56.491Z</time>
      </trkpt>
      <trkpt lat="41.1414" lon="0.721515">
        <ele>113.72</ele>
        <time>2023-04-12T08:41:56.491Z</time>
      </trkpt>
      <trkpt lat="41.141623" lon="0.721179">
        <ele>108.9</ele>
        <time>2023-04-12T08:41:56.491Z</time>
      </trkpt>
      <trkpt lat="41.141921" lon="0.721001">
        <ele>104.98</ele>
        <time>2023-04-12T08:41:56.491Z</time>
      </trkpt>
      <trkpt lat="41.142173" lon="0.721337">
        <ele>96.85</ele>
        <time>2023-04-12T08:41:56.491Z</time>
      </trkpt>
      <trkpt lat="41.142352" lon="0.72112">
        <ele>87.06</ele>
        <time>2023-04-12T08:41:56.491Z</time>
      </trkpt>
      <trkpt lat="41.142535" lon="0.721363">
        <ele>79.49</ele>
        <time>2023-04-12T08:41:56.491Z</time>
      </trkpt>
      <trkpt lat="41.142719" lon="0.721607">
        <ele>74.79</ele>
        <time>2023-04-12T08:41:56.491Z</time>
      </trkpt>
      <trkpt lat="41.142902" lon="0.72185">
        <ele>72.89</ele>
        <time>2023-04-12T08:41:56.491Z</time>
      </trkpt>
      <trkpt lat="41.142921" lon="0.721834">
        <ele>72.19</ele>
        <time>2023-04-12T08:41:56.491Z</time>
      </trkpt>
      <trkpt lat="41.143111" lon="0.721666">
        <ele>65</ele>
        <time>2023-04-12T08:41:56.491Z</time>
      </trkpt>
      <trkpt lat="41.143319" lon="0.721482">
        <ele>65.48</ele>
        <time>2023-04-12T08:41:56.491Z</time>
      </trkpt>
      <trkpt lat="41.143527" lon="0.721297">
        <ele>70.04</ele>
        <time>2023-04-12T08:41:56.491Z</time>
      </trkpt>
      <trkpt lat="41.144271" lon="0.722008">
        <ele>90.42</ele>
        <time>2023-04-12T08:41:56.491Z</time>
      </trkpt>
      <trkpt lat="41.144539" lon="0.722068">
        <ele>93.2</ele>
        <time>2023-04-12T08:41:56.491Z</time>
      </trkpt>
      <trkpt lat="41.144658" lon="0.721791">
        <ele>99.84</ele>
        <time>2023-04-12T08:41:56.491Z</time>
      </trkpt>
      <trkpt lat="41.144925" lon="0.721732">
        <ele>106.05</ele>
        <time>2023-04-12T08:41:56.491Z</time>
      </trkpt>
      <trkpt lat="41.145134" lon="0.721436">
        <ele>114.34</ele>
        <time>2023-04-12T08:41:56.491Z</time>
      </trkpt>
      <trkpt lat="41.145401" lon="0.721357">
        <ele>121.2</ele>
        <time>2023-04-12T08:41:56.491Z</time>
      </trkpt>
      <trkpt lat="41.14555" lon="0.720922">
        <ele>126.56</ele>
        <time>2023-04-12T08:41:56.491Z</time>
      </trkpt>
      <trkpt lat="41.145476" lon="0.720645">
        <ele>126.12</ele>
        <time>2023-04-12T08:41:56.491Z</time>
      </trkpt>
      <trkpt lat="41.145401" lon="0.720369">
        <ele>132.32</ele>
        <time>2023-04-12T08:41:56.491Z</time>
      </trkpt>
      <trkpt lat="41.145573" lon="0.719994">
        <ele>136.71</ele>
        <time>2023-04-12T08:41:56.491Z</time>
      </trkpt>
      <trkpt lat="41.145744" lon="0.719618">
        <ele>136.01</ele>
        <time>2023-04-12T08:41:56.491Z</time>
      </trkpt>
      <trkpt lat="41.145684" lon="0.719164">
        <ele>136.01</ele>
        <time>2023-04-12T08:41:56.491Z</time>
      </trkpt>
      <trkpt lat="41.145758" lon="0.718988">
        <ele>139.23</ele>
        <time>2023-04-12T08:41:56.491Z</time>
      </trkpt>
      <trkpt lat="41.145907" lon="0.718631">
        <ele>145.76</ele>
        <time>2023-04-12T08:41:56.491Z</time>
      </trkpt>
      <trkpt lat="41.145736" lon="0.718374">
        <ele>149.5</ele>
        <time>2023-04-12T08:41:56.491Z</time>
      </trkpt>
      <trkpt lat="41.145565" lon="0.718117">
        <ele>155.37</ele>
        <time>2023-04-12T08:41:56.491Z</time>
      </trkpt>
      <trkpt lat="41.145595" lon="0.717682">
        <ele>162.25</ele>
        <time>2023-04-12T08:41:56.491Z</time>
      </trkpt>
      <trkpt lat="41.14555" lon="0.717169">
        <ele>167.82</ele>
        <time>2023-04-12T08:41:56.491Z</time>
      </trkpt>
      <trkpt lat="41.145692" lon="0.716843">
        <ele>169.89</ele>
        <time>2023-04-12T08:41:56.491Z</time>
      </trkpt>
      <trkpt lat="41.145833" lon="0.716517">
        <ele>168.34</ele>
        <time>2023-04-12T08:41:56.491Z</time>
      </trkpt>
      <trkpt lat="41.14604" lon="0.71587">
        <ele>166.74</ele>
        <time>2023-04-12T08:41:56.491Z</time>
      </trkpt>
      <trkpt lat="41.146259" lon="0.715784">
        <ele>163.87</ele>
        <time>2023-04-12T08:41:56.491Z</time>
      </trkpt>
      <trkpt lat="41.146477" lon="0.715728">
        <ele>160.08</ele>
        <time>2023-04-12T08:41:56.491Z</time>
      </trkpt>
      <trkpt lat="41.147064" lon="0.71547">
        <ele>159.98</ele>
        <time>2023-04-12T08:41:56.491Z</time>
      </trkpt>
      <trkpt lat="41.14734" lon="0.715227">
        <ele>163.17</ele>
        <time>2023-04-12T08:41:56.491Z</time>
      </trkpt>
      <trkpt lat="41.147498" lon="0.715088">
        <ele>162.35</ele>
        <time>2023-04-12T08:41:56.491Z</time>
      </trkpt>
      <trkpt lat="41.147616" lon="0.714984">
        <ele>161.73</ele>
        <time>2023-04-12T08:41:56.491Z</time>
      </trkpt>
      <trkpt lat="41.147978" lon="0.714461">
        <ele>165.75</ele>
        <time>2023-04-12T08:41:56.491Z</time>
      </trkpt>
      <trkpt lat="41.14804" lon="0.71442">
        <ele>165.09</ele>
        <time>2023-04-12T08:41:56.491Z</time>
      </trkpt>
      <trkpt lat="41.148149" lon="0.714321">
        <ele>165.33</ele>
        <time>2023-04-12T08:41:56.491Z</time>
      </trkpt>
      <trkpt lat="41.148212" lon="0.714275">
        <ele>165.74</ele>
        <time>2023-04-12T08:41:56.491Z</time>
      </trkpt>
      <trkpt lat="41.148375" lon="0.714224">
        <ele>166.66</ele>
        <time>2023-04-12T08:41:56.491Z</time>
      </trkpt>
      <trkpt lat="41.148523" lon="0.714162">
        <ele>167.13</ele>
        <time>2023-04-12T08:41:56.491Z</time>
      </trkpt>
      <trkpt lat="41.148674" lon="0.714042">
        <ele>166.5</ele>
        <time>2023-04-12T08:41:56.491Z</time>
      </trkpt>
      <trkpt lat="41.148816" lon="0.713958">
        <ele>167.08</ele>
        <time>2023-04-12T08:41:56.491Z</time>
      </trkpt>
      <trkpt lat="41.14908" lon="0.713933">
        <ele>166.52</ele>
        <time>2023-04-12T08:41:56.491Z</time>
      </trkpt>
      <trkpt lat="41.149146" lon="0.713787">
        <ele>166.79</ele>
        <time>2023-04-12T08:41:56.491Z</time>
      </trkpt>
      <trkpt lat="41.149466" lon="0.713081">
        <ele>168.13</ele>
        <time>2023-04-12T08:41:56.491Z</time>
      </trkpt>
      <trkpt lat="41.150023" lon="0.712687">
        <ele>166.5</ele>
        <time>2023-04-12T08:41:56.491Z</time>
      </trkpt>
      <trkpt lat="41.150177" lon="0.712456">
        <ele>167.05</ele>
        <time>2023-04-12T08:41:56.491Z</time>
      </trkpt>
      <trkpt lat="41.150485" lon="0.711994">
        <ele>164.53</ele>
        <time>2023-04-12T08:41:56.491Z</time>
      </trkpt>
      <trkpt lat="41.151232" lon="0.711207">
        <ele>163.37</ele>
        <time>2023-04-12T08:41:56.491Z</time>
      </trkpt>
      <trkpt lat="41.151564" lon="0.710525">
        <ele>163.61</ele>
        <time>2023-04-12T08:41:56.491Z</time>
      </trkpt>
      <trkpt lat="41.15173" lon="0.710184">
        <ele>165.86</ele>
        <time>2023-04-12T08:41:56.491Z</time>
      </trkpt>
      <trkpt lat="41.151722" lon="0.710156">
        <ele>166.21</ele>
        <time>2023-04-12T08:41:56.491Z</time>
      </trkpt>
      <trkpt lat="41.151625" lon="0.709815">
        <ele>170.6</ele>
        <time>2023-04-12T08:41:56.491Z</time>
      </trkpt>
      <trkpt lat="41.151658" lon="0.709721">
        <ele>170.63</ele>
        <time>2023-04-12T08:41:56.491Z</time>
      </trkpt>
      <trkpt lat="41.151732" lon="0.70908">
        <ele>170.14</ele>
        <time>2023-04-12T08:41:56.491Z</time>
      </trkpt>
      <trkpt lat="41.151791" lon="0.708822">
        <ele>171.15</ele>
        <time>2023-04-12T08:41:56.491Z</time>
      </trkpt>
      <trkpt lat="41.151831" lon="0.708708">
        <ele>171.55</ele>
        <time>2023-04-12T08:41:56.491Z</time>
      </trkpt>
      <trkpt lat="41.151909" lon="0.708558">
        <ele>171.49</ele>
        <time>2023-04-12T08:41:56.491Z</time>
      </trkpt>
      <trkpt lat="41.15224" lon="0.708017">
        <ele>172.11</ele>
        <time>2023-04-12T08:41:56.491Z</time>
      </trkpt>
      <trkpt lat="41.152378" lon="0.707727">
        <ele>172.4</ele>
        <time>2023-04-12T08:41:56.491Z</time>
      </trkpt>
      <trkpt lat="41.152577" lon="0.707378">
        <ele>173.44</ele>
        <time>2023-04-12T08:41:56.491Z</time>
      </trkpt>
      <trkpt lat="41.152927" lon="0.706831">
        <ele>174.6</ele>
        <time>2023-04-12T08:41:56.491Z</time>
      </trkpt>
      <trkpt lat="41.153181" lon="0.706525">
        <ele>174.83</ele>
        <time>2023-04-12T08:41:56.491Z</time>
      </trkpt>
      <trkpt lat="41.153268" lon="0.706419">
        <ele>174.91</ele>
        <time>2023-04-12T08:41:56.491Z</time>
      </trkpt>
      <trkpt lat="41.153431" lon="0.70619">
        <ele>174.78</ele>
        <time>2023-04-12T08:41:56.491Z</time>
      </trkpt>
      <trkpt lat="41.153608" lon="0.706027">
        <ele>173.74</ele>
        <time>2023-04-12T08:41:56.491Z</time>
      </trkpt>
      <trkpt lat="41.15368" lon="0.705983">
        <ele>173.77</ele>
        <time>2023-04-12T08:41:56.491Z</time>
      </trkpt>
      <trkpt lat="41.153817" lon="0.705944">
        <ele>174.22</ele>
        <time>2023-04-12T08:41:56.491Z</time>
      </trkpt>
      <trkpt lat="41.154049" lon="0.705963">
        <ele>173.51</ele>
        <time>2023-04-12T08:41:56.491Z</time>
      </trkpt>
      <trkpt lat="41.154451" lon="0.705959">
        <ele>173.6</ele>
        <time>2023-04-12T08:41:56.491Z</time>
      </trkpt>
      <trkpt lat="41.15471" lon="0.705895">
        <ele>174.9</ele>
        <time>2023-04-12T08:41:56.491Z</time>
      </trkpt>
      <trkpt lat="41.155154" lon="0.705721">
        <ele>178.5</ele>
        <time>2023-04-12T08:41:56.491Z</time>
      </trkpt>
      <trkpt lat="41.15526" lon="0.705702">
        <ele>179.01</ele>
        <time>2023-04-12T08:41:56.491Z</time>
      </trkpt>
      <trkpt lat="41.155607" lon="0.705723">
        <ele>180</ele>
        <time>2023-04-12T08:41:56.491Z</time>
      </trkpt>
      <trkpt lat="41.155821" lon="0.705604">
        <ele>180.59</ele>
        <time>2023-04-12T08:41:56.491Z</time>
      </trkpt>
      <trkpt lat="41.156292" lon="0.705387">
        <ele>180.85</ele>
        <time>2023-04-12T08:41:56.491Z</time>
      </trkpt>
      <trkpt lat="41.156716" lon="0.705266">
        <ele>181.81</ele>
        <time>2023-04-12T08:41:56.491Z</time>
      </trkpt>
      <trkpt lat="41.157286" lon="0.705246">
        <ele>181.68</ele>
        <time>2023-04-12T08:41:56.491Z</time>
      </trkpt>
      <trkpt lat="41.157558" lon="0.705192">
        <ele>179.96</ele>
        <time>2023-04-12T08:41:56.491Z</time>
      </trkpt>
      <trkpt lat="41.158056" lon="0.705189">
        <ele>180</ele>
        <time>2023-04-12T08:41:56.491Z</time>
      </trkpt>
      <trkpt lat="41.158516" lon="0.705058">
        <ele>186.23</ele>
        <time>2023-04-12T08:41:56.491Z</time>
      </trkpt>
      <trkpt lat="41.158592" lon="0.705022">
        <ele>186.71</ele>
        <time>2023-04-12T08:41:56.491Z</time>
      </trkpt>
      <trkpt lat="41.158667" lon="0.704986">
        <ele>187.18</ele>
        <time>2023-04-12T08:41:56.491Z</time>
      </trkpt>
      <trkpt lat="41.159123" lon="0.704691">
        <ele>190.79</ele>
        <time>2023-04-12T08:41:56.491Z</time>
      </trkpt>
      <trkpt lat="41.159356" lon="0.704519">
        <ele>192.75</ele>
        <time>2023-04-12T08:41:56.491Z</time>
      </trkpt>
      <trkpt lat="41.159667" lon="0.704337">
        <ele>193.95</ele>
        <time>2023-04-12T08:41:56.491Z</time>
      </trkpt>
      <trkpt lat="41.159779" lon="0.704294">
        <ele>194.41</ele>
        <time>2023-04-12T08:41:56.491Z</time>
      </trkpt>
      <trkpt lat="41.159876" lon="0.704244">
        <ele>195.16</ele>
        <time>2023-04-12T08:41:56.491Z</time>
      </trkpt>
      <trkpt lat="41.159912" lon="0.704226">
        <ele>195.44</ele>
        <time>2023-04-12T08:41:56.491Z</time>
      </trkpt>
      <trkpt lat="41.160033" lon="0.70487">
        <ele>190.57</ele>
        <time>2023-04-12T08:41:56.491Z</time>
      </trkpt>
      <trkpt lat="41.160083" lon="0.705137">
        <ele>191.17</ele>
        <time>2023-04-12T08:41:56.491Z</time>
      </trkpt>
      <trkpt lat="41.160094" lon="0.705191">
        <ele>191.29</ele>
        <time>2023-04-12T08:41:56.491Z</time>
      </trkpt>
      <trkpt lat="41.160071" lon="0.705484">
        <ele>191.66</ele>
        <time>2023-04-12T08:41:56.491Z</time>
      </trkpt>
      <trkpt lat="41.160055" lon="0.705572">
        <ele>192.31</ele>
        <time>2023-04-12T08:41:56.491Z</time>
      </trkpt>
      <trkpt lat="41.160048" lon="0.705796">
        <ele>194.3</ele>
        <time>2023-04-12T08:41:56.491Z</time>
      </trkpt>
      <trkpt lat="41.160087" lon="0.705886">
        <ele>194.29</ele>
        <time>2023-04-12T08:41:56.491Z</time>
      </trkpt>
      <trkpt lat="41.16012" lon="0.705903">
        <ele>194.02</ele>
        <time>2023-04-12T08:41:56.491Z</time>
      </trkpt>
      <trkpt lat="41.160167" lon="0.705926">
        <ele>193.65</ele>
        <time>2023-04-12T08:41:56.491Z</time>
      </trkpt>
      <trkpt lat="41.160483" lon="0.70601">
        <ele>194.89</ele>
        <time>2023-04-12T08:41:56.491Z</time>
      </trkpt>
      <trkpt lat="41.160561" lon="0.706034">
        <ele>195.76</ele>
        <time>2023-04-12T08:41:56.491Z</time>
      </trkpt>
      <trkpt lat="41.160611" lon="0.706034">
        <ele>196.5</ele>
        <time>2023-04-12T08:41:56.491Z</time>
      </trkpt>
      <trkpt lat="41.161047" lon="0.705931">
        <ele>203.65</ele>
        <time>2023-04-12T08:41:56.491Z</time>
      </trkpt>
      <trkpt lat="41.161425" lon="0.705826">
        <ele>209.23</ele>
        <time>2023-04-12T08:41:56.491Z</time>
      </trkpt>
      <trkpt lat="41.161567" lon="0.7058">
        <ele>211.58</ele>
        <time>2023-04-12T08:41:56.491Z</time>
      </trkpt>
      <trkpt lat="41.161859" lon="0.705734">
        <ele>214</ele>
        <time>2023-04-12T08:41:56.491Z</time>
      </trkpt>
      <trkpt lat="41.161952" lon="0.705739">
        <ele>214</ele>
        <time>2023-04-12T08:41:56.491Z</time>
      </trkpt>
      <trkpt lat="41.16225" lon="0.705752">
        <ele>214.94</ele>
        <time>2023-04-12T08:41:56.491Z</time>
      </trkpt>
      <trkpt lat="41.16238" lon="0.705775">
        <ele>215.49</ele>
        <time>2023-04-12T08:41:56.491Z</time>
      </trkpt>
      <trkpt lat="41.162414" lon="0.705457">
        <ele>214.88</ele>
        <time>2023-04-12T08:41:56.491Z</time>
      </trkpt>
      <trkpt lat="41.162302" lon="0.705381">
        <ele>213.82</ele>
        <time>2023-04-12T08:41:56.491Z</time>
      </trkpt>
      <trkpt lat="41.162213" lon="0.705286">
        <ele>212.57</ele>
        <time>2023-04-12T08:41:56.491Z</time>
      </trkpt>
      <trkpt lat="41.162707" lon="0.705286">
        <ele>215.07</ele>
        <time>2023-04-12T08:41:56.491Z</time>
      </trkpt>
      <trkpt lat="41.16344" lon="0.705287">
        <ele>218.78</ele>
        <time>2023-04-12T08:41:56.491Z</time>
      </trkpt>
      <trkpt lat="41.163448" lon="0.705444">
        <ele>219.86</ele>
        <time>2023-04-12T08:41:56.491Z</time>
      </trkpt>
      <trkpt lat="41.163461" lon="0.705703">
        <ele>221.64</ele>
        <time>2023-04-12T08:41:56.491Z</time>
      </trkpt>
      <trkpt lat="41.163458" lon="0.705769">
        <ele>221.77</ele>
        <time>2023-04-12T08:41:56.491Z</time>
      </trkpt>
      <trkpt lat="41.163443" lon="0.706019">
        <ele>220.77</ele>
        <time>2023-04-12T08:41:56.491Z</time>
      </trkpt>
      <trkpt lat="41.1634" lon="0.706008">
        <ele>220.61</ele>
        <time>2023-04-12T08:41:56.491Z</time>
      </trkpt>
      <trkpt lat="41.163388" lon="0.706058">
        <ele>219.89</ele>
        <time>2023-04-12T08:41:56.491Z</time>
      </trkpt>
      <trkpt lat="41.163356" lon="0.706195">
        <ele>216.13</ele>
        <time>2023-04-12T08:41:56.491Z</time>
      </trkpt>
      <trkpt lat="41.163364" lon="0.706206">
        <ele>216.07</ele>
        <time>2023-04-12T08:41:56.491Z</time>
      </trkpt>
      <trkpt lat="41.163399" lon="0.7063">
        <ele>213.69</ele>
        <time>2023-04-12T08:41:56.491Z</time>
      </trkpt>
      <trkpt lat="41.163417" lon="0.706323">
        <ele>213.24</ele>
        <time>2023-04-12T08:41:56.491Z</time>
      </trkpt>
      <trkpt lat="41.163455" lon="0.706355">
        <ele>213.02</ele>
        <time>2023-04-12T08:41:56.491Z</time>
      </trkpt>
      <trkpt lat="41.163566" lon="0.706414">
        <ele>213.37</ele>
        <time>2023-04-12T08:41:56.491Z</time>
      </trkpt>
      <trkpt lat="41.163651" lon="0.7065">
        <ele>213</ele>
        <time>2023-04-12T08:41:56.491Z</time>
      </trkpt>
      <trkpt lat="41.163695" lon="0.706567">
        <ele>212.8</ele>
        <time>2023-04-12T08:41:56.491Z</time>
      </trkpt>
      <trkpt lat="41.163882" lon="0.706926">
        <ele>210.52</ele>
        <time>2023-04-12T08:41:56.491Z</time>
      </trkpt>
      <trkpt lat="41.163953" lon="0.707083">
        <ele>209.9</ele>
        <time>2023-04-12T08:41:56.491Z</time>
      </trkpt>
      <trkpt lat="41.163959" lon="0.707134">
        <ele>209.69</ele>
        <time>2023-04-12T08:41:56.491Z</time>
      </trkpt>
      <trkpt lat="41.163945" lon="0.707292">
        <ele>208.78</ele>
        <time>2023-04-12T08:41:56.491Z</time>
      </trkpt>
      <trkpt lat="41.16394" lon="0.707493">
        <ele>208.43</ele>
        <time>2023-04-12T08:41:56.491Z</time>
      </trkpt>
      <trkpt lat="41.163968" lon="0.707554">
        <ele>208.29</ele>
        <time>2023-04-12T08:41:56.491Z</time>
      </trkpt>
      <trkpt lat="41.164005" lon="0.707584">
        <ele>208.13</ele>
        <time>2023-04-12T08:41:56.491Z</time>
      </trkpt>
      <trkpt lat="41.16404" lon="0.707543">
        <ele>208.37</ele>
        <time>2023-04-12T08:41:56.491Z</time>
      </trkpt>
      <trkpt lat="41.164005" lon="0.707584">
        <ele>208.13</ele>
        <time>2023-04-12T08:41:56.491Z</time>
      </trkpt>
      <trkpt lat="41.163774" lon="0.707527">
        <ele>207.24</ele>
        <time>2023-04-12T08:41:56.491Z</time>
      </trkpt>
      <trkpt lat="41.163543" lon="0.707471">
        <ele>201.91</ele>
        <time>2023-04-12T08:41:56.491Z</time>
      </trkpt>
      <trkpt lat="41.163422" lon="0.707176">
        <ele>197.05</ele>
        <time>2023-04-12T08:41:56.491Z</time>
      </trkpt>
      <trkpt lat="41.163301" lon="0.706882">
        <ele>195.72</ele>
        <time>2023-04-12T08:41:56.491Z</time>
      </trkpt>
      <trkpt lat="41.162838" lon="0.70698">
        <ele>185.92</ele>
        <time>2023-04-12T08:41:56.491Z</time>
      </trkpt>
      <trkpt lat="41.162375" lon="0.707078">
        <ele>179.55</ele>
        <time>2023-04-12T08:41:56.491Z</time>
      </trkpt>
      <trkpt lat="41.162617" lon="0.70756">
        <ele>181.16</ele>
        <time>2023-04-12T08:41:56.491Z</time>
      </trkpt>
      <trkpt lat="41.162328" lon="0.707667">
        <ele>182.96</ele>
        <time>2023-04-12T08:41:56.491Z</time>
      </trkpt>
      <trkpt lat="41.16204" lon="0.707774">
        <ele>187.39</ele>
        <time>2023-04-12T08:41:56.491Z</time>
      </trkpt>
      <trkpt lat="41.161745" lon="0.707577">
        <ele>180.45</ele>
        <time>2023-04-12T08:41:56.491Z</time>
      </trkpt>
      <trkpt lat="41.161315" lon="0.707738">
        <ele>175.74</ele>
        <time>2023-04-12T08:41:56.491Z</time>
      </trkpt>
      <trkpt lat="41.160953" lon="0.707684">
        <ele>173.52</ele>
        <time>2023-04-12T08:41:56.491Z</time>
      </trkpt>
      <trkpt lat="41.161208" lon="0.707399">
        <ele>175.3</ele>
        <time>2023-04-12T08:41:56.491Z</time>
      </trkpt>
      <trkpt lat="41.160872" lon="0.707168">
        <ele>176.65</ele>
        <time>2023-04-12T08:41:56.491Z</time>
      </trkpt>
      <trkpt lat="41.160461" lon="0.706585">
        <ele>175.73</ele>
        <time>2023-04-12T08:41:56.491Z</time>
      </trkpt>
      <trkpt lat="41.160362" lon="0.706446">
        <ele>177.91</ele>
        <time>2023-04-12T08:41:56.491Z</time>
      </trkpt>
      <trkpt lat="41.160255" lon="0.706294">
        <ele>180.28</ele>
        <time>2023-04-12T08:41:56.491Z</time>
      </trkpt>
      <trkpt lat="41.159954" lon="0.706311">
        <ele>179.07</ele>
        <time>2023-04-12T08:41:56.491Z</time>
      </trkpt>
      <trkpt lat="41.159654" lon="0.706328">
        <ele>182</ele>
        <time>2023-04-12T08:41:56.491Z</time>
      </trkpt>
      <trkpt lat="41.159515" lon="0.706365">
        <ele>184.71</ele>
        <time>2023-04-12T08:41:56.491Z</time>
      </trkpt>
      <trkpt lat="41.159489" lon="0.706496">
        <ele>182.97</ele>
        <time>2023-04-12T08:41:56.491Z</time>
      </trkpt>
      <trkpt lat="41.159457" lon="0.706652">
        <ele>180.9</ele>
        <time>2023-04-12T08:41:56.491Z</time>
      </trkpt>
      <trkpt lat="41.159422" lon="0.706806">
        <ele>181.03</ele>
        <time>2023-04-12T08:41:56.491Z</time>
      </trkpt>
      <trkpt lat="41.159464" lon="0.707301">
        <ele>170.39</ele>
        <time>2023-04-12T08:41:56.491Z</time>
      </trkpt>
      <trkpt lat="41.159409" lon="0.707844">
        <ele>165.52</ele>
        <time>2023-04-12T08:41:56.491Z</time>
      </trkpt>
      <trkpt lat="41.159377" lon="0.70796">
        <ele>164.83</ele>
        <time>2023-04-12T08:41:56.491Z</time>
      </trkpt>
      <trkpt lat="41.159363" lon="0.708066">
        <ele>163.55</ele>
        <time>2023-04-12T08:41:56.491Z</time>
      </trkpt>
      <trkpt lat="41.159366" lon="0.708174">
        <ele>163.83</ele>
        <time>2023-04-12T08:41:56.491Z</time>
      </trkpt>
      <trkpt lat="41.159357" lon="0.708269">
        <ele>164.85</ele>
        <time>2023-04-12T08:41:56.491Z</time>
      </trkpt>
      <trkpt lat="41.159369" lon="0.708327">
        <ele>166.35</ele>
        <time>2023-04-12T08:41:56.491Z</time>
      </trkpt>
      <trkpt lat="41.159378" lon="0.708577">
        <ele>173.08</ele>
        <time>2023-04-12T08:41:56.491Z</time>
      </trkpt>
      <trkpt lat="41.159195" lon="0.708661">
        <ele>180.33</ele>
        <time>2023-04-12T08:41:56.491Z</time>
      </trkpt>
      <trkpt lat="41.159144" lon="0.70873">
        <ele>182.72</ele>
        <time>2023-04-12T08:41:56.491Z</time>
      </trkpt>
      <trkpt lat="41.159136" lon="0.709228">
        <ele>190.12</ele>
        <time>2023-04-12T08:41:56.491Z</time>
      </trkpt>
      <trkpt lat="41.159116" lon="0.709292">
        <ele>190.62</ele>
        <time>2023-04-12T08:41:56.491Z</time>
      </trkpt>
      <trkpt lat="41.15897" lon="0.709534">
        <ele>196.32</ele>
        <time>2023-04-12T08:41:56.491Z</time>
      </trkpt>
      <trkpt lat="41.15891" lon="0.70972">
        <ele>198.33</ele>
        <time>2023-04-12T08:41:56.491Z</time>
      </trkpt>
      <trkpt lat="41.158896" lon="0.709874">
        <ele>199.78</ele>
        <time>2023-04-12T08:41:56.491Z</time>
      </trkpt>
      <trkpt lat="41.158829" lon="0.710155">
        <ele>202.24</ele>
        <time>2023-04-12T08:41:56.491Z</time>
      </trkpt>
      <trkpt lat="41.158817" lon="0.71026">
        <ele>203.18</ele>
        <time>2023-04-12T08:41:56.491Z</time>
      </trkpt>
      <trkpt lat="41.158798" lon="0.710592">
        <ele>204.91</ele>
        <time>2023-04-12T08:41:56.491Z</time>
      </trkpt>
      <trkpt lat="41.158804" lon="0.710829">
        <ele>205.38</ele>
        <time>2023-04-12T08:41:56.491Z</time>
      </trkpt>
      <trkpt lat="41.158824" lon="0.71098">
        <ele>205.69</ele>
        <time>2023-04-12T08:41:56.491Z</time>
      </trkpt>
      <trkpt lat="41.158956" lon="0.711368">
        <ele>204.94</ele>
        <time>2023-04-12T08:41:56.491Z</time>
      </trkpt>
      <trkpt lat="41.158997" lon="0.711561">
        <ele>205.32</ele>
        <time>2023-04-12T08:41:56.491Z</time>
      </trkpt>
      <trkpt lat="41.159004" lon="0.711703">
        <ele>204.8</ele>
        <time>2023-04-12T08:41:56.491Z</time>
      </trkpt>
      <trkpt lat="41.158983" lon="0.712081">
        <ele>204.28</ele>
        <time>2023-04-12T08:41:56.491Z</time>
      </trkpt>
      <trkpt lat="41.158945" lon="0.712408">
        <ele>204.33</ele>
        <time>2023-04-12T08:41:56.491Z</time>
      </trkpt>
      <trkpt lat="41.158873" lon="0.712749">
        <ele>204.62</ele>
        <time>2023-04-12T08:41:56.491Z</time>
      </trkpt>
      <trkpt lat="41.15877" lon="0.713052">
        <ele>204.98</ele>
        <time>2023-04-12T08:41:56.491Z</time>
      </trkpt>
      <trkpt lat="41.158588" lon="0.713446">
        <ele>205.02</ele>
        <time>2023-04-12T08:41:56.491Z</time>
      </trkpt>
      <trkpt lat="41.158531" lon="0.71362">
        <ele>204.14</ele>
        <time>2023-04-12T08:41:56.491Z</time>
      </trkpt>
      <trkpt lat="41.158444" lon="0.71415">
        <ele>199.83</ele>
        <time>2023-04-12T08:41:56.491Z</time>
      </trkpt>
      <trkpt lat="41.158394" lon="0.714351">
        <ele>199.79</ele>
        <time>2023-04-12T08:41:56.491Z</time>
      </trkpt>
      <trkpt lat="41.158306" lon="0.714514">
        <ele>199.94</ele>
        <time>2023-04-12T08:41:56.491Z</time>
      </trkpt>
      <trkpt lat="41.158192" lon="0.714648">
        <ele>199.88</ele>
        <time>2023-04-12T08:41:56.491Z</time>
      </trkpt>
      <trkpt lat="41.158095" lon="0.714802">
        <ele>199.23</ele>
        <time>2023-04-12T08:41:56.491Z</time>
      </trkpt>
      <trkpt lat="41.158045" lon="0.714928">
        <ele>199.28</ele>
        <time>2023-04-12T08:41:56.491Z</time>
      </trkpt>
      <trkpt lat="41.157968" lon="0.715168">
        <ele>200.24</ele>
        <time>2023-04-12T08:41:56.491Z</time>
      </trkpt>
      <trkpt lat="41.157883" lon="0.715552">
        <ele>200.41</ele>
        <time>2023-04-12T08:41:56.491Z</time>
      </trkpt>
      <trkpt lat="41.157667" lon="0.716379">
        <ele>201.79</ele>
        <time>2023-04-12T08:41:56.491Z</time>
      </trkpt>
      <trkpt lat="41.157579" lon="0.716626">
        <ele>201.3</ele>
        <time>2023-04-12T08:41:56.491Z</time>
      </trkpt>
      <trkpt lat="41.15729" lon="0.717267">
        <ele>197.56</ele>
        <time>2023-04-12T08:41:56.491Z</time>
      </trkpt>
      <trkpt lat="41.157212" lon="0.717491">
        <ele>197.29</ele>
        <time>2023-04-12T08:41:56.491Z</time>
      </trkpt>
      <trkpt lat="41.157178" lon="0.71759">
        <ele>197.42</ele>
        <time>2023-04-12T08:41:56.491Z</time>
      </trkpt>
      <trkpt lat="41.156959" lon="0.718078">
        <ele>195.32</ele>
        <time>2023-04-12T08:41:56.491Z</time>
      </trkpt>
      <trkpt lat="41.15684" lon="0.718442">
        <ele>196.11</ele>
        <time>2023-04-12T08:41:56.491Z</time>
      </trkpt>
      <trkpt lat="41.156792" lon="0.718589">
        <ele>196.42</ele>
        <time>2023-04-12T08:41:56.491Z</time>
      </trkpt>
      <trkpt lat="41.156705" lon="0.718782">
        <ele>196.45</ele>
        <time>2023-04-12T08:41:56.491Z</time>
      </trkpt>
      <trkpt lat="41.156605" lon="0.718915">
        <ele>195.66</ele>
        <time>2023-04-12T08:41:56.491Z</time>
      </trkpt>
      <trkpt lat="41.156442" lon="0.719036">
        <ele>195.52</ele>
        <time>2023-04-12T08:41:56.491Z</time>
      </trkpt>
      <trkpt lat="41.156224" lon="0.71909">
        <ele>194.63</ele>
        <time>2023-04-12T08:41:56.491Z</time>
      </trkpt>
      <trkpt lat="41.156127" lon="0.719145">
        <ele>193.43</ele>
        <time>2023-04-12T08:41:56.491Z</time>
      </trkpt>
      <trkpt lat="41.15597" lon="0.719338">
        <ele>192.41</ele>
        <time>2023-04-12T08:41:56.491Z</time>
      </trkpt>
      <trkpt lat="41.155912" lon="0.719443">
        <ele>191.02</ele>
        <time>2023-04-12T08:41:56.491Z</time>
      </trkpt>
      <trkpt lat="41.155827" lon="0.719765">
        <ele>189.48</ele>
        <time>2023-04-12T08:41:56.491Z</time>
      </trkpt>
      <trkpt lat="41.155487" lon="0.721051">
        <ele>191.92</ele>
        <time>2023-04-12T08:41:56.491Z</time>
      </trkpt>
      <trkpt lat="41.155378" lon="0.721376">
        <ele>189.95</ele>
        <time>2023-04-12T08:41:56.491Z</time>
      </trkpt>
      <trkpt lat="41.155371" lon="0.721504">
        <ele>190.96</ele>
        <time>2023-04-12T08:41:56.491Z</time>
      </trkpt>
      <trkpt lat="41.155385" lon="0.721584">
        <ele>191.3</ele>
        <time>2023-04-12T08:41:56.491Z</time>
      </trkpt>
      <trkpt lat="41.155542" lon="0.721942">
        <ele>190.2</ele>
        <time>2023-04-12T08:41:56.491Z</time>
      </trkpt>
      <trkpt lat="41.155582" lon="0.72211">
        <ele>189.2</ele>
        <time>2023-04-12T08:41:56.491Z</time>
      </trkpt>
      <trkpt lat="41.155629" lon="0.722446">
        <ele>186.66</ele>
        <time>2023-04-12T08:41:56.491Z</time>
      </trkpt>
      <trkpt lat="41.155724" lon="0.722713">
        <ele>184.22</ele>
        <time>2023-04-12T08:41:56.491Z</time>
      </trkpt>
      <trkpt lat="41.155771" lon="0.722915">
        <ele>182.67</ele>
        <time>2023-04-12T08:41:56.491Z</time>
      </trkpt>
      <trkpt lat="41.155806" lon="0.723302">
        <ele>180.21</ele>
        <time>2023-04-12T08:41:56.491Z</time>
      </trkpt>
      <trkpt lat="41.155794" lon="0.723466">
        <ele>177.91</ele>
        <time>2023-04-12T08:41:56.491Z</time>
      </trkpt>
      <trkpt lat="41.155767" lon="0.723578">
        <ele>176.72</ele>
        <time>2023-04-12T08:41:56.491Z</time>
      </trkpt>
      <trkpt lat="41.155681" lon="0.723756">
        <ele>174.96</ele>
        <time>2023-04-12T08:41:56.491Z</time>
      </trkpt>
      <trkpt lat="41.155636" lon="0.723797">
        <ele>175.24</ele>
        <time>2023-04-12T08:41:56.491Z</time>
      </trkpt>
      <trkpt lat="41.155594" lon="0.723835">
        <ele>175.49</ele>
        <time>2023-04-12T08:41:56.491Z</time>
      </trkpt>
      <trkpt lat="41.155371" lon="0.723984">
        <ele>173.5</ele>
        <time>2023-04-12T08:41:56.491Z</time>
      </trkpt>
      <trkpt lat="41.15507" lon="0.724279">
        <ele>170.03</ele>
        <time>2023-04-12T08:41:56.491Z</time>
      </trkpt>
      <trkpt lat="41.154441" lon="0.724525">
        <ele>163.32</ele>
        <time>2023-04-12T08:41:56.491Z</time>
      </trkpt>
      <trkpt lat="41.154207" lon="0.724669">
        <ele>160.78</ele>
        <time>2023-04-12T08:41:56.491Z</time>
      </trkpt>
      <trkpt lat="41.154152" lon="0.724728">
        <ele>160.39</ele>
        <time>2023-04-12T08:41:56.491Z</time>
      </trkpt>
      <trkpt lat="41.153931" lon="0.725055">
        <ele>157.28</ele>
        <time>2023-04-12T08:41:56.491Z</time>
      </trkpt>
      <trkpt lat="41.153846" lon="0.725207">
        <ele>156.23</ele>
        <time>2023-04-12T08:41:56.491Z</time>
      </trkpt>
      <trkpt lat="41.153689" lon="0.725607">
        <ele>151.82</ele>
        <time>2023-04-12T08:41:56.491Z</time>
      </trkpt>
      <trkpt lat="41.153661" lon="0.725768">
        <ele>149.82</ele>
        <time>2023-04-12T08:41:56.491Z</time>
      </trkpt>
      <trkpt lat="41.153633" lon="0.726182">
        <ele>144.55</ele>
        <time>2023-04-12T08:41:56.491Z</time>
      </trkpt>
      <trkpt lat="41.153592" lon="0.726446">
        <ele>140.28</ele>
        <time>2023-04-12T08:41:56.491Z</time>
      </trkpt>
      <trkpt lat="41.15361" lon="0.726718">
        <ele>137.74</ele>
        <time>2023-04-12T08:41:56.491Z</time>
      </trkpt>
      <trkpt lat="41.153594" lon="0.72682">
        <ele>137.37</ele>
        <time>2023-04-12T08:41:56.491Z</time>
      </trkpt>
      <trkpt lat="41.153511" lon="0.726952">
        <ele>137.66</ele>
        <time>2023-04-12T08:41:56.491Z</time>
      </trkpt>
      <trkpt lat="41.153222" lon="0.727165">
        <ele>134.74</ele>
        <time>2023-04-12T08:41:56.491Z</time>
      </trkpt>
      <trkpt lat="41.153046" lon="0.727363">
        <ele>130.3</ele>
        <time>2023-04-12T08:41:56.491Z</time>
      </trkpt>
      <trkpt lat="41.152976" lon="0.727514">
        <ele>127.93</ele>
        <time>2023-04-12T08:41:56.491Z</time>
      </trkpt>
      <trkpt lat="41.15294" lon="0.727658">
        <ele>125.36</ele>
        <time>2023-04-12T08:41:56.491Z</time>
      </trkpt>
      <trkpt lat="41.152926" lon="0.728143">
        <ele>121.47</ele>
        <time>2023-04-12T08:41:56.491Z</time>
      </trkpt>
      <trkpt lat="41.152949" lon="0.728317">
        <ele>119.55</ele>
        <time>2023-04-12T08:41:56.491Z</time>
      </trkpt>
      <trkpt lat="41.152982" lon="0.728398">
        <ele>118.21</ele>
        <time>2023-04-12T08:41:56.491Z</time>
      </trkpt>
      <trkpt lat="41.153301" lon="0.728738">
        <ele>112.2</ele>
        <time>2023-04-12T08:41:56.491Z</time>
      </trkpt>
      <trkpt lat="41.15336" lon="0.728825">
        <ele>112.19</ele>
        <time>2023-04-12T08:41:56.491Z</time>
      </trkpt>
      <trkpt lat="41.153469" lon="0.729069">
        <ele>110.05</ele>
        <time>2023-04-12T08:41:56.491Z</time>
      </trkpt>
      <trkpt lat="41.15356" lon="0.729179">
        <ele>109.14</ele>
        <time>2023-04-12T08:41:56.491Z</time>
      </trkpt>
      <trkpt lat="41.153674" lon="0.729272">
        <ele>108.01</ele>
        <time>2023-04-12T08:41:56.491Z</time>
      </trkpt>
      <trkpt lat="41.153886" lon="0.729393">
        <ele>106.82</ele>
        <time>2023-04-12T08:41:56.491Z</time>
      </trkpt>
      <trkpt lat="41.154122" lon="0.729445">
        <ele>105.95</ele>
        <time>2023-04-12T08:41:56.491Z</time>
      </trkpt>
      <trkpt lat="41.154417" lon="0.729461">
        <ele>105.76</ele>
        <time>2023-04-12T08:41:56.491Z</time>
      </trkpt>
      <trkpt lat="41.154562" lon="0.729515">
        <ele>105.66</ele>
        <time>2023-04-12T08:41:56.491Z</time>
      </trkpt>
      <trkpt lat="41.154895" lon="0.729685">
        <ele>104.61</ele>
        <time>2023-04-12T08:41:56.491Z</time>
      </trkpt>
      <trkpt lat="41.155067" lon="0.729742">
        <ele>104.07</ele>
        <time>2023-04-12T08:41:56.491Z</time>
      </trkpt>
      <trkpt lat="41.15566" lon="0.729878">
        <ele>102.37</ele>
        <time>2023-04-12T08:41:56.491Z</time>
      </trkpt>
      <trkpt lat="41.156185" lon="0.73012">
        <ele>99.18</ele>
        <time>2023-04-12T08:41:56.491Z</time>
      </trkpt>
      <trkpt lat="41.156499" lon="0.730223">
        <ele>98</ele>
        <time>2023-04-12T08:41:56.491Z</time>
      </trkpt>
      <trkpt lat="41.156562" lon="0.730282">
        <ele>98.33</ele>
        <time>2023-04-12T08:41:56.491Z</time>
      </trkpt>
      <trkpt lat="41.156595" lon="0.730384">
        <ele>99.24</ele>
        <time>2023-04-12T08:41:56.491Z</time>
      </trkpt>
      <trkpt lat="41.156571" lon="0.730565">
        <ele>100.11</ele>
        <time>2023-04-12T08:41:56.491Z</time>
      </trkpt>
      <trkpt lat="41.156466" lon="0.730917">
        <ele>100.71</ele>
        <time>2023-04-12T08:41:56.491Z</time>
      </trkpt>
      <trkpt lat="41.156257" lon="0.731507">
        <ele>103.04</ele>
        <time>2023-04-12T08:41:56.491Z</time>
      </trkpt>
      <trkpt lat="41.156222" lon="0.731689">
        <ele>103.77</ele>
        <time>2023-04-12T08:41:56.491Z</time>
      </trkpt>
      <trkpt lat="41.156193" lon="0.732168">
        <ele>104.53</ele>
        <time>2023-04-12T08:41:56.491Z</time>
      </trkpt>
      <trkpt lat="41.156178" lon="0.732273">
        <ele>104.3</ele>
        <time>2023-04-12T08:41:56.491Z</time>
      </trkpt>
      <trkpt lat="41.156092" lon="0.73288">
        <ele>103</ele>
        <time>2023-04-12T08:41:56.491Z</time>
      </trkpt>
      <trkpt lat="41.156046" lon="0.733032">
        <ele>101.58</ele>
        <time>2023-04-12T08:41:56.491Z</time>
      </trkpt>
      <trkpt lat="41.156103" lon="0.733047">
        <ele>101.54</ele>
        <time>2023-04-12T08:41:56.491Z</time>
      </trkpt>
      <trkpt lat="41.156046" lon="0.733032">
        <ele>101.58</ele>
        <time>2023-04-12T08:41:56.491Z</time>
      </trkpt>
      <trkpt lat="41.155253" lon="0.732915">
        <ele>98.86</ele>
        <time>2023-04-12T08:41:56.491Z</time>
      </trkpt>
      <trkpt lat="41.154459" lon="0.732798">
        <ele>91.76</ele>
        <time>2023-04-12T08:41:56.491Z</time>
      </trkpt>
      <trkpt lat="41.154194" lon="0.732726">
        <ele>87.99</ele>
        <time>2023-04-12T08:41:56.491Z</time>
      </trkpt>
      <trkpt lat="41.153902" lon="0.732593">
        <ele>84.46</ele>
        <time>2023-04-12T08:41:56.491Z</time>
      </trkpt>
      <trkpt lat="41.153766" lon="0.732487">
        <ele>83.78</ele>
        <time>2023-04-12T08:41:56.491Z</time>
      </trkpt>
      <trkpt lat="41.153335" lon="0.732153">
        <ele>83.05</ele>
        <time>2023-04-12T08:41:56.491Z</time>
      </trkpt>
      <trkpt lat="41.15302" lon="0.731969">
        <ele>84.3</ele>
        <time>2023-04-12T08:41:56.491Z</time>
      </trkpt>
      <trkpt lat="41.15258" lon="0.73179">
        <ele>82.51</ele>
        <time>2023-04-12T08:41:56.491Z</time>
      </trkpt>
      <trkpt lat="41.152083" lon="0.73151">
        <ele>80.73</ele>
        <time>2023-04-12T08:41:56.491Z</time>
      </trkpt>
      <trkpt lat="41.151829" lon="0.731346">
        <ele>79.81</ele>
        <time>2023-04-12T08:41:56.491Z</time>
      </trkpt>
      <trkpt lat="41.150994" lon="0.730583">
        <ele>77.6</ele>
        <time>2023-04-12T08:41:56.491Z</time>
      </trkpt>
      <trkpt lat="41.150539" lon="0.730064">
        <ele>76.95</ele>
        <time>2023-04-12T08:41:56.491Z</time>
      </trkpt>
      <trkpt lat="41.150396" lon="0.729975">
        <ele>76.08</ele>
        <time>2023-04-12T08:41:56.491Z</time>
      </trkpt>
      <trkpt lat="41.150067" lon="0.729926">
        <ele>75</ele>
        <time>2023-04-12T08:41:56.491Z</time>
      </trkpt>
      <trkpt lat="41.149706" lon="0.729906">
        <ele>75.83</ele>
        <time>2023-04-12T08:41:56.491Z</time>
      </trkpt>
      <trkpt lat="41.149775" lon="0.730224">
        <ele>76.66</ele>
        <time>2023-04-12T08:41:56.491Z</time>
      </trkpt>
      <trkpt lat="41.149764" lon="0.730314">
        <ele>77.34</ele>
        <time>2023-04-12T08:41:56.491Z</time>
      </trkpt>
      <trkpt lat="41.149593" lon="0.730657">
        <ele>81.58</ele>
        <time>2023-04-12T08:41:56.491Z</time>
      </trkpt>
      <trkpt lat="41.149485" lon="0.730786">
        <ele>83.96</ele>
        <time>2023-04-12T08:41:56.491Z</time>
      </trkpt>
      <trkpt lat="41.149455" lon="0.730885">
        <ele>85.7</ele>
        <time>2023-04-12T08:41:56.491Z</time>
      </trkpt>
      <trkpt lat="41.149477" lon="0.730965">
        <ele>86.63</ele>
        <time>2023-04-12T08:41:56.491Z</time>
      </trkpt>
      <trkpt lat="41.149875" lon="0.731555">
        <ele>88.1</ele>
        <time>2023-04-12T08:41:56.491Z</time>
      </trkpt>
      <trkpt lat="41.150264" lon="0.731847">
        <ele>86.48</ele>
        <time>2023-04-12T08:41:56.491Z</time>
      </trkpt>
      <trkpt lat="41.150463" lon="0.732069">
        <ele>86.64</ele>
        <time>2023-04-12T08:41:56.491Z</time>
      </trkpt>
      <trkpt lat="41.150522" lon="0.732199">
        <ele>86.08</ele>
        <time>2023-04-12T08:41:56.491Z</time>
      </trkpt>
      <trkpt lat="41.150565" lon="0.732359">
        <ele>85.9</ele>
        <time>2023-04-12T08:41:56.491Z</time>
      </trkpt>
      <trkpt lat="41.150619" lon="0.732435">
        <ele>86.11</ele>
        <time>2023-04-12T08:41:56.491Z</time>
      </trkpt>
      <trkpt lat="41.150773" lon="0.732414">
        <ele>87.69</ele>
        <time>2023-04-12T08:41:56.491Z</time>
      </trkpt>
      <trkpt lat="41.151243" lon="0.732645">
        <ele>91.48</ele>
        <time>2023-04-12T08:41:56.491Z</time>
      </trkpt>
      <trkpt lat="41.151598" lon="0.732766">
        <ele>92.2</ele>
        <time>2023-04-12T08:41:56.491Z</time>
      </trkpt>
      <trkpt lat="41.151683" lon="0.732724">
        <ele>89.26</ele>
        <time>2023-04-12T08:41:56.491Z</time>
      </trkpt>
      <trkpt lat="41.151833" lon="0.732748">
        <ele>86.34</ele>
        <time>2023-04-12T08:41:56.491Z</time>
      </trkpt>
      <trkpt lat="41.152004" lon="0.732809">
        <ele>82.18</ele>
        <time>2023-04-12T08:41:56.491Z</time>
      </trkpt>
      <trkpt lat="41.152365" lon="0.732871">
        <ele>80.83</ele>
        <time>2023-04-12T08:41:56.491Z</time>
      </trkpt>
      <trkpt lat="41.152627" lon="0.732988">
        <ele>81.51</ele>
        <time>2023-04-12T08:41:56.491Z</time>
      </trkpt>
      <trkpt lat="41.152883" lon="0.733077">
        <ele>81.62</ele>
        <time>2023-04-12T08:41:56.491Z</time>
      </trkpt>
      <trkpt lat="41.1531" lon="0.733212">
        <ele>82.17</ele>
        <time>2023-04-12T08:41:56.491Z</time>
      </trkpt>
      <trkpt lat="41.153274" lon="0.733356">
        <ele>82.11</ele>
        <time>2023-04-12T08:41:56.491Z</time>
      </trkpt>
      <trkpt lat="41.153308" lon="0.733376">
        <ele>82</ele>
        <time>2023-04-12T08:41:56.491Z</time>
      </trkpt>
      <trkpt lat="41.153706" lon="0.733606">
        <ele>80.63</ele>
        <time>2023-04-12T08:41:56.491Z</time>
      </trkpt>
      <trkpt lat="41.15408" lon="0.733866">
        <ele>80.88</ele>
        <time>2023-04-12T08:41:56.491Z</time>
      </trkpt>
      <trkpt lat="41.154569" lon="0.734274">
        <ele>82.22</ele>
        <time>2023-04-12T08:41:56.491Z</time>
      </trkpt>
      <trkpt lat="41.154997" lon="0.734433">
        <ele>83.05</ele>
        <time>2023-04-12T08:41:56.491Z</time>
      </trkpt>
      <trkpt lat="41.154895" lon="0.734591">
        <ele>85.17</ele>
        <time>2023-04-12T08:41:56.491Z</time>
      </trkpt>
      <trkpt lat="41.154838" lon="0.734681">
        <ele>86.37</ele>
        <time>2023-04-12T08:41:56.491Z</time>
      </trkpt>
      <trkpt lat="41.154828" lon="0.734826">
        <ele>88.96</ele>
        <time>2023-04-12T08:41:56.491Z</time>
      </trkpt>
      <trkpt lat="41.154724" lon="0.735066">
        <ele>98.28</ele>
        <time>2023-04-12T08:41:56.491Z</time>
      </trkpt>
      <trkpt lat="41.154888" lon="0.735394">
        <ele>105.87</ele>
        <time>2023-04-12T08:41:56.491Z</time>
      </trkpt>
      <trkpt lat="41.154717" lon="0.7357">
        <ele>118.13</ele>
        <time>2023-04-12T08:41:56.491Z</time>
      </trkpt>
      <trkpt lat="41.154546" lon="0.736006">
        <ele>123.9</ele>
        <time>2023-04-12T08:41:56.491Z</time>
      </trkpt>
      <trkpt lat="41.154526" lon="0.736331">
        <ele>127.04</ele>
        <time>2023-04-12T08:41:56.491Z</time>
      </trkpt>
      <trkpt lat="41.154441" lon="0.736556">
        <ele>129</ele>
        <time>2023-04-12T08:41:56.491Z</time>
      </trkpt>
      <trkpt lat="41.154256" lon="0.736745">
        <ele>133.98</ele>
        <time>2023-04-12T08:41:56.491Z</time>
      </trkpt>
      <trkpt lat="41.15405" lon="0.736685">
        <ele>140.24</ele>
        <time>2023-04-12T08:41:56.491Z</time>
      </trkpt>
      <trkpt lat="41.153888" lon="0.737133">
        <ele>147.95</ele>
        <time>2023-04-12T08:41:56.491Z</time>
      </trkpt>
      <trkpt lat="41.153808" lon="0.73744">
        <ele>151.57</ele>
        <time>2023-04-12T08:41:56.491Z</time>
      </trkpt>
      <trkpt lat="41.153647" lon="0.738055">
        <ele>154.88</ele>
        <time>2023-04-12T08:41:56.491Z</time>
      </trkpt>
      <trkpt lat="41.153577" lon="0.73866">
        <ele>154.07</ele>
        <time>2023-04-12T08:41:56.491Z</time>
      </trkpt>
      <trkpt lat="41.153616" lon="0.739466">
        <ele>153.73</ele>
        <time>2023-04-12T08:41:56.491Z</time>
      </trkpt>
      <trkpt lat="41.153598" lon="0.739556">
        <ele>153.9</ele>
        <time>2023-04-12T08:41:56.491Z</time>
      </trkpt>
      <trkpt lat="41.153555" lon="0.739581">
        <ele>153.96</ele>
        <time>2023-04-12T08:41:56.491Z</time>
      </trkpt>
      <trkpt lat="41.153464" lon="0.739592">
        <ele>153.45</ele>
        <time>2023-04-12T08:41:56.491Z</time>
      </trkpt>
      <trkpt lat="41.153451" lon="0.739696">
        <ele>153.17</ele>
        <time>2023-04-12T08:41:56.491Z</time>
      </trkpt>
      <trkpt lat="41.15346" lon="0.740103">
        <ele>151.69</ele>
        <time>2023-04-12T08:41:56.491Z</time>
      </trkpt>
      <trkpt lat="41.153415" lon="0.740229">
        <ele>151.74</ele>
        <time>2023-04-12T08:41:56.491Z</time>
      </trkpt>
      <trkpt lat="41.153331" lon="0.740372">
        <ele>150.81</ele>
        <time>2023-04-12T08:41:56.491Z</time>
      </trkpt>
      <trkpt lat="41.153338" lon="0.740652">
        <ele>150.4</ele>
        <time>2023-04-12T08:41:56.491Z</time>
      </trkpt>
      <trkpt lat="41.153351" lon="0.740914">
        <ele>151.51</ele>
        <time>2023-04-12T08:41:56.491Z</time>
      </trkpt>
      <trkpt lat="41.153379" lon="0.741144">
        <ele>152.66</ele>
        <time>2023-04-12T08:41:56.491Z</time>
      </trkpt>
      <trkpt lat="41.153359" lon="0.741208">
        <ele>152.94</ele>
        <time>2023-04-12T08:41:56.491Z</time>
      </trkpt>
      <trkpt lat="41.153349" lon="0.741241">
        <ele>153.09</ele>
        <time>2023-04-12T08:41:56.491Z</time>
      </trkpt>
      <trkpt lat="41.153288" lon="0.74127">
        <ele>152.05</ele>
        <time>2023-04-12T08:41:56.491Z</time>
      </trkpt>
      <trkpt lat="41.153271" lon="0.741316">
        <ele>152.19</ele>
        <time>2023-04-12T08:41:56.491Z</time>
      </trkpt>
      <trkpt lat="41.153301" lon="0.741408">
        <ele>154.33</ele>
        <time>2023-04-12T08:41:56.491Z</time>
      </trkpt>
      <trkpt lat="41.153279" lon="0.741474">
        <ele>154.97</ele>
        <time>2023-04-12T08:41:56.491Z</time>
      </trkpt>
      <trkpt lat="41.153282" lon="0.741534">
        <ele>157.63</ele>
        <time>2023-04-12T08:41:56.491Z</time>
      </trkpt>
      <trkpt lat="41.153296" lon="0.74155">
        <ele>158.62</ele>
        <time>2023-04-12T08:41:56.491Z</time>
      </trkpt>
      <trkpt lat="41.153331" lon="0.741558">
        <ele>159.72</ele>
        <time>2023-04-12T08:41:56.491Z</time>
      </trkpt>
      <trkpt lat="41.153447" lon="0.741524">
        <ele>160.79</ele>
        <time>2023-04-12T08:41:56.491Z</time>
      </trkpt>
      <trkpt lat="41.153729" lon="0.741642">
        <ele>166.44</ele>
        <time>2023-04-12T08:41:56.491Z</time>
      </trkpt>
      <trkpt lat="41.153788" lon="0.741759">
        <ele>166.18</ele>
        <time>2023-04-12T08:41:56.491Z</time>
      </trkpt>
      <trkpt lat="41.153847" lon="0.741872">
        <ele>163.21</ele>
        <time>2023-04-12T08:41:56.491Z</time>
      </trkpt>
      <trkpt lat="41.153869" lon="0.741983">
        <ele>160.89</ele>
        <time>2023-04-12T08:41:56.491Z</time>
      </trkpt>
      <trkpt lat="41.153948" lon="0.742096">
        <ele>156.69</ele>
        <time>2023-04-12T08:41:56.491Z</time>
      </trkpt>
      <trkpt lat="41.154055" lon="0.742087">
        <ele>152.95</ele>
        <time>2023-04-12T08:41:56.491Z</time>
      </trkpt>
      <trkpt lat="41.154173" lon="0.742127">
        <ele>150</ele>
        <time>2023-04-12T08:41:56.491Z</time>
      </trkpt>
      <trkpt lat="41.154373" lon="0.742143">
        <ele>145.18</ele>
        <time>2023-04-12T08:41:56.491Z</time>
      </trkpt>
      <trkpt lat="41.154563" lon="0.742294">
        <ele>142.52</ele>
        <time>2023-04-12T08:41:56.491Z</time>
      </trkpt>
      <trkpt lat="41.154732" lon="0.742391">
        <ele>140.6</ele>
        <time>2023-04-12T08:41:56.491Z</time>
      </trkpt>
      <trkpt lat="41.154958" lon="0.742286">
        <ele>137.08</ele>
        <time>2023-04-12T08:41:56.491Z</time>
      </trkpt>
      <trkpt lat="41.1551" lon="0.742353">
        <ele>137.85</ele>
        <time>2023-04-12T08:41:56.491Z</time>
      </trkpt>
      <trkpt lat="41.155151" lon="0.742472">
        <ele>138.6</ele>
        <time>2023-04-12T08:41:56.491Z</time>
      </trkpt>
      <trkpt lat="41.155221" lon="0.742604">
        <ele>139.12</ele>
        <time>2023-04-12T08:41:56.491Z</time>
      </trkpt>
      <trkpt lat="41.155349" lon="0.742649">
        <ele>136.55</ele>
        <time>2023-04-12T08:41:56.491Z</time>
      </trkpt>
      <trkpt lat="41.155511" lon="0.7428">
        <ele>138.42</ele>
        <time>2023-04-12T08:41:56.491Z</time>
      </trkpt>
      <trkpt lat="41.15577" lon="0.743206">
        <ele>138.88</ele>
        <time>2023-04-12T08:41:56.491Z</time>
      </trkpt>
      <trkpt lat="41.156" lon="0.743445">
        <ele>138.32</ele>
        <time>2023-04-12T08:41:56.491Z</time>
      </trkpt>
      <trkpt lat="41.156217" lon="0.743517">
        <ele>133.02</ele>
        <time>2023-04-12T08:41:56.491Z</time>
      </trkpt>
      <trkpt lat="41.156427" lon="0.743742">
        <ele>128.95</ele>
        <time>2023-04-12T08:41:56.491Z</time>
      </trkpt>
      <trkpt lat="41.156477" lon="0.743796">
        <ele>130.03</ele>
        <time>2023-04-12T08:41:56.491Z</time>
      </trkpt>
      <trkpt lat="41.156636" lon="0.743967">
        <ele>133.41</ele>
        <time>2023-04-12T08:41:56.491Z</time>
      </trkpt>
      <trkpt lat="41.156676" lon="0.743853">
        <ele>135.86</ele>
        <time>2023-04-12T08:41:56.491Z</time>
      </trkpt>
      <trkpt lat="41.156821" lon="0.743855">
        <ele>142.41</ele>
        <time>2023-04-12T08:41:56.491Z</time>
      </trkpt>
      <trkpt lat="41.156943" lon="0.74376">
        <ele>145.88</ele>
        <time>2023-04-12T08:41:56.491Z</time>
      </trkpt>
      <trkpt lat="41.156988" lon="0.743778">
        <ele>147.56</ele>
        <time>2023-04-12T08:41:56.491Z</time>
      </trkpt>
      <trkpt lat="41.15699" lon="0.743851">
        <ele>149.45</ele>
        <time>2023-04-12T08:41:56.491Z</time>
      </trkpt>
      <trkpt lat="41.156911" lon="0.74393">
        <ele>148.35</ele>
        <time>2023-04-12T08:41:56.491Z</time>
      </trkpt>
      <trkpt lat="41.156923" lon="0.744015">
        <ele>150.99</ele>
        <time>2023-04-12T08:41:56.491Z</time>
      </trkpt>
      <trkpt lat="41.156995" lon="0.743977">
        <ele>153.39</ele>
        <time>2023-04-12T08:41:56.491Z</time>
      </trkpt>
      <trkpt lat="41.157045" lon="0.74393">
        <ele>153.87</ele>
        <time>2023-04-12T08:41:56.491Z</time>
      </trkpt>
      <trkpt lat="41.157119" lon="0.743936">
        <ele>156.57</ele>
        <time>2023-04-12T08:41:56.491Z</time>
      </trkpt>
      <trkpt lat="41.157293" lon="0.744006">
        <ele>162.47</ele>
        <time>2023-04-12T08:41:56.491Z</time>
      </trkpt>
      <trkpt lat="41.157489" lon="0.743939">
        <ele>165.16</ele>
        <time>2023-04-12T08:41:56.491Z</time>
      </trkpt>
      <trkpt lat="41.157699" lon="0.743794">
        <ele>168.7</ele>
        <time>2023-04-12T08:41:56.491Z</time>
      </trkpt>
      <trkpt lat="41.157787" lon="0.743719">
        <ele>169.68</ele>
        <time>2023-04-12T08:41:56.491Z</time>
      </trkpt>
      <trkpt lat="41.157866" lon="0.744132">
        <ele>171.97</ele>
        <time>2023-04-12T08:41:56.491Z</time>
      </trkpt>
      <trkpt lat="41.157909" lon="0.744566">
        <ele>175.68</ele>
        <time>2023-04-12T08:41:56.491Z</time>
      </trkpt>
      <trkpt lat="41.157993" lon="0.744827">
        <ele>178.11</ele>
        <time>2023-04-12T08:41:56.491Z</time>
      </trkpt>
      <trkpt lat="41.158143" lon="0.745121">
        <ele>181.16</ele>
        <time>2023-04-12T08:41:56.491Z</time>
      </trkpt>
      <trkpt lat="41.158163" lon="0.745294">
        <ele>181.91</ele>
        <time>2023-04-12T08:41:56.491Z</time>
      </trkpt>
      <trkpt lat="41.158168" lon="0.745336">
        <ele>182.09</ele>
        <time>2023-04-12T08:41:56.491Z</time>
      </trkpt>
      <trkpt lat="41.158106" lon="0.745894">
        <ele>184.9</ele>
        <time>2023-04-12T08:41:56.491Z</time>
      </trkpt>
      <trkpt lat="41.158093" lon="0.746374">
        <ele>187.29</ele>
        <time>2023-04-12T08:41:56.491Z</time>
      </trkpt>
      <trkpt lat="41.158183" lon="0.746676">
        <ele>190.77</ele>
        <time>2023-04-12T08:41:56.491Z</time>
      </trkpt>
      <trkpt lat="41.158168" lon="0.746912">
        <ele>191.91</ele>
        <time>2023-04-12T08:41:56.491Z</time>
      </trkpt>
      <trkpt lat="41.158062" lon="0.747259">
        <ele>193.66</ele>
        <time>2023-04-12T08:41:56.491Z</time>
      </trkpt>
      <trkpt lat="41.158037" lon="0.747433">
        <ele>194.3</ele>
        <time>2023-04-12T08:41:56.491Z</time>
      </trkpt>
      <trkpt lat="41.15813" lon="0.747603">
        <ele>196.24</ele>
        <time>2023-04-12T08:41:56.491Z</time>
      </trkpt>
      <trkpt lat="41.158149" lon="0.747748">
        <ele>196.87</ele>
        <time>2023-04-12T08:41:56.491Z</time>
      </trkpt>
      <trkpt lat="41.158152" lon="0.747917">
        <ele>197.79</ele>
        <time>2023-04-12T08:41:56.491Z</time>
      </trkpt>
      <trkpt lat="41.158389" lon="0.748484">
        <ele>204.32</ele>
        <time>2023-04-12T08:41:56.491Z</time>
      </trkpt>
      <trkpt lat="41.158538" lon="0.749129">
        <ele>206.66</ele>
        <time>2023-04-12T08:41:56.491Z</time>
      </trkpt>
      <trkpt lat="41.158573" lon="0.749415">
        <ele>207.44</ele>
        <time>2023-04-12T08:41:56.491Z</time>
      </trkpt>
      <trkpt lat="41.158523" lon="0.749725">
        <ele>207.94</ele>
        <time>2023-04-12T08:41:56.491Z</time>
      </trkpt>
      <trkpt lat="41.158459" lon="0.750046">
        <ele>209.81</ele>
        <time>2023-04-12T08:41:56.491Z</time>
      </trkpt>
      <trkpt lat="41.158367" lon="0.750453">
        <ele>212.96</ele>
        <time>2023-04-12T08:41:56.491Z</time>
      </trkpt>
      <trkpt lat="41.158373" lon="0.750488">
        <ele>213.32</ele>
        <time>2023-04-12T08:41:56.491Z</time>
      </trkpt>
      <trkpt lat="41.158405" lon="0.750677">
        <ele>215.24</ele>
        <time>2023-04-12T08:41:56.491Z</time>
      </trkpt>
      <trkpt lat="41.158514" lon="0.750813">
        <ele>216.11</ele>
        <time>2023-04-12T08:41:56.491Z</time>
      </trkpt>
      <trkpt lat="41.15875" lon="0.750904">
        <ele>214.61</ele>
        <time>2023-04-12T08:41:56.491Z</time>
      </trkpt>
      <trkpt lat="41.158862" lon="0.751107">
        <ele>216.34</ele>
        <time>2023-04-12T08:41:56.491Z</time>
      </trkpt>
      <trkpt lat="41.158996" lon="0.751421">
        <ele>219</ele>
        <time>2023-04-12T08:41:56.491Z</time>
      </trkpt>
      <trkpt lat="41.158984" lon="0.751831">
        <ele>223.5</ele>
        <time>2023-04-12T08:41:56.491Z</time>
      </trkpt>
      <trkpt lat="41.159034" lon="0.75212">
        <ele>223.01</ele>
        <time>2023-04-12T08:41:56.491Z</time>
      </trkpt>
      <trkpt lat="41.159037" lon="0.752472">
        <ele>222.15</ele>
        <time>2023-04-12T08:41:56.491Z</time>
      </trkpt>
      <trkpt lat="41.159012" lon="0.752563">
        <ele>222.69</ele>
        <time>2023-04-12T08:41:56.491Z</time>
      </trkpt>
      <trkpt lat="41.159099" lon="0.752869">
        <ele>218.76</ele>
        <time>2023-04-12T08:41:56.491Z</time>
      </trkpt>
      <trkpt lat="41.159031" lon="0.753295">
        <ele>217.07</ele>
        <time>2023-04-12T08:41:56.491Z</time>
      </trkpt>
      <trkpt lat="41.158993" lon="0.753783">
        <ele>213.33</ele>
        <time>2023-04-12T08:41:56.491Z</time>
      </trkpt>
      <trkpt lat="41.159021" lon="0.754222">
        <ele>215.83</ele>
        <time>2023-04-12T08:41:56.491Z</time>
      </trkpt>
      <trkpt lat="41.159006" lon="0.754574">
        <ele>214.46</ele>
        <time>2023-04-12T08:41:56.491Z</time>
      </trkpt>
      <trkpt lat="41.158934" lon="0.754888">
        <ele>211.97</ele>
        <time>2023-04-12T08:41:56.491Z</time>
      </trkpt>
      <trkpt lat="41.158943" lon="0.755099">
        <ele>211.53</ele>
        <time>2023-04-12T08:41:56.491Z</time>
      </trkpt>
      <trkpt lat="41.159077" lon="0.7555">
        <ele>210.61</ele>
        <time>2023-04-12T08:41:56.491Z</time>
      </trkpt>
      <trkpt lat="41.159105" lon="0.755748">
        <ele>209.95</ele>
        <time>2023-04-12T08:41:56.491Z</time>
      </trkpt>
      <trkpt lat="41.159052" lon="0.756191">
        <ele>210.39</ele>
        <time>2023-04-12T08:41:56.491Z</time>
      </trkpt>
      <trkpt lat="41.159027" lon="0.756547">
        <ele>212.93</ele>
        <time>2023-04-12T08:41:56.491Z</time>
      </trkpt>
      <trkpt lat="41.159006" lon="0.756787">
        <ele>212.03</ele>
        <time>2023-04-12T08:41:56.491Z</time>
      </trkpt>
      <trkpt lat="41.158912" lon="0.757068">
        <ele>212.65</ele>
        <time>2023-04-12T08:41:56.491Z</time>
      </trkpt>
      <trkpt lat="41.158931" lon="0.757329">
        <ele>211.75</ele>
        <time>2023-04-12T08:41:56.491Z</time>
      </trkpt>
      <trkpt lat="41.158981" lon="0.757598">
        <ele>210.26</ele>
        <time>2023-04-12T08:41:56.491Z</time>
      </trkpt>
      <trkpt lat="41.158956" lon="0.757718">
        <ele>208.55</ele>
        <time>2023-04-12T08:41:56.491Z</time>
      </trkpt>
      <trkpt lat="41.158763" lon="0.757763">
        <ele>207.57</ele>
        <time>2023-04-12T08:41:56.491Z</time>
      </trkpt>
      <trkpt lat="41.158666" lon="0.757829">
        <ele>207.4</ele>
        <time>2023-04-12T08:41:56.491Z</time>
      </trkpt>
      <trkpt lat="41.158548" lon="0.75804">
        <ele>209.44</ele>
        <time>2023-04-12T08:41:56.491Z</time>
      </trkpt>
      <trkpt lat="41.158566" lon="0.758086">
        <ele>209.36</ele>
        <time>2023-04-12T08:41:56.491Z</time>
      </trkpt>
      <trkpt lat="41.158635" lon="0.758255">
        <ele>209.06</ele>
        <time>2023-04-12T08:41:56.491Z</time>
      </trkpt>
      <trkpt lat="41.158704" lon="0.758483">
        <ele>211.69</ele>
        <time>2023-04-12T08:41:56.491Z</time>
      </trkpt>
      <trkpt lat="41.158775" lon="0.758669">
        <ele>211.57</ele>
        <time>2023-04-12T08:41:56.491Z</time>
      </trkpt>
      <trkpt lat="41.158685" lon="0.758818">
        <ele>211.64</ele>
        <time>2023-04-12T08:41:56.491Z</time>
      </trkpt>
      <trkpt lat="41.15838" lon="0.758744">
        <ele>213.11</ele>
        <time>2023-04-12T08:41:56.491Z</time>
      </trkpt>
      <trkpt lat="41.158099" lon="0.759008">
        <ele>214.54</ele>
        <time>2023-04-12T08:41:56.491Z</time>
      </trkpt>
      <trkpt lat="41.157888" lon="0.759323">
        <ele>216.33</ele>
        <time>2023-04-12T08:41:56.491Z</time>
      </trkpt>
      <trkpt lat="41.158" lon="0.759443">
        <ele>216.71</ele>
        <time>2023-04-12T08:41:56.491Z</time>
      </trkpt>
      <trkpt lat="41.158221" lon="0.759592">
        <ele>216.29</ele>
        <time>2023-04-12T08:41:56.491Z</time>
      </trkpt>
      <trkpt lat="41.158239" lon="0.75977">
        <ele>217.68</ele>
        <time>2023-04-12T08:41:56.491Z</time>
      </trkpt>
      <trkpt lat="41.158177" lon="0.75996">
        <ele>218.16</ele>
        <time>2023-04-12T08:41:56.491Z</time>
      </trkpt>
      <trkpt lat="41.157919" lon="0.760125">
        <ele>218.7</ele>
        <time>2023-04-12T08:41:56.491Z</time>
      </trkpt>
      <trkpt lat="41.157869" lon="0.760175">
        <ele>219.59</ele>
        <time>2023-04-12T08:41:56.491Z</time>
      </trkpt>
      <trkpt lat="41.157894" lon="0.760729">
        <ele>221.56</ele>
        <time>2023-04-12T08:41:56.491Z</time>
      </trkpt>
      <trkpt lat="41.157987" lon="0.761035">
        <ele>223.08</ele>
        <time>2023-04-12T08:41:56.491Z</time>
      </trkpt>
      <trkpt lat="41.158138" lon="0.76108">
        <ele>222.94</ele>
        <time>2023-04-12T08:41:56.491Z</time>
      </trkpt>
      <trkpt lat="41.158478" lon="0.761048">
        <ele>224.4</ele>
        <time>2023-04-12T08:41:56.491Z</time>
      </trkpt>
      <trkpt lat="41.158831" lon="0.760845">
        <ele>222.65</ele>
        <time>2023-04-12T08:41:56.491Z</time>
      </trkpt>
      <trkpt lat="41.159115" lon="0.760775">
        <ele>222.98</ele>
        <time>2023-04-12T08:41:56.491Z</time>
      </trkpt>
      <trkpt lat="41.159315" lon="0.760459">
        <ele>222.34</ele>
        <time>2023-04-12T08:41:56.491Z</time>
      </trkpt>
      <trkpt lat="41.159682" lon="0.760494">
        <ele>222.61</ele>
        <time>2023-04-12T08:41:56.491Z</time>
      </trkpt>
      <trkpt lat="41.159701" lon="0.760496">
        <ele>222.63</ele>
        <time>2023-04-12T08:41:56.491Z</time>
      </trkpt>
      <trkpt lat="41.159859" lon="0.760573">
        <ele>223.17</ele>
        <time>2023-04-12T08:41:56.491Z</time>
      </trkpt>
      <trkpt lat="41.159934" lon="0.760803">
        <ele>223.25</ele>
        <time>2023-04-12T08:41:56.491Z</time>
      </trkpt>
      <trkpt lat="41.159911" lon="0.761126">
        <ele>223.62</ele>
        <time>2023-04-12T08:41:56.491Z</time>
      </trkpt>
      <trkpt lat="41.159839" lon="0.761439">
        <ele>223</ele>
        <time>2023-04-12T08:41:56.491Z</time>
      </trkpt>
      <trkpt lat="41.159817" lon="0.761775">
        <ele>222.49</ele>
        <time>2023-04-12T08:41:56.491Z</time>
      </trkpt>
      <trkpt lat="41.159895" lon="0.76209">
        <ele>220.86</ele>
        <time>2023-04-12T08:41:56.491Z</time>
      </trkpt>
      <trkpt lat="41.160074" lon="0.762431">
        <ele>222.92</ele>
        <time>2023-04-12T08:41:56.491Z</time>
      </trkpt>
      <trkpt lat="41.16017" lon="0.762493">
        <ele>225.03</ele>
        <time>2023-04-12T08:41:56.491Z</time>
      </trkpt>
      <trkpt lat="41.160449" lon="0.762671">
        <ele>230.17</ele>
        <time>2023-04-12T08:41:56.491Z</time>
      </trkpt>
      <trkpt lat="41.16073" lon="0.762502">
        <ele>226.55</ele>
        <time>2023-04-12T08:41:56.491Z</time>
      </trkpt>
      <trkpt lat="41.160853" lon="0.762388">
        <ele>224.46</ele>
        <time>2023-04-12T08:41:56.491Z</time>
      </trkpt>
      <trkpt lat="41.161324" lon="0.761721">
        <ele>223.73</ele>
        <time>2023-04-12T08:41:56.491Z</time>
      </trkpt>
      <trkpt lat="41.161425" lon="0.76162">
        <ele>223.93</ele>
        <time>2023-04-12T08:41:56.491Z</time>
      </trkpt>
      <trkpt lat="41.161557" lon="0.761631">
        <ele>224</ele>
        <time>2023-04-12T08:41:56.491Z</time>
      </trkpt>
      <trkpt lat="41.161602" lon="0.76169">
        <ele>224</ele>
        <time>2023-04-12T08:41:56.491Z</time>
      </trkpt>
      <trkpt lat="41.16162" lon="0.761772">
        <ele>224</ele>
        <time>2023-04-12T08:41:56.491Z</time>
      </trkpt>
      <trkpt lat="41.161631" lon="0.761823">
        <ele>224</ele>
        <time>2023-04-12T08:41:56.491Z</time>
      </trkpt>
      <trkpt lat="41.161624" lon="0.762009">
        <ele>224.33</ele>
        <time>2023-04-12T08:41:56.491Z</time>
      </trkpt>
      <trkpt lat="41.161655" lon="0.76212">
        <ele>225.41</ele>
        <time>2023-04-12T08:41:56.491Z</time>
      </trkpt>
      <trkpt lat="41.161702" lon="0.762169">
        <ele>226.06</ele>
        <time>2023-04-12T08:41:56.491Z</time>
      </trkpt>
      <trkpt lat="41.161794" lon="0.762199">
        <ele>227.08</ele>
        <time>2023-04-12T08:41:56.491Z</time>
      </trkpt>
      <trkpt lat="41.162005" lon="0.762236">
        <ele>229.57</ele>
        <time>2023-04-12T08:41:56.491Z</time>
      </trkpt>
      <trkpt lat="41.162136" lon="0.762319">
        <ele>232.57</ele>
        <time>2023-04-12T08:41:56.491Z</time>
      </trkpt>
      <trkpt lat="41.162168" lon="0.762412">
        <ele>233.36</ele>
        <time>2023-04-12T08:41:56.491Z</time>
      </trkpt>
      <trkpt lat="41.16217" lon="0.762589">
        <ele>233.22</ele>
        <time>2023-04-12T08:41:56.491Z</time>
      </trkpt>
      <trkpt lat="41.162203" lon="0.762847">
        <ele>234.92</ele>
        <time>2023-04-12T08:41:56.491Z</time>
      </trkpt>
      <trkpt lat="41.162208" lon="0.762935">
        <ele>235.6</ele>
        <time>2023-04-12T08:41:56.491Z</time>
      </trkpt>
      <trkpt lat="41.16225" lon="0.763144">
        <ele>237.24</ele>
        <time>2023-04-12T08:41:56.491Z</time>
      </trkpt>
      <trkpt lat="41.162332" lon="0.763281">
        <ele>238.52</ele>
        <time>2023-04-12T08:41:56.491Z</time>
      </trkpt>
      <trkpt lat="41.16286" lon="0.763812">
        <ele>246.35</ele>
        <time>2023-04-12T08:41:56.491Z</time>
      </trkpt>
      <trkpt lat="41.163225" lon="0.764168">
        <ele>248.78</ele>
        <time>2023-04-12T08:41:56.491Z</time>
      </trkpt>
      <trkpt lat="41.163295" lon="0.764343">
        <ele>250.45</ele>
        <time>2023-04-12T08:41:56.491Z</time>
      </trkpt>
      <trkpt lat="41.163358" lon="0.764502">
        <ele>251.96</ele>
        <time>2023-04-12T08:41:56.491Z</time>
      </trkpt>
      <trkpt lat="41.163442" lon="0.764816">
        <ele>254.34</ele>
        <time>2023-04-12T08:41:56.491Z</time>
      </trkpt>
      <trkpt lat="41.163421" lon="0.764951">
        <ele>255.11</ele>
        <time>2023-04-12T08:41:56.491Z</time>
      </trkpt>
      <trkpt lat="41.16332" lon="0.76502">
        <ele>255.66</ele>
        <time>2023-04-12T08:41:56.491Z</time>
      </trkpt>
      <trkpt lat="41.163182" lon="0.76509">
        <ele>256.43</ele>
        <time>2023-04-12T08:41:56.491Z</time>
      </trkpt>
      <trkpt lat="41.163132" lon="0.765173">
        <ele>258.02</ele>
        <time>2023-04-12T08:41:56.491Z</time>
      </trkpt>
      <trkpt lat="41.16315" lon="0.765285">
        <ele>258.8</ele>
        <time>2023-04-12T08:41:56.491Z</time>
      </trkpt>
      <trkpt lat="41.163207" lon="0.765378">
        <ele>259.36</ele>
        <time>2023-04-12T08:41:56.491Z</time>
      </trkpt>
      <trkpt lat="41.163434" lon="0.765649">
        <ele>262.96</ele>
        <time>2023-04-12T08:41:56.491Z</time>
      </trkpt>
      <trkpt lat="41.163441" lon="0.765708">
        <ele>263.35</ele>
        <time>2023-04-12T08:41:56.491Z</time>
      </trkpt>
      <trkpt lat="41.163468" lon="0.765681">
        <ele>263.41</ele>
        <time>2023-04-12T08:41:56.491Z</time>
      </trkpt>
      <trkpt lat="41.163542" lon="0.76578">
        <ele>264.84</ele>
        <time>2023-04-12T08:41:56.491Z</time>
      </trkpt>
      <trkpt lat="41.163507" lon="0.765831">
        <ele>264.74</ele>
        <time>2023-04-12T08:41:56.491Z</time>
      </trkpt>
    </trkseg>
  </trk>
</gpx>
